User ID,Date,Description,Amount,Transaction_Type,Category,Account Name
2.0,1/1/2018,Amazon,11.11,debit,Shopping,Platinum Card
1.0,1/2/2018,Mortgage Payment,1247.44,debit,Mortgage & Rent,Checking
3.0,1/2/2018,Thai Restaurant,24.22,debit,Restaurants,Silver Card
2.0,1/3/2018,Credit Card Payment,2298.09,credit,Credit Card Payment,Platinum Card
2.0,1/4/2018,Netflix,11.76,debit,Movies & DVDs,Platinum Card
3.0,1/5/2018,American Tavern,25.85,debit,Restaurants,Silver Card
3.0,1/6/2018,Hardware Store,18.45,debit,Home Improvement,Silver Card
1.0,1/8/2018,Gas Company,45.0,debit,Utilities,Checking
3.0,1/8/2018,Hardware Store,15.38,debit,Home Improvement,Silver Card
2.0,1/9/2018,Spotify,10.69,debit,Music,Platinum Card
1.0,1/10/2018,Phone Company,89.46,debit,Mobile Phone,Checking
2.0,1/11/2018,Shell,34.87,debit,Gas & Fuel,Platinum Card
2.0,1/11/2018,Grocery Store,43.54,debit,Groceries,Platinum Card
1.0,1/12/2018,Biweekly Paycheck,2000.0,credit,Paycheck,Checking
2.0,1/13/2018,Pizza Place,32.91,debit,Fast Food,Platinum Card
2.0,1/13/2018,Amazon,39.05,debit,Shopping,Platinum Card
3.0,1/15/2018,Whole Foods Market,44.19,debit,Groceries,Silver Card
3.0,1/15/2018,American Tavern,64.11,debit,Restaurants,Silver Card
1.0,1/16/2018,City Water Charges,35.0,debit,Utilities,Checking
1.0,1/16/2018,Power Company,60.0,debit,Utilities,Checking
1.0,1/19/2018,Biweekly Paycheck,2000.0,credit,Paycheck,Checking
2.0,1/20/2018,Amazon,50.21,debit,Shopping,Platinum Card
2.0,1/22/2018,Credit Card Payment,554.99,credit,Credit Card Payment,Platinum Card
3.0,1/22/2018,Credit Card Payment,309.81,credit,Credit Card Payment,Silver Card
1.0,1/22/2018,Credit Card Payment,554.99,debit,Credit Card Payment,Checking
3.0,1/22/2018,Home Depot Hardware,17.38,debit,Home Improvement,Silver Card
1.0,1/23/2018,Credit Card Payment,309.81,debit,Credit Card Payment,Checking
2.0,1/24/2018,Starbucks Coffee,3.0,debit,Coffee Shops,Platinum Card
1.0,1/25/2018,Internet Service Provider,69.99,debit,Internet,Checking
3.0,1/29/2018,Shell,30.42,debit,Gas & Fuel,Silver Card
3.0,1/29/2018,Thai Restaurant,25.0,debit,Restaurants,Silver Card
2.0,1/29/2018,Brunch Restaurant,17.62,debit,Restaurants,Platinum Card
2.0,2/1/2018,Grocery Store,27.79,debit,Groceries,Platinum Card
2.0,2/1/2018,Amazon,11.11,debit,Shopping,Platinum Card
1.0,2/2/2018,Mortgage Payment,1247.44,debit,Mortgage & Rent,Checking
1.0,2/2/2018,Biweekly Paycheck,2000.0,credit,Paycheck,Checking
2.0,2/3/2018,Japanese Restaurant,57.02,debit,Restaurants,Platinum Card
2.0,2/4/2018,Netflix Subscription,11.76,debit,Movies & DVDs,Platinum Card
2.0,2/5/2018,Credit Card Payment,145.14,credit,Credit Card Payment,Platinum Card
3.0,2/6/2018,Credit Card Payment,154.13,credit,Credit Card Payment,Silver Card
1.0,2/7/2018,Credit Card Payment,154.13,debit,Credit Card Payment,Checking
1.0,2/7/2018,Gas Company,65.0,debit,Utilities,Checking
2.0,2/9/2018,Barbershop,30.0,debit,Haircut,Platinum Card
2.0,2/9/2018,Spotify,10.69,debit,Music,Platinum Card
2.0,2/10/2018,Bojangles,10.66,debit,Fast Food,Platinum Card
2.0,2/11/2018,Fancy Restaurant,106.8,debit,Restaurants,Platinum Card
3.0,2/12/2018,Shell,36.47,debit,Gas & Fuel,Silver Card
1.0,2/12/2018,Phone Company,89.52,debit,Mobile Phone,Checking
3.0,2/14/2018,Brewing Company,14.0,debit,Alcohol & Bars,Silver Card
2.0,2/15/2018,American Tavern,10.0,debit,Restaurants,Platinum Card
1.0,2/15/2018,Power Company,60.0,debit,Utilities,Checking
1.0,2/16/2018,Biweekly Paycheck,2000.0,credit,Paycheck,Checking
3.0,2/16/2018,Brunch Restaurant,8.0,debit,Restaurants,Silver Card
1.0,2/16/2018,City Water Charges,35.0,debit,Utilities,Checking
3.0,2/20/2018,Grocery Store,35.95,debit,Groceries,Silver Card
3.0,2/20/2018,Mexican Restaurant,23.51,debit,Restaurants,Silver Card
2.0,2/21/2018,Starbucks,2.0,debit,Coffee Shops,Platinum Card
3.0,2/22/2018,Starbucks,4.0,debit,Coffee Shops,Silver Card
2.0,2/26/2018,Credit Card Payment,765.37,credit,Credit Card Payment,Platinum Card
3.0,2/26/2018,Credit Card Payment,156.11,credit,Credit Card Payment,Silver Card
1.0,2/26/2018,Credit Card Payment,765.37,debit,Credit Card Payment,Checking
1.0,2/26/2018,Internet Service Provider,74.99,debit,Internet,Checking
3.0,2/26/2018,American Tavern,85.52,debit,Restaurants,Silver Card
3.0,2/26/2018,Gas Station,32.21,debit,Gas & Fuel,Silver Card
1.0,2/27/2018,Credit Card Payment,156.11,debit,Credit Card Payment,Checking
3.0,3/1/2018,Grocery Store,32.07,debit,Groceries,Silver Card
2.0,3/1/2018,Amazon,13.13,debit,Shopping,Platinum Card
1.0,3/2/2018,Mortgage Payment,1247.44,debit,Mortgage & Rent,Checking
1.0,3/2/2018,TechCorp Salary,2000.0,credit,Paycheck,Checking
3.0,3/3/2018,Whole Foods Market,23.74,debit,Groceries,Silver Card
2.0,3/4/2018,Grocery Store,10.69,debit,Groceries,Platinum Card
2.0,3/4/2018,Netflix Subscription,11.76,debit,Movies & DVDs,Platinum Card
2.0,3/4/2018,BBQ Restaurant,42.24,debit,Restaurants,Platinum Card
2.0,3/5/2018,Starbucks,3.0,debit,Coffee Shops,Platinum Card
3.0,3/5/2018,Credit Card Payment,761.59,credit,Credit Card Payment,Silver Card
1.0,3/5/2018,Credit Card Payment,761.59,debit,Credit Card Payment,Checking
2.0,3/7/2018,Starbucks Coffee,3.5,debit,Coffee Shops,Platinum Card
2.0,3/8/2018,BP,34.9,debit,Gas & Fuel,Platinum Card
1.0,3/8/2018,Gas Company,52.0,debit,Utilities,Checking
2.0,3/9/2018,Whole Foods Market,20.72,debit,Groceries,Platinum Card
2.0,3/9/2018,Grocery Store,5.09,debit,Groceries,Platinum Card
2.0,3/9/2018,Spotify,10.69,debit,Music,Platinum Card
2.0,3/12/2018,Grocery Store,19.35,debit,Groceries,Platinum Card
1.0,3/12/2018,Phone Company,89.52,debit,Mobile Phone,Checking
2.0,3/13/2018,Amazon,45.75,debit,Shopping,Platinum Card
2.0,3/14/2018,Whole Foods Market,22.5,debit,Groceries,Platinum Card
2.0,3/14/2018,Brunch Restaurant,8.49,debit,Restaurants,Platinum Card
2.0,3/15/2018,Starbucks,3.5,debit,Coffee Shops,Platinum Card
1.0,3/15/2018,Power Company,60.0,debit,Utilities,Checking
1.0,3/16/2018,Biweekly Paycheck,2000.0,credit,Paycheck,Checking
3.0,3/17/2018,Brewing Company,19.5,debit,Alcohol & Bars,Silver Card
2.0,3/17/2018,Pizza Place,23.34,debit,Fast Food,Platinum Card
3.0,3/19/2018,Mediterranean Restaurant,36.48,debit,Restaurants,Silver Card
1.0,3/19/2018,City Water Charges,35.0,debit,Utilities,Checking
2.0,3/20/2018,Amazon,14.97,debit,Shopping,Platinum Card
3.0,3/22/2018,BP,30.55,debit,Gas & Fuel,Silver Card
2.0,3/23/2018,Credit Card Payment,559.91,credit,Credit Card Payment,Platinum Card
1.0,3/23/2018,Credit Card Payment,559.91,debit,Credit Card Payment,Checking
3.0,3/23/2018,Grocery Store,11.76,debit,Groceries,Silver Card
1.0,3/26/2018,Internet Service Provider,74.99,debit,Internet,Checking
3.0,3/28/2018,Grocery Store,16.06,debit,Groceries,Silver Card
3.0,3/28/2018,Pizza Place,24.98,debit,Restaurants,Silver Card
3.0,3/29/2018,Steakhouse,17.64,debit,Restaurants,Silver Card
3.0,3/30/2018,Grocery Store,9.09,debit,Groceries,Silver Card
1.0,3/30/2018,Biweekly Paycheck,2000.0,credit,Paycheck,Checking
2.0,3/31/2018,Belgian Restaurant,38.32,debit,Restaurants,Platinum Card
2.0,3/31/2018,Chili's,24.74,debit,Restaurants,Platinum Card
3.0,3/31/2018,Greek Restaurant,41.16,debit,Restaurants,Silver Card
2.0,4/1/2018,Grocery Store,80.79,debit,Groceries,Platinum Card
2.0,4/1/2018,Brewing Company,59.48,debit,Restaurants,Platinum Card
2.0,4/1/2018,Amazon,13.13,debit,Shopping,Platinum Card
3.0,4/2/2018,Credit Card Payment,817.14,credit,Credit Card Payment,Silver Card
1.0,4/2/2018,Credit Card Payment,817.14,debit,Credit Card Payment,Checking
2.0,4/2/2018,Whole Foods Market,82.36,debit,Groceries,Platinum Card
2.0,4/2/2018,Hardware Store,13.89,debit,Home Improvement,Platinum Card
1.0,4/2/2018,Mortgage Payment,1247.44,debit,Mortgage & Rent,Checking
2.0,4/3/2018,Amazon Video,6.41,debit,Movies & DVDs,Platinum Card
2.0,4/4/2018,Credit Card Payment,363.08,credit,Credit Card Payment,Platinum Card
1.0,4/4/2018,Credit Card Payment,363.08,debit,Credit Card Payment,Checking
2.0,4/4/2018,Netflix,11.76,debit,Movies & DVDs,Platinum Card
2.0,4/6/2018,Chevron,4.58,debit,Gas & Fuel,Platinum Card
2.0,4/6/2018,Tiny Deli,9.76,debit,Restaurants,Platinum Card
2.0,4/8/2018,Irish Pub,22.0,debit,Restaurants,Platinum Card
3.0,4/9/2018,Blue Sky Market,6.48,debit,Groceries,Silver Card
2.0,4/9/2018,Spotify,10.69,debit,Music,Platinum Card
1.0,4/9/2018,Gas Company,30.0,debit,Utilities,Checking
1.0,4/11/2018,Phone Company,89.52,debit,Mobile Phone,Checking
2.0,4/12/2018,Starbucks Coffee,7.0,debit,Coffee Shops,Platinum Card
2.0,4/12/2018,Barbershop,30.0,debit,Haircut,Platinum Card
2.0,4/13/2018,BP,37.98,debit,Gas & Fuel,Platinum Card
1.0,4/13/2018,Biweekly Paycheck,2000.0,credit,Paycheck,Checking
2.0,4/13/2018,American Tavern,10.66,debit,Restaurants,Platinum Card
2.0,4/14/2018,Home Depot Hardware,11.61,debit,Home Improvement,Platinum Card
2.0,4/14/2018,American Tavern,41.0,debit,Restaurants,Platinum Card
1.0,4/16/2018,State Farm,75.0,debit,Auto Insurance,Checking
1.0,4/16/2018,City Water Charges,35.0,debit,Utilities,Checking
1.0,4/18/2018,Power Company,60.0,debit,Utilities,Checking
3.0,4/20/2018,Thai Restaurant,24.22,debit,Restaurants,Silver Card
3.0,4/21/2018,Whole Foods Market,4.32,debit,Groceries,Silver Card
3.0,4/21/2018,American Tavern,35.15,debit,Restaurants,Silver Card
2.0,4/22/2018,Whole Foods Market,21.32,debit,Groceries,Platinum Card
3.0,4/23/2018,Home Depot Hardware,42.7,debit,Home Improvement,Silver Card
2.0,4/24/2018,Home Depot Hardware,224.7,debit,Home Improvement,Platinum Card
2.0,4/24/2018,Amazon,41.34,debit,Shopping,Platinum Card
3.0,4/25/2018,Home Depot Hardware,210.79,debit,Home Improvement,Silver Card
1.0,4/25/2018,Internet Service Provider,74.99,debit,Internet,Checking
3.0,4/26/2018,Credit Card Payment,769.72,credit,Credit Card Payment,Silver Card
2.0,4/26/2018,Credit Card Payment,1216.94,credit,Credit Card Payment,Platinum Card
1.0,4/26/2018,Credit Card Payment,1216.94,debit,Credit Card Payment,Checking
1.0,4/27/2018,Credit Card Payment,769.72,debit,Credit Card Payment,Checking
1.0,4/27/2018,Biweekly Paycheck,2000.0,credit,Paycheck,Checking
3.0,4/28/2018,Grocery Store,22.98,debit,Groceries,Silver Card
2.0,4/29/2018,QuikTrip,39.0,debit,Gas & Fuel,Platinum Card
2.0,4/29/2018,Whole Foods Market,51.05,debit,Groceries,Platinum Card
2.0,4/29/2018,Hardware Store,68.47,debit,Home Improvement,Platinum Card
2.0,4/30/2018,Whole Foods Market,5.09,debit,Groceries,Platinum Card
2.0,5/1/2018,Amazon,13.13,debit,Shopping,Platinum Card
1.0,5/2/2018,Mortgage Payment,1247.44,debit,Mortgage & Rent,Checking
2.0,5/3/2018,Amazon,49.72,debit,Shopping,Platinum Card
2.0,5/4/2018,Grocery Store,42.23,debit,Groceries,Platinum Card
2.0,5/4/2018,Netflix Subscription,11.76,debit,Movies & DVDs,Platinum Card
2.0,5/5/2018,Bojangles,7.27,debit,Fast Food,Platinum Card
2.0,5/5/2018,Pizza Place,20.52,debit,Fast Food,Platinum Card
2.0,5/6/2018,Hardware Store,22.37,debit,Home Improvement,Platinum Card
2.0,5/6/2018,Amazon,117.69,debit,Shopping,Platinum Card
2.0,5/9/2018,Credit Card Payment,601.4,credit,Credit Card Payment,Platinum Card
1.0,5/9/2018,Credit Card Payment,601.4,debit,Credit Card Payment,Checking
2.0,5/9/2018,Spotify,10.69,debit,Music,Platinum Card
1.0,5/9/2018,Gas Company,30.0,debit,Utilities,Checking
1.0,5/10/2018,Phone Company,111.18,debit,Mobile Phone,Checking
2.0,5/11/2018,Whole Foods Market,57.32,debit,Groceries,Platinum Card
1.0,5/11/2018,TechCorp Salary,2000.0,credit,Paycheck,Checking
1.0,5/11/2018,Mike's Construction Co.,8000.0,debit,Home Improvement,Checking
2.0,5/12/2018,Liquor Store,27.77,debit,Alcohol & Bars,Platinum Card
2.0,5/12/2018,Shell,33.3,debit,Gas & Fuel,Platinum Card
2.0,5/12/2018,Fancy Restaurant,78.0,debit,Restaurants,Platinum Card
3.0,5/14/2018,Grocery Store,67.63,debit,Groceries,Silver Card
1.0,5/15/2018,Power Company,60.0,debit,Utilities,Checking
3.0,5/17/2018,Barbershop,29.0,debit,Haircut,Silver Card
1.0,5/17/2018,City Water Charges,35.0,debit,Utilities,Checking
1.0,5/18/2018,State Farm,75.0,debit,Auto Insurance,Checking
2.0,5/18/2018,Amazon,6.41,debit,Shopping,Platinum Card
2.0,5/19/2018,Credit Card Payment,207.08,credit,Credit Card Payment,Platinum Card
3.0,5/19/2018,Grocery Store,31.0,debit,Groceries,Silver Card
3.0,5/19/2018,Greek Restaurant,23.26,debit,Restaurants,Silver Card
3.0,5/21/2018,Credit Card Payment,283.07,credit,Credit Card Payment,Silver Card
3.0,5/21/2018,Thai Restaurant,26.04,debit,Restaurants,Silver Card
2.0,5/21/2018,Amazon,32.5,debit,Shopping,Platinum Card
1.0,5/22/2018,Credit Card Payment,283.07,debit,Credit Card Payment,Checking
3.0,5/24/2018,BP,39.44,debit,Gas & Fuel,Silver Card
1.0,5/25/2018,Internet Service Provider,74.99,debit,Internet,Checking
1.0,5/25/2018,TechCorp Salary,2000.0,credit,Paycheck,Checking
3.0,5/28/2018,Movie Theater,9.62,debit,Entertainment,Silver Card
3.0,5/28/2018,Whole Foods Market,91.03,debit,Groceries,Silver Card
3.0,5/29/2018,Movie Theater,20.0,debit,Movies & DVDs,Silver Card
3.0,5/29/2018,Movie Theater,6.25,debit,Movies & DVDs,Silver Card
2.0,6/1/2018,BP,38.63,debit,Gas & Fuel,Platinum Card
2.0,6/1/2018,Whole Foods Market,6.11,debit,Groceries,Platinum Card
2.0,6/1/2018,Amazon,13.13,debit,Shopping,Platinum Card
3.0,6/2/2018,Credit Card Payment,235.18,credit,Credit Card Payment,Silver Card
2.0,6/2/2018,Credit Card Payment,466.36,credit,Credit Card Payment,Platinum Card
2.0,6/3/2018,Italian Restaurant,65.81,debit,Restaurants,Platinum Card
1.0,6/4/2018,Credit Card Payment,235.18,debit,Credit Card Payment,Checking
2.0,6/4/2018,Grocery Store,24.12,debit,Groceries,Platinum Card
1.0,6/4/2018,Mortgage Payment,1247.44,debit,Mortgage & Rent,Checking
2.0,6/4/2018,Netflix,11.76,debit,Movies & DVDs,Platinum Card
2.0,6/6/2018,Starbucks Coffee,4.0,debit,Coffee Shops,Platinum Card
1.0,6/8/2018,TechCorp Salary,2000.0,credit,Paycheck,Checking
1.0,6/8/2018,Gas Company,30.0,debit,Utilities,Checking
2.0,6/9/2018,Chick-Fil-A,16.18,debit,Fast Food,Platinum Card
2.0,6/9/2018,Grocery Store,9.56,debit,Groceries,Platinum Card
2.0,6/9/2018,Spotify,10.69,debit,Music,Platinum Card
2.0,6/10/2018,Grocery Store,46.01,debit,Groceries,Platinum Card
2.0,6/12/2018,Grocery Store,12.55,debit,Groceries,Platinum Card
1.0,6/12/2018,Phone Company,89.46,debit,Mobile Phone,Checking
2.0,6/14/2018,Credit Card Payment,283.44,credit,Credit Card Payment,Platinum Card
1.0,6/14/2018,Credit Card Payment,283.44,debit,Credit Card Payment,Checking
2.0,6/14/2018,Whole Foods Market,7.02,debit,Groceries,Platinum Card
1.0,6/15/2018,Power Company,60.0,debit,Utilities,Checking
2.0,6/16/2018,Starbucks Coffee,3.0,debit,Coffee Shops,Platinum Card
2.0,6/16/2018,Pizza Place,22.66,debit,Fast Food,Platinum Card
2.0,6/16/2018,Grocery Store,13.9,debit,Groceries,Platinum Card
1.0,6/18/2018,City Water Charges,35.0,debit,Utilities,Checking
2.0,6/19/2018,Shell,38.52,debit,Gas & Fuel,Platinum Card
2.0,6/19/2018,Grocery Store,2.69,debit,Groceries,Platinum Card
1.0,6/20/2018,State Farm,75.0,debit,Auto Insurance,Checking
3.0,6/20/2018,Credit Card Payment,89.45,credit,Credit Card Payment,Silver Card
3.0,6/20/2018,Barbershop,30.0,debit,Haircut,Silver Card
1.0,6/21/2018,Credit Card Payment,89.45,debit,Credit Card Payment,Checking
1.0,6/22/2018,TechCorp Salary,2000.0,credit,Paycheck,Checking
3.0,6/23/2018,Brunch Restaurant,8.5,debit,Restaurants,Silver Card
2.0,6/23/2018,Amazon,74.97,debit,Shopping,Platinum Card
2.0,6/25/2018,Credit Card Payment,942.76,credit,Credit Card Payment,Platinum Card
1.0,6/25/2018,Credit Card Payment,942.76,debit,Credit Card Payment,Checking
1.0,6/25/2018,Internet Service Provider,74.99,debit,Internet,Checking
3.0,6/26/2018,Grocery Store,9.62,debit,Groceries,Silver Card
3.0,6/27/2018,Starbucks Coffee,3.5,debit,Coffee Shops,Silver Card
2.0,6/27/2018,Pizza Place,22.66,debit,Fast Food,Platinum Card
3.0,6/28/2018,Whole Foods Market,7.57,debit,Groceries,Silver Card
2.0,7/1/2018,Amazon,13.13,debit,Shopping,Platinum Card
1.0,7/2/2018,Mortgage Payment,1247.44,debit,Mortgage & Rent,Checking
3.0,7/2/2018,Movie Theater,25.0,debit,Movies & DVDs,Silver Card
3.0,7/2/2018,American Tavern,36.44,debit,Restaurants,Silver Card
3.0,7/4/2018,BP,34.48,debit,Gas & Fuel,Silver Card
2.0,7/4/2018,Netflix,11.76,debit,Movies & DVDs,Platinum Card
3.0,7/5/2018,Grocery Store,44.25,debit,Groceries,Silver Card
2.0,7/5/2018,Amazon,212.32,debit,Shopping,Platinum Card
2.0,7/6/2018,Amazon Video,6.41,debit,Movies & DVDs,Platinum Card
1.0,7/6/2018,Biweekly Paycheck,2000.0,credit,Paycheck,Checking
2.0,7/8/2018,Credit Card Payment,259.87,credit,Credit Card Payment,Platinum Card
3.0,7/9/2018,Credit Card Payment,242.16,credit,Credit Card Payment,Silver Card
1.0,7/9/2018,Credit Card Payment,259.87,debit,Credit Card Payment,Checking
2.0,7/9/2018,Spotify,10.69,debit,Music,Platinum Card
1.0,7/10/2018,Credit Card Payment,242.16,debit,Credit Card Payment,Checking
3.0,7/10/2018,Whole Foods Market,5.39,debit,Groceries,Silver Card
1.0,7/10/2018,Gas Company,30.0,debit,Utilities,Checking
1.0,7/11/2018,Phone Company,89.46,debit,Mobile Phone,Checking
3.0,7/14/2018,Go Mart,33.51,debit,Gas & Fuel,Silver Card
2.0,7/15/2018,Circle K,36.24,debit,Gas & Fuel,Platinum Card
3.0,7/17/2018,Wendy's,15.23,debit,Fast Food,Silver Card
1.0,7/17/2018,City Water Charges,35.0,debit,Utilities,Checking
1.0,7/17/2018,Power Company,60.0,debit,Utilities,Checking
2.0,7/18/2018,Irish Restaurant,28.54,debit,Alcohol & Bars,Platinum Card
1.0,7/18/2018,State Farm,75.0,debit,Auto Insurance,Checking
3.0,7/20/2018,Credit Card Payment,61.43,credit,Credit Card Payment,Silver Card
2.0,7/20/2018,Credit Card Payment,102.88,credit,Credit Card Payment,Platinum Card
1.0,7/20/2018,Credit Card Payment,102.88,debit,Credit Card Payment,Checking
1.0,7/20/2018,Biweekly Paycheck,2000.0,credit,Paycheck,Checking
2.0,7/21/2018,Grocery Store,28.93,debit,Groceries,Platinum Card
2.0,7/21/2018,Barbershop,30.0,debit,Haircut,Platinum Card
1.0,7/23/2018,Credit Card Payment,61.43,debit,Credit Card Payment,Checking
2.0,7/23/2018,Starbucks,9.58,debit,Fast Food,Platinum Card
2.0,7/24/2018,American Tavern,26.59,debit,Restaurants,Platinum Card
1.0,7/25/2018,Internet Service Provider,74.99,debit,Internet,Checking
3.0,7/26/2018,Conoco,33.67,debit,Gas & Fuel,Silver Card
3.0,7/28/2018,Whole Foods Market,7.61,debit,Groceries,Silver Card
3.0,7/30/2018,American Tavern,34.38,debit,Restaurants,Silver Card
3.0,7/31/2018,Brewing Company,6.6,debit,Alcohol & Bars,Silver Card
2.0,8/1/2018,Amazon,13.13,debit,Shopping,Platinum Card
2.0,8/2/2018,Credit Card Payment,816.27,credit,Credit Card Payment,Platinum Card
3.0,8/2/2018,Shell,40.44,debit,Gas & Fuel,Silver Card
1.0,8/2/2018,Mortgage Payment,1247.44,debit,Mortgage & Rent,Checking
3.0,8/3/2018,Grocery Store,6.27,debit,Groceries,Silver Card
1.0,8/3/2018,TechCorp Salary,2000.0,credit,Paycheck,Checking
2.0,8/4/2018,Netflix Subscription,11.76,debit,Movies & DVDs,Platinum Card
2.0,8/6/2018,Amazon,76.47,debit,Shopping,Platinum Card
2.0,8/9/2018,Spotify,10.69,debit,Music,Platinum Card
1.0,8/9/2018,Gas Company,30.0,debit,Utilities,Checking
1.0,8/10/2018,Phone Company,89.4,debit,Mobile Phone,Checking
2.0,8/11/2018,Chick-Fil-A,13.67,debit,Fast Food,Platinum Card
2.0,8/11/2018,Valero,33.66,debit,Gas & Fuel,Platinum Card
3.0,8/15/2018,Credit Card Payment,269.56,credit,Credit Card Payment,Silver Card
2.0,8/15/2018,Credit Card Payment,159.38,credit,Credit Card Payment,Platinum Card
2.0,8/15/2018,Shell,41.07,debit,Gas & Fuel,Platinum Card
2.0,8/15/2018,Grocery Store,5.64,debit,Groceries,Platinum Card
1.0,8/15/2018,Power Company,60.0,debit,Utilities,Checking
1.0,8/16/2018,Credit Card Payment,269.56,debit,Credit Card Payment,Checking
1.0,8/16/2018,City Water Charges,35.0,debit,Utilities,Checking
1.0,8/17/2018,TechCorp Salary,2000.0,credit,Paycheck,Checking
2.0,8/17/2018,Amazon,14.98,debit,Shopping,Platinum Card
2.0,8/18/2018,Amazon,23.47,debit,Shopping,Platinum Card
1.0,8/20/2018,State Farm,75.0,debit,Auto Insurance,Checking
3.0,8/21/2018,Credit Card Payment,34.18,credit,Credit Card Payment,Silver Card
2.0,8/21/2018,Credit Card Payment,99.76,credit,Credit Card Payment,Platinum Card
1.0,8/21/2018,Credit Card Payment,99.76,debit,Credit Card Payment,Checking
1.0,8/22/2018,Credit Card Payment,34.18,debit,Credit Card Payment,Checking
2.0,8/24/2018,American Tavern,42.31,debit,Restaurants,Platinum Card
1.0,8/27/2018,Internet Service Provider,74.99,debit,Internet,Checking
2.0,8/30/2018,Shell,35.65,debit,Gas & Fuel,Platinum Card
2.0,8/31/2018,Whole Foods Market,11.64,debit,Groceries,Platinum Card
1.0,8/31/2018,TechCorp Salary,2000.0,credit,Paycheck,Checking
2.0,9/1/2018,Brewing Company,47.4,debit,Alcohol & Bars,Platinum Card
2.0,9/1/2018,Amazon,13.13,debit,Shopping,Platinum Card
2.0,9/2/2018,Amazon,109.83,debit,Shopping,Platinum Card
2.0,9/4/2018,Credit Card Payment,687.29,credit,Credit Card Payment,Platinum Card
1.0,9/4/2018,Credit Card Payment,687.29,debit,Credit Card Payment,Checking
1.0,9/4/2018,Mortgage Payment,1247.44,debit,Mortgage & Rent,Checking
2.0,9/4/2018,Netflix Subscription,11.76,debit,Movies & DVDs,Platinum Card
1.0,9/7/2018,Gas Company,30.0,debit,Utilities,Checking
2.0,9/9/2018,Brewing Company,18.0,debit,Alcohol & Bars,Platinum Card
2.0,9/9/2018,Spotify,10.69,debit,Music,Platinum Card
2.0,9/11/2018,BP,38.86,debit,Gas & Fuel,Platinum Card
2.0,9/11/2018,Grocery Store,7.87,debit,Groceries,Platinum Card
2.0,9/12/2018,Grocery Store,47.16,debit,Groceries,Platinum Card
1.0,9/12/2018,Phone Company,89.4,debit,Mobile Phone,Checking
2.0,9/13/2018,Grocery Store,5.64,debit,Groceries,Platinum Card
2.0,9/14/2018,Credit Card Payment,134.34,credit,Credit Card Payment,Platinum Card
1.0,9/14/2018,Biweekly Paycheck,2000.0,credit,Paycheck,Checking
2.0,9/17/2018,Grocery Store,10.17,debit,Groceries,Platinum Card
2.0,9/17/2018,Whole Foods Market,8.8,debit,Groceries,Platinum Card
1.0,9/17/2018,City Water Charges,35.0,debit,Utilities,Checking
2.0,9/18/2018,Grocery Store,4.32,debit,Groceries,Platinum Card
1.0,9/18/2018,Power Company,60.0,debit,Utilities,Checking
1.0,9/19/2018,State Farm,75.0,debit,Auto Insurance,Checking
2.0,9/19/2018,Barbershop,30.0,debit,Haircut,Platinum Card
2.0,9/20/2018,Amazon,47.38,debit,Shopping,Platinum Card
2.0,9/22/2018,Hardware Store,69.4,debit,Home Improvement,Platinum Card
2.0,9/22/2018,Hardware Store,6.83,debit,Home Improvement,Platinum Card
1.0,9/25/2018,Internet Service Provider,74.99,debit,Internet,Checking
3.0,9/25/2018,Sushi Restaurant,48.64,debit,Restaurants,Silver Card
2.0,9/26/2018,Starbucks Coffee,5.0,debit,Coffee Shops,Platinum Card
3.0,9/26/2018,Exxon,38.0,debit,Gas & Fuel,Silver Card
2.0,9/27/2018,Valero,40.71,debit,Gas & Fuel,Platinum Card
3.0,9/28/2018,Credit Card Payment,128.12,credit,Credit Card Payment,Silver Card
2.0,9/28/2018,Credit Card Payment,284.96,credit,Credit Card Payment,Platinum Card
1.0,9/28/2018,Credit Card Payment,284.96,debit,Credit Card Payment,Checking
2.0,9/28/2018,Grocery Store,13.36,debit,Groceries,Platinum Card
1.0,9/28/2018,Biweekly Paycheck,2000.0,credit,Paycheck,Checking
2.0,9/29/2018,Greek Restaurant,23.26,debit,Restaurants,Platinum Card
2.0,9/29/2018,German Restaurant,46.7,debit,Restaurants,Platinum Card
2.0,10/1/2018,Starbucks,3.0,debit,Coffee Shops,Platinum Card
1.0,10/1/2018,Credit Card Payment,128.12,debit,Credit Card Payment,Checking
2.0,10/1/2018,Whole Foods Market,15.66,debit,Groceries,Platinum Card
2.0,10/1/2018,Amazon,13.13,debit,Shopping,Platinum Card
2.0,10/2/2018,Credit Card Payment,124.03,credit,Credit Card Payment,Platinum Card
1.0,10/2/2018,Credit Card Payment,124.03,debit,Credit Card Payment,Checking
1.0,10/2/2018,Mortgage Payment,1209.18,debit,Mortgage & Rent,Checking
2.0,10/4/2018,Netflix,11.76,debit,Movies & DVDs,Platinum Card
3.0,10/6/2018,American Tavern,27.0,debit,Restaurants,Silver Card
3.0,10/8/2018,Shell,38.06,debit,Gas & Fuel,Silver Card
3.0,10/8/2018,Home Depot Hardware,80.65,debit,Home Improvement,Silver Card
3.0,10/8/2018,Hardware Store,31.2,debit,Home Improvement,Silver Card
2.0,10/9/2018,Spotify,10.69,debit,Music,Platinum Card
2.0,10/9/2018,Amazon,19.98,debit,Shopping,Platinum Card
1.0,10/9/2018,Gas Company,30.0,debit,Utilities,Checking
3.0,10/10/2018,Grocery Store,53.68,debit,Groceries,Silver Card
1.0,10/11/2018,Phone Company,89.4,debit,Mobile Phone,Checking
1.0,10/12/2018,Biweekly Paycheck,2000.0,credit,Paycheck,Checking
1.0,10/16/2018,Power Company,60.0,debit,Utilities,Checking
1.0,10/17/2018,City Water Charges,35.0,debit,Utilities,Checking
1.0,10/18/2018,State Farm,75.0,debit,Auto Insurance,Checking
2.0,10/18/2018,Grocery Store,33.55,debit,Groceries,Platinum Card
2.0,10/18/2018,Hardware Store,45.24,debit,Home Improvement,Platinum Card
2.0,10/18/2018,Brunch Restaurant,8.0,debit,Restaurants,Platinum Card
2.0,10/21/2018,Credit Card Payment,544.37,credit,Credit Card Payment,Platinum Card
3.0,10/22/2018,Credit Card Payment,353.83,credit,Credit Card Payment,Silver Card
1.0,10/22/2018,Credit Card Payment,353.83,debit,Credit Card Payment,Checking
2.0,10/22/2018,BP,34.66,debit,Gas & Fuel,Platinum Card
2.0,10/23/2018,Grocery Store,7.57,debit,Groceries,Platinum Card
1.0,10/25/2018,Internet Service Provider,74.99,debit,Internet,Checking
2.0,10/25/2018,Amazon,29.98,debit,Shopping,Platinum Card
1.0,10/26/2018,TechCorp Salary,2000.0,credit,Paycheck,Checking
3.0,10/27/2018,American Tavern,25.4,debit,Restaurants,Silver Card
2.0,10/28/2018,Brewing Company,12.71,debit,Alcohol & Bars,Platinum Card
2.0,10/28/2018,Seafood Restaurant,14.75,debit,Food & Dining,Platinum Card
2.0,10/28/2018,Whole Foods Market,92.49,debit,Groceries,Platinum Card
2.0,10/28/2018,Italian Restaurant,54.0,debit,Restaurants,Platinum Card
2.0,10/31/2018,Grocery Store,5.64,debit,Groceries,Platinum Card
2.0,11/1/2018,Amazon,13.13,debit,Shopping,Platinum Card
2.0,11/2/2018,Credit Card Payment,262.51,credit,Credit Card Payment,Platinum Card
1.0,11/2/2018,Credit Card Payment,262.51,debit,Credit Card Payment,Checking
1.0,11/2/2018,Mortgage Payment,1209.18,debit,Mortgage & Rent,Checking
2.0,11/3/2018,Pizza Place,23.66,debit,Fast Food,Platinum Card
2.0,11/4/2018,Netflix Subscription,11.76,debit,Movies & DVDs,Platinum Card
2.0,11/5/2018,Shell,36.51,debit,Gas & Fuel,Platinum Card
2.0,11/6/2018,Amazon,53.95,debit,Shopping,Platinum Card
1.0,11/6/2018,Gas Company,30.0,debit,Utilities,Checking
2.0,11/8/2018,Whole Foods Market,5.64,debit,Groceries,Platinum Card
2.0,11/9/2018,Spotify,10.69,debit,Music,Platinum Card
1.0,11/9/2018,Biweekly Paycheck,2000.0,credit,Paycheck,Checking
2.0,11/10/2018,Brewing Company,27.0,debit,Alcohol & Bars,Platinum Card
2.0,11/10/2018,Chick-Fil-A,14.19,debit,Fast Food,Platinum Card
2.0,11/10/2018,Food Truck,24.4,debit,Groceries,Platinum Card
2.0,11/12/2018,Whole Foods Market,10.18,debit,Groceries,Platinum Card
3.0,11/12/2018,American Tavern,22.33,debit,Restaurants,Silver Card
2.0,11/13/2018,Whole Foods Market,4.8,debit,Groceries,Platinum Card
2.0,11/13/2018,Whole Foods Market,37.43,debit,Groceries,Platinum Card
2.0,11/13/2018,Whole Foods Market,10.15,debit,Groceries,Platinum Card
1.0,11/13/2018,Phone Company,89.54,debit,Mobile Phone,Checking
1.0,11/14/2018,Power Company,60.0,debit,Utilities,Checking
1.0,11/16/2018,City Water Charges,35.0,debit,Utilities,Checking
2.0,11/17/2018,Brewing Company,22.8,debit,Alcohol & Bars,Platinum Card
2.0,11/17/2018,Home Depot Hardware,15.47,debit,Home Improvement,Platinum Card
2.0,11/17/2018,Home Depot Hardware,6.4,debit,Home Improvement,Platinum Card
2.0,11/17/2018,Greek Restaurant,23.26,debit,Restaurants,Platinum Card
3.0,11/19/2018,Brewing Company,20.0,debit,Alcohol & Bars,Silver Card
3.0,11/19/2018,QuikTrip,29.15,debit,Gas & Fuel,Silver Card
3.0,11/19/2018,Home Depot Hardware,10.02,debit,Home Improvement,Silver Card
1.0,11/20/2018,State Farm,75.0,debit,Auto Insurance,Checking
2.0,11/20/2018,Credit Card Payment,421.96,credit,Credit Card Payment,Platinum Card
3.0,11/21/2018,Whole Foods Market,5.64,debit,Groceries,Silver Card
2.0,11/21/2018,Hardware Store,37.41,debit,Home Improvement,Platinum Card
1.0,11/23/2018,Biweekly Paycheck,2000.0,credit,Paycheck,Checking
3.0,11/26/2018,American Tavern,16.8,debit,Alcohol & Bars,Silver Card
1.0,11/26/2018,Internet Service Provider,74.99,debit,Internet,Checking
3.0,11/27/2018,Movie Theater,17.0,debit,Movies & DVDs,Silver Card
3.0,11/27/2018,American Tavern,28.4,debit,Restaurants,Silver Card
3.0,11/29/2018,Credit Card Payment,582.99,credit,Credit Card Payment,Silver Card
2.0,11/29/2018,Credit Card Payment,751.5,credit,Credit Card Payment,Platinum Card
1.0,11/30/2018,Credit Card Payment,582.99,debit,Credit Card Payment,Checking
3.0,11/30/2018,Grocery Store,6.27,debit,Groceries,Silver Card
3.0,12/1/2018,Whole Foods Market,5.64,debit,Groceries,Silver Card
3.0,12/1/2018,Brunch Restaurant,8.0,debit,Restaurants,Silver Card
2.0,12/1/2018,Amazon,13.13,debit,Shopping,Platinum Card
3.0,12/3/2018,BP,30.03,debit,Gas & Fuel,Silver Card
3.0,12/3/2018,Whole Foods Market,148.15,debit,Groceries,Silver Card
1.0,12/3/2018,Mortgage Payment,1209.18,debit,Mortgage & Rent,Checking
3.0,12/4/2018,Starbucks Coffee,3.0,debit,Coffee Shops,Silver Card
2.0,12/4/2018,Latin Restaurant,20.65,debit,Fast Food,Platinum Card
2.0,12/4/2018,Netflix Subscription,11.76,debit,Movies & DVDs,Platinum Card
2.0,12/6/2018,Whole Foods Market,21.38,debit,Groceries,Platinum Card
2.0,12/6/2018,Whole Foods Market,13.48,debit,Groceries,Platinum Card
1.0,12/6/2018,Gas Company,40.0,debit,Utilities,Checking
2.0,12/7/2018,Barbershop,30.0,debit,Haircut,Platinum Card
1.0,12/7/2018,Biweekly Paycheck,2000.0,credit,Paycheck,Checking
2.0,12/8/2018,Grocery Store,12.64,debit,Groceries,Platinum Card
2.0,12/9/2018,Spotify,10.69,debit,Music,Platinum Card
2.0,12/11/2018,Brunch Restaurant,10.29,debit,Restaurants,Platinum Card
1.0,12/12/2018,Phone Company,89.54,debit,Mobile Phone,Checking
3.0,12/13/2018,Thai Restaurant,27.0,debit,Restaurants,Silver Card
3.0,12/14/2018,Whole Foods Market,21.39,debit,Groceries,Silver Card
3.0,12/14/2018,Hardware Store,17.1,debit,Home Improvement,Silver Card
1.0,12/14/2018,Power Company,60.0,debit,Utilities,Checking
3.0,12/17/2018,American Tavern,63.0,debit,Food & Dining,Silver Card
3.0,12/17/2018,BP,20.01,debit,Gas & Fuel,Silver Card
1.0,12/17/2018,City Water Charges,35.0,debit,Utilities,Checking
3.0,12/18/2018,Starbucks Coffee,3.0,debit,Coffee Shops,Silver Card
2.0,12/18/2018,Credit Card Payment,311.02,credit,Credit Card Payment,Platinum Card
1.0,12/18/2018,Credit Card Payment,311.02,debit,Credit Card Payment,Checking
3.0,12/18/2018,Fancy Restaurant,56.52,debit,Restaurants,Silver Card
2.0,12/18/2018,Amazon,49.99,debit,Shopping,Platinum Card
2.0,12/18/2018,Amazon,41.72,debit,Shopping,Platinum Card
2.0,12/18/2018,Amazon,24.3,debit,Shopping,Platinum Card
1.0,12/19/2018,State Farm,75.0,debit,Auto Insurance,Checking
2.0,12/19/2018,Amazon,43.01,debit,Shopping,Platinum Card
3.0,12/20/2018,Credit Card Payment,464.03,credit,Credit Card Payment,Silver Card
3.0,12/20/2018,Shell,30.38,debit,Gas & Fuel,Silver Card
1.0,12/21/2018,Credit Card Payment,464.03,debit,Credit Card Payment,Checking
1.0,12/21/2018,TechCorp Salary,2000.0,credit,Paycheck,Checking
2.0,12/22/2018,New York Deli,21.38,debit,Fast Food,Platinum Card
2.0,12/22/2018,Hardware Store,22.14,debit,Home Improvement,Platinum Card
2.0,12/23/2018,Home Depot Hardware,28.0,debit,Home Improvement,Platinum Card
2.0,12/24/2018,Hardware Store,38.4,debit,Home Improvement,Platinum Card
2.0,12/26/2018,Chick-Fil-A,56.07,debit,Fast Food,Platinum Card
2.0,12/26/2018,Shell,32.47,debit,Gas & Fuel,Platinum Card
2.0,12/26/2018,Shell,7.48,debit,Gas & Fuel,Platinum Card
1.0,12/26/2018,Internet Service Provider,75.99,debit,Internet,Checking
2.0,12/26/2018,Amazon,44.99,debit,Shopping,Platinum Card
3.0,12/28/2018,Brewing Company,12.0,debit,Alcohol & Bars,Silver Card
3.0,12/29/2018,Brewing Company,14.0,debit,Alcohol & Bars,Silver Card
2.0,12/29/2018,Credit Card Payment,860.05,credit,Credit Card Payment,Platinum Card
3.0,12/29/2018,Whole Foods Market,55.04,debit,Groceries,Silver Card
2.0,1/1/2019,Amazon,13.09,debit,Shopping,Platinum Card
1.0,1/2/2019,Credit Card Payment,499.6,debit,Credit Card Payment,Checking
1.0,1/3/2019,Mortgage Payment,1100.0,debit,Mortgage & Rent,Checking
2.0,1/3/2019,Amazon,42.1,debit,Shopping,Platinum Card
1.0,1/4/2019,TechCorp Salary,2000.0,credit,Paycheck,Checking
2.0,1/5/2019,American Tavern,23.49,debit,Restaurants,Platinum Card
1.0,1/8/2019,Gas Company,45.0,debit,Utilities,Checking
2.0,1/9/2019,Credit Card Payment,491.45,credit,Credit Card Payment,Platinum Card
1.0,1/9/2019,Credit Card Payment,491.45,debit,Credit Card Payment,Checking
1.0,1/9/2019,Credit Card Payment,281.84,debit,Credit Card Payment,Checking
2.0,1/9/2019,Spotify,10.69,debit,Music,Platinum Card
3.0,1/10/2019,Grocery Store,58.79,debit,Groceries,Silver Card
3.0,1/10/2019,Barbershop,30.0,debit,Haircut,Silver Card
1.0,1/10/2019,Phone Company,65.0,debit,Mobile Phone,Checking
3.0,1/14/2019,Shell,28.92,debit,Gas & Fuel,Silver Card
3.0,1/15/2019,Grocery Store,6.06,debit,Groceries,Silver Card
1.0,1/16/2019,City Water Charges,35.0,debit,Utilities,Checking
1.0,1/16/2019,Power Company,60.0,debit,Utilities,Checking
1.0,1/18/2019,State Farm,75.0,debit,Auto Insurance,Checking
1.0,1/18/2019,TechCorp Salary,2000.0,credit,Paycheck,Checking
3.0,1/21/2019,Credit Card Payment,277.99,credit,Credit Card Payment,Silver Card
1.0,1/22/2019,Credit Card Payment,277.99,debit,Credit Card Payment,Checking
3.0,1/24/2019,Whole Foods Market,21.06,debit,Groceries,Silver Card
2.0,1/24/2019,Amazon,11.7,debit,Shopping,Platinum Card
2.0,1/24/2019,Amazon,4.21,debit,Shopping,Platinum Card
1.0,1/25/2019,Internet Service Provider,75.0,debit,Internet,Checking
1.0,1/31/2019,Credit Card Payment,1900.0,debit,Credit Card Payment,Checking
3.0,1/31/2019,Shell,31.32,debit,Gas & Fuel,Silver Card
1.0,2/1/2019,TechCorp Salary,2000.0,credit,Paycheck,Checking
3.0,2/1/2019,Roadside Diner,9.47,debit,Restaurants,Silver Card
2.0,2/1/2019,Amazon,13.09,debit,Shopping,Platinum Card
3.0,2/4/2019,Hardware Store,86.97,debit,Home Improvement,Silver Card
2.0,2/4/2019,Netflix,11.76,debit,Television,Platinum Card
1.0,2/5/2019,Mortgage Payment,1100.0,debit,Mortgage & Rent,Checking
1.0,2/7/2019,Gas Company,65.0,debit,Utilities,Checking
2.0,2/8/2019,Starbucks Coffee,3.0,debit,Coffee Shops,Platinum Card
2.0,2/8/2019,Thai Restaurant,27.47,debit,Restaurants,Platinum Card
2.0,2/9/2019,Spotify,10.69,debit,Music,Platinum Card
2.0,2/11/2019,Starbucks Coffee,3.0,debit,Coffee Shops,Platinum Card
1.0,2/11/2019,Credit Card Payment,133.95,debit,Credit Card Payment,Checking
2.0,2/11/2019,BP,24.01,debit,Gas & Fuel,Platinum Card
2.0,2/12/2019,Whole Foods Market,30.54,debit,Groceries,Platinum Card
1.0,2/12/2019,Phone Company,65.0,debit,Mobile Phone,Checking
2.0,2/13/2019,Whole Foods Market,8.21,debit,Groceries,Platinum Card
2.0,2/15/2019,Credit Card Payment,207.47,credit,Credit Card Payment,Platinum Card
1.0,2/15/2019,Credit Card Payment,207.47,debit,Credit Card Payment,Checking
2.0,2/15/2019,Grocery Store,4.59,debit,Groceries,Platinum Card
1.0,2/15/2019,TechCorp Salary,2000.0,credit,Paycheck,Checking
1.0,2/15/2019,Power Company,60.0,debit,Utilities,Checking
2.0,2/16/2019,Brewing Company,8.0,debit,Alcohol & Bars,Platinum Card
2.0,2/16/2019,American Tavern,32.75,debit,Restaurants,Platinum Card
2.0,2/16/2019,Amazon,37.45,debit,Shopping,Platinum Card
1.0,2/19/2019,Credit Card Payment,574.84,debit,Credit Card Payment,Checking
1.0,2/19/2019,City Water Charges,35.0,debit,Utilities,Checking
1.0,2/20/2019,State Farm,75.0,debit,Auto Insurance,Checking
3.0,2/20/2019,Credit Card Payment,292.54,credit,Credit Card Payment,Silver Card
2.0,2/20/2019,Barbershop,30.0,debit,Haircut,Platinum Card
1.0,2/21/2019,Credit Card Payment,292.54,debit,Credit Card Payment,Checking
3.0,2/21/2019,Whole Foods Market,46.96,debit,Groceries,Silver Card
3.0,2/25/2019,BP,33.8,debit,Gas & Fuel,Silver Card
1.0,2/25/2019,Internet Service Provider,75.0,debit,Internet,Checking
3.0,2/27/2019,Roadside Diner,25.77,debit,Restaurants,Silver Card
3.0,2/28/2019,Grocery Store,32.07,debit,Groceries,Silver Card
1.0,3/1/2019,Biweekly Paycheck,2000.0,credit,Paycheck,Checking
2.0,3/1/2019,Amazon,13.09,debit,Shopping,Platinum Card
3.0,3/4/2019,Whole Foods Market,92.04,debit,Groceries,Silver Card
1.0,3/4/2019,Mortgage Payment,1100.0,debit,Mortgage & Rent,Checking
2.0,3/4/2019,Netflix Subscription,11.76,debit,Television,Platinum Card
3.0,3/5/2019,Fancy Restaurant,7.0,debit,Restaurants,Silver Card
1.0,3/6/2019,Credit Card Payment,491.86,debit,Credit Card Payment,Checking
2.0,3/8/2019,BP,34.08,debit,Gas & Fuel,Platinum Card
2.0,3/8/2019,Amazon,27.17,debit,Shopping,Platinum Card
1.0,3/8/2019,Gas Company,49.0,debit,Utilities,Checking
2.0,3/9/2019,Spotify,10.69,debit,Music,Platinum Card
1.0,3/12/2019,Phone Company,65.0,debit,Mobile Phone,Checking
2.0,3/12/2019,Bakery Place,3.02,debit,Restaurants,Platinum Card
2.0,3/13/2019,Credit Card Payment,532.86,credit,Credit Card Payment,Platinum Card
3.0,3/13/2019,Credit Card Payment,301.79,credit,Credit Card Payment,Silver Card
1.0,3/14/2019,Credit Card Payment,305.27,debit,Credit Card Payment,Checking
1.0,3/14/2019,Credit Card Payment,301.79,debit,Credit Card Payment,Checking
2.0,3/14/2019,Brunch Restaurant,8.0,debit,Restaurants,Platinum Card
1.0,3/15/2019,TechCorp Salary,2000.0,credit,Paycheck,Checking
1.0,3/15/2019,Power Company,60.0,debit,Utilities,Checking
2.0,3/18/2019,Best Buy,320.99,debit,Electronics & Software,Platinum Card
2.0,3/18/2019,Whole Foods Market,16.23,debit,Groceries,Platinum Card
2.0,3/19/2019,Amazon,13.84,debit,Shopping,Platinum Card
1.0,3/19/2019,City Water Charges,35.0,debit,Utilities,Checking
1.0,3/20/2019,State Farm,75.0,debit,Auto Insurance,Checking
2.0,3/22/2019,BP,37.51,debit,Gas & Fuel,Platinum Card
2.0,3/23/2019,Starbucks Coffee,5.2,debit,Coffee Shops,Platinum Card
1.0,3/25/2019,Internet Service Provider,75.0,debit,Internet,Checking
2.0,3/26/2019,Amazon,16.04,debit,Shopping,Platinum Card
2.0,3/27/2019,Brewing Company,49.63,debit,Alcohol & Bars,Platinum Card
2.0,3/27/2019,Whole Foods Market,4.46,debit,Groceries,Platinum Card
1.0,3/29/2019,Biweekly Paycheck,2000.0,credit,Paycheck,Checking
2.0,3/30/2019,Starbucks Coffee,12.84,debit,Coffee Shops,Platinum Card
2.0,3/31/2019,Credit Card Payment,957.6,credit,Credit Card Payment,Platinum Card
1.0,4/1/2019,Credit Card Payment,1552.65,debit,Credit Card Payment,Checking
2.0,4/1/2019,Credit Card Payment,600.51,credit,Credit Card Payment,Platinum Card
2.0,4/1/2019,Amazon,13.09,debit,Shopping,Platinum Card
1.0,4/2/2019,Mortgage Payment,1100.0,debit,Mortgage & Rent,Checking
2.0,4/4/2019,Whole Foods Market,5.64,debit,Groceries,Platinum Card
2.0,4/4/2019,Amazon,35.9,debit,Shopping,Platinum Card
2.0,4/4/2019,Netflix,11.76,debit,Television,Platinum Card
2.0,4/6/2019,Amazon,27.54,debit,Shopping,Platinum Card
1.0,4/8/2019,Gas Company,30.0,debit,Utilities,Checking
1.0,4/9/2019,Credit Card Payment,436.75,debit,Credit Card Payment,Checking
2.0,4/9/2019,Grocery Store,10.7,debit,Groceries,Platinum Card
2.0,4/9/2019,Barbershop,30.0,debit,Haircut,Platinum Card
2.0,4/9/2019,Spotify,10.69,debit,Music,Platinum Card
1.0,4/10/2019,Phone Company,65.0,debit,Mobile Phone,Checking
3.0,4/12/2019,Best Buy,44.93,debit,Electronics & Software,Silver Card
2.0,4/12/2019,Grocery Store,41.34,debit,Groceries,Platinum Card
1.0,4/12/2019,TechCorp Salary,2000.0,credit,Paycheck,Checking
2.0,4/13/2019,QuikTrip,38.94,debit,Gas & Fuel,Platinum Card
2.0,4/13/2019,Whole Foods Market,16.87,debit,Groceries,Platinum Card
2.0,4/13/2019,Vietnamese Restaurant,20.64,debit,Restaurants,Platinum Card
1.0,4/15/2019,Power Company,60.0,debit,Utilities,Checking
1.0,4/16/2019,City Water Charges,35.0,debit,Utilities,Checking
1.0,4/18/2019,State Farm,75.0,debit,Auto Insurance,Checking
3.0,4/18/2019,Credit Card Payment,604.32,credit,Credit Card Payment,Silver Card
2.0,4/18/2019,Credit Card Payment,458.1,credit,Credit Card Payment,Platinum Card
1.0,4/19/2019,Credit Card Payment,604.32,debit,Credit Card Payment,Checking
2.0,4/19/2019,Whole Foods Market,10.89,debit,Groceries,Platinum Card
3.0,4/22/2019,Brewing Company,14.4,debit,Alcohol & Bars,Silver Card
3.0,4/22/2019,Greek Restaurant,64.52,debit,Restaurants,Silver Card
3.0,4/23/2019,Hardware Store,29.56,debit,Home Improvement,Silver Card
1.0,4/25/2019,Internet Service Provider,75.0,debit,Internet,Checking
1.0,4/26/2019,TechCorp Salary,2000.0,credit,Paycheck,Checking
2.0,4/27/2019,Brewing Company,40.0,debit,Alcohol & Bars,Platinum Card
3.0,4/27/2019,Credit Card Payment,268.96,credit,Credit Card Payment,Silver Card
3.0,4/27/2019,American Tavern,14.74,debit,Restaurants,Silver Card
1.0,4/29/2019,Credit Card Payment,268.96,debit,Credit Card Payment,Checking
2.0,4/29/2019,Whole Foods Market,5.64,debit,Groceries,Platinum Card
2.0,4/30/2019,BP,39.08,debit,Gas & Fuel,Platinum Card
2.0,5/1/2019,Amazon,13.09,debit,Shopping,Platinum Card
1.0,5/2/2019,Mortgage Payment,1100.0,debit,Mortgage & Rent,Checking
1.0,5/3/2019,Credit Card Payment,758.07,debit,Credit Card Payment,Checking
2.0,5/4/2019,Netflix,13.9,debit,Television,Platinum Card
2.0,5/6/2019,Amazon,16.94,debit,Shopping,Platinum Card
2.0,5/7/2019,Amazon,38.56,debit,Shopping,Platinum Card
2.0,5/9/2019,Best Buy,331.69,debit,Electronics & Software,Platinum Card
2.0,5/9/2019,Spotify,10.69,debit,Music,Platinum Card
2.0,5/9/2019,Target,3.2,debit,Shopping,Platinum Card
1.0,5/9/2019,Gas Company,30.0,debit,Utilities,Checking
3.0,5/10/2019,Best Buy,21.39,debit,Electronics & Software,Silver Card
1.0,5/10/2019,Phone Company,65.0,debit,Mobile Phone,Checking
1.0,5/10/2019,Biweekly Paycheck,2000.0,credit,Paycheck,Checking
1.0,5/13/2019,Credit Card Payment,480.88,debit,Credit Card Payment,Checking
3.0,5/13/2019,QuikTrip,35.24,debit,Gas & Fuel,Silver Card
3.0,5/13/2019,Fancy Restaurant,98.19,debit,Restaurants,Silver Card
3.0,5/13/2019,Greek Restaurant,23.11,debit,Restaurants,Silver Card
3.0,5/14/2019,Whole Foods Market,2.02,debit,Groceries,Silver Card
1.0,5/15/2019,Power Company,60.0,debit,Utilities,Checking
2.0,5/17/2019,Credit Card Payment,575.33,credit,Credit Card Payment,Platinum Card
1.0,5/17/2019,City Water Charges,35.0,debit,Utilities,Checking
1.0,5/20/2019,State Farm,75.0,debit,Auto Insurance,Checking
1.0,5/20/2019,Credit Card Payment,415.47,debit,Credit Card Payment,Checking
3.0,5/20/2019,American Tavern,32.53,debit,Restaurants,Silver Card
3.0,5/24/2019,Credit Card Payment,765.68,credit,Credit Card Payment,Silver Card
2.0,5/24/2019,Hardware Store,27.96,debit,Home Improvement,Platinum Card
1.0,5/24/2019,TechCorp Salary,2000.0,credit,Paycheck,Checking
2.0,5/24/2019,Brunch Restaurant,8.0,debit,Restaurants,Platinum Card
2.0,5/25/2019,QuikTrip,36.76,debit,Gas & Fuel,Platinum Card
2.0,5/25/2019,Hardware Store,30.99,debit,Home Improvement,Platinum Card
2.0,5/27/2019,Mexican Restaurant,34.33,debit,Restaurants,Platinum Card
1.0,5/28/2019,Credit Card Payment,765.68,debit,Credit Card Payment,Checking
1.0,5/30/2019,Internet Service Provider,75.0,debit,Internet,Checking
2.0,5/30/2019,American Tavern,34.82,debit,Restaurants,Platinum Card
2.0,6/1/2019,Amazon,13.09,debit,Shopping,Platinum Card
2.0,6/3/2019,Starbucks,2.75,debit,Coffee Shops,Platinum Card
2.0,6/3/2019,Credit Card Payment,260.95,credit,Credit Card Payment,Platinum Card
1.0,6/3/2019,Mortgage Payment,1100.0,debit,Mortgage & Rent,Checking
2.0,6/4/2019,Barbershop,30.0,debit,Haircut,Platinum Card
2.0,6/4/2019,Netflix Subscription,13.9,debit,Television,Platinum Card
2.0,6/5/2019,Grocery Store,23.0,debit,Groceries,Platinum Card
2.0,6/5/2019,Mexican Restaurant,23.24,debit,Restaurants,Platinum Card
2.0,6/6/2019,Starbucks Coffee,3.75,debit,Coffee Shops,Platinum Card
2.0,6/6/2019,Whole Foods Market,5.64,debit,Groceries,Platinum Card
1.0,6/7/2019,Credit Card Payment,458.56,debit,Credit Card Payment,Checking
1.0,6/7/2019,TechCorp Salary,2000.0,credit,Paycheck,Checking
1.0,6/7/2019,Gas Company,30.0,debit,Utilities,Checking
2.0,6/9/2019,Spotify,10.69,debit,Music,Platinum Card
1.0,6/12/2019,Phone Company,65.0,debit,Mobile Phone,Checking
2.0,6/13/2019,Credit Card Payment,152.72,credit,Credit Card Payment,Platinum Card
1.0,6/13/2019,Credit Card Payment,152.72,debit,Credit Card Payment,Checking
3.0,6/14/2019,Whole Foods Market,10.69,debit,Groceries,Silver Card
3.0,6/15/2019,BP,33.16,debit,Gas & Fuel,Silver Card
1.0,6/17/2019,City Water Charges,35.0,debit,Utilities,Checking
1.0,6/17/2019,Power Company,60.0,debit,Utilities,Checking
3.0,6/18/2019,Brewing Company,15.0,debit,Alcohol & Bars,Silver Card
3.0,6/18/2019,Shell,41.83,debit,Gas & Fuel,Silver Card
1.0,6/19/2019,State Farm,75.0,debit,Auto Insurance,Checking
1.0,6/20/2019,Credit Card Payment,375.26,debit,Credit Card Payment,Checking
1.0,6/20/2019,Mike's Construction Co.,9200.0,debit,Home Improvement,Checking
3.0,6/20/2019,Credit Card Payment,100.68,credit,Credit Card Payment,Silver Card
1.0,6/21/2019,Credit Card Payment,100.68,debit,Credit Card Payment,Checking
1.0,6/21/2019,Biweekly Paycheck,2000.0,credit,Paycheck,Checking
3.0,6/24/2019,Brewing Company,15.0,debit,Alcohol & Bars,Silver Card
3.0,6/28/2019,BP,30.64,debit,Gas & Fuel,Silver Card
1.0,6/30/2019,Internet Service Provider,75.0,debit,Internet,Checking
3.0,7/1/2019,Starbucks Coffee,7.0,debit,Coffee Shops,Silver Card
3.0,7/1/2019,Whole Foods Market,99.47,debit,Groceries,Silver Card
3.0,7/1/2019,Hawaiian Grill,24.97,debit,Restaurants,Silver Card
3.0,7/1/2019,Thai Restaurant,24.0,debit,Restaurants,Silver Card
2.0,7/1/2019,Amazon,13.09,debit,Shopping,Platinum Card
2.0,7/2/2019,Home Depot Hardware,229.9,debit,Home Improvement,Platinum Card
1.0,7/2/2019,Mortgage Payment,1100.0,debit,Mortgage & Rent,Checking
2.0,7/4/2019,Netflix Subscription,13.9,debit,Television,Platinum Card
3.0,7/5/2019,Brewing Company,19.0,debit,Alcohol & Bars,Silver Card
1.0,7/5/2019,Biweekly Paycheck,2250.0,credit,Paycheck,Checking
3.0,7/6/2019,Credit Card Payment,220.08,credit,Credit Card Payment,Silver Card
2.0,7/6/2019,Grocery Store,92.98,debit,Groceries,Platinum Card
2.0,7/6/2019,Greek Restaurant,23.26,debit,Restaurants,Platinum Card
2.0,7/7/2019,Home Depot Hardware,103.14,debit,Home Improvement,Platinum Card
1.0,7/8/2019,Credit Card Payment,305.28,debit,Credit Card Payment,Checking
1.0,7/8/2019,Credit Card Payment,220.08,debit,Credit Card Payment,Checking
2.0,7/9/2019,Credit Card Payment,549.72,credit,Credit Card Payment,Platinum Card
2.0,7/9/2019,Spotify,10.69,debit,Music,Platinum Card
1.0,7/10/2019,Phone Company,65.0,debit,Mobile Phone,Checking
1.0,7/10/2019,Gas Company,30.0,debit,Utilities,Checking
3.0,7/15/2019,Whole Foods Market,87.14,debit,Groceries,Silver Card
2.0,7/16/2019,Amazon,89.99,debit,Shopping,Platinum Card
1.0,7/16/2019,Power Company,60.0,debit,Utilities,Checking
1.0,7/17/2019,City Water Charges,35.0,debit,Utilities,Checking
1.0,7/18/2019,State Farm,75.0,debit,Auto Insurance,Checking
1.0,7/18/2019,Credit Card Payment,814.5,debit,Credit Card Payment,Checking
3.0,7/18/2019,BP,36.42,debit,Gas & Fuel,Silver Card
2.0,7/18/2019,Whole Foods Market,29.83,debit,Groceries,Platinum Card
2.0,7/18/2019,Brunch Restaurant,8.82,debit,Restaurants,Platinum Card
2.0,7/19/2019,Credit Card Payment,115.52,credit,Credit Card Payment,Platinum Card
1.0,7/19/2019,Biweekly Paycheck,2250.0,credit,Paycheck,Checking
2.0,7/19/2019,Mexican Restaurant,28.0,debit,Restaurants,Platinum Card
3.0,7/22/2019,Credit Card Payment,257.08,credit,Credit Card Payment,Silver Card
3.0,7/22/2019,Thai Restaurant,26.67,debit,Restaurants,Silver Card
1.0,7/23/2019,Credit Card Payment,257.08,debit,Credit Card Payment,Checking
3.0,7/24/2019,Starbucks Coffee,2.5,debit,Coffee Shops,Silver Card
3.0,7/27/2019,Barbershop,30.0,debit,Haircut,Silver Card
2.0,7/28/2019,Hardware Store,44.31,debit,Home Improvement,Platinum Card
2.0,7/29/2019,Whole Foods Market,5.35,debit,Groceries,Platinum Card
3.0,7/29/2019,Fancy Restaurant,44.92,debit,Restaurants,Silver Card
2.0,7/30/2019,Grocery Store,15.77,debit,Groceries,Platinum Card
1.0,7/30/2019,Internet Service Provider,75.0,debit,Internet,Checking
2.0,8/1/2019,Amazon,13.09,debit,Shopping,Platinum Card
1.0,8/2/2019,Mortgage Payment,1100.0,debit,Mortgage & Rent,Checking
1.0,8/2/2019,Biweekly Paycheck,2250.0,credit,Paycheck,Checking
2.0,8/3/2019,BP,36.36,debit,Gas & Fuel,Platinum Card
2.0,8/3/2019,Whole Foods Market,3.96,debit,Groceries,Platinum Card
2.0,8/3/2019,American Tavern,23.47,debit,Restaurants,Platinum Card
2.0,8/4/2019,Netflix Subscription,13.9,debit,Television,Platinum Card
3.0,8/5/2019,Brewing Company,18.0,debit,Alcohol & Bars,Silver Card
2.0,8/5/2019,Credit Card Payment,349.28,credit,Credit Card Payment,Platinum Card
3.0,8/5/2019,Credit Card Payment,117.65,credit,Credit Card Payment,Silver Card
1.0,8/6/2019,Credit Card Payment,521.17,debit,Credit Card Payment,Checking
1.0,8/6/2019,Credit Card Payment,117.65,debit,Credit Card Payment,Checking
1.0,8/6/2019,Home Depot Hardware,125.0,debit,Home Improvement,Checking
3.0,8/8/2019,Whole Foods Market,11.72,debit,Groceries,Silver Card
2.0,8/9/2019,Spotify,10.69,debit,Music,Platinum Card
1.0,8/9/2019,Gas Company,30.0,debit,Utilities,Checking
1.0,8/12/2019,Phone Company,65.0,debit,Mobile Phone,Checking
3.0,8/12/2019,Thai Restaurant,26.67,debit,Restaurants,Silver Card
2.0,8/14/2019,Starbucks Coffee,2.75,debit,Coffee Shops,Platinum Card
1.0,8/15/2019,Credit Card Payment,335.2,debit,Credit Card Payment,Checking
1.0,8/15/2019,Power Company,60.0,debit,Utilities,Checking
1.0,8/16/2019,TechCorp Salary,2250.0,credit,Paycheck,Checking
1.0,8/16/2019,City Water Charges,35.0,debit,Utilities,Checking
2.0,8/17/2019,Credit Card Payment,87.17,credit,Credit Card Payment,Platinum Card
2.0,8/17/2019,Grocery Store,33.15,debit,Groceries,Platinum Card
2.0,8/17/2019,Barbershop,19.0,debit,Haircut,Platinum Card
2.0,8/17/2019,American Tavern,3.5,debit,Restaurants,Platinum Card
1.0,8/19/2019,Credit Card Payment,1248.95,debit,Credit Card Payment,Checking
1.0,8/20/2019,State Farm,75.0,debit,Auto Insurance,Checking
2.0,8/20/2019,Starbucks Coffee,2.75,debit,Coffee Shops,Platinum Card
2.0,8/21/2019,Shell,34.69,debit,Gas & Fuel,Platinum Card
2.0,8/23/2019,Starbucks Coffee,2.75,debit,Coffee Shops,Platinum Card
2.0,8/25/2019,Brunch Restaurant,39.43,debit,Restaurants,Platinum Card
3.0,8/26/2019,Home Depot Hardware,66.75,debit,Home Improvement,Silver Card
2.0,8/29/2019,Starbucks Coffee,3.0,debit,Coffee Shops,Platinum Card
2.0,8/30/2019,Starbucks Coffee,2.75,debit,Coffee Shops,Platinum Card
1.0,8/30/2019,Internet Service Provider,75.0,debit,Internet,Checking
1.0,8/30/2019,TechCorp Salary,2250.0,credit,Paycheck,Checking
2.0,8/31/2019,Hardware Store,68.04,debit,Home Improvement,Platinum Card
3.0,8/31/2019,BBQ Restaurant,41.78,debit,Restaurants,Silver Card
2.0,9/1/2019,Amazon,13.09,debit,Shopping,Platinum Card
1.0,9/3/2019,Mortgage Payment,1100.0,debit,Mortgage & Rent,Checking
3.0,9/3/2019,Fancy Restaurant,41.24,debit,Restaurants,Silver Card
2.0,9/4/2019,Netflix,13.9,debit,Television,Platinum Card
2.0,9/5/2019,Starbucks Coffee,3.75,debit,Coffee Shops,Platinum Card
2.0,9/6/2019,Credit Card Payment,1390.37,credit,Credit Card Payment,Platinum Card
1.0,9/6/2019,Credit Card Payment,1390.37,debit,Credit Card Payment,Checking
1.0,9/6/2019,Credit Card Payment,502.75,debit,Credit Card Payment,Checking
2.0,9/7/2019,Brewing Company,12.87,debit,Alcohol & Bars,Platinum Card
2.0,9/8/2019,Brewing Company,19.3,debit,Alcohol & Bars,Platinum Card
2.0,9/9/2019,Shell,28.77,debit,Gas & Fuel,Platinum Card
3.0,9/9/2019,Whole Foods Market,65.09,debit,Groceries,Silver Card
3.0,9/9/2019,Hardware Store,26.25,debit,Home Improvement,Silver Card
2.0,9/9/2019,Spotify,10.69,debit,Music,Platinum Card
1.0,9/9/2019,Gas Company,30.0,debit,Utilities,Checking
3.0,9/11/2019,Credit Card Payment,360.56,credit,Credit Card Payment,Silver Card
1.0,9/11/2019,Phone Company,65.0,debit,Mobile Phone,Checking
1.0,9/12/2019,Credit Card Payment,360.56,debit,Credit Card Payment,Checking
2.0,9/13/2019,Starbucks Coffee,2.75,debit,Coffee Shops,Platinum Card
1.0,9/13/2019,TechCorp Salary,2250.0,credit,Paycheck,Checking
2.0,9/14/2019,Whole Foods Market,46.44,debit,Groceries,Platinum Card
2.0,9/15/2019,Amazon,47.66,debit,Shopping,Platinum Card
1.0,9/16/2019,Credit Card Payment,90.57,debit,Credit Card Payment,Checking
3.0,9/16/2019,Credit Card Payment,90.57,credit,Credit Card Payment,Silver Card
1.0,9/16/2019,City Water Charges,35.0,debit,Utilities,Checking
2.0,9/17/2019,Credit Card Payment,186.13,credit,Credit Card Payment,Platinum Card
1.0,9/17/2019,Power Company,60.0,debit,Utilities,Checking
1.0,9/18/2019,State Farm,75.0,debit,Auto Insurance,Checking
1.0,9/18/2019,Credit Card Payment,1606.46,debit,Credit Card Payment,Checking
2.0,9/19/2019,Brewing Company,40.81,debit,Alcohol & Bars,Platinum Card
2.0,9/19/2019,Starbucks Coffee,2.75,debit,Coffee Shops,Platinum Card
3.0,9/20/2019,Credit Card Payment,9.43,credit,Credit Card Payment,Silver Card
2.0,9/22/2019,Seafood Restaurant,131.1,debit,Restaurants,Platinum Card
1.0,9/23/2019,Credit Card Payment,9.43,debit,Credit Card Payment,Checking
2.0,9/23/2019,Grocery Store,27.71,debit,Groceries,Platinum Card
2.0,9/23/2019,Amazon,24.63,debit,Shopping,Platinum Card
1.0,9/27/2019,TechCorp Salary,2250.0,credit,Paycheck,Checking
2.0,9/28/2019,BP,33.46,debit,Gas & Fuel,Platinum Card
2.0,9/28/2019,Sheetz,4.27,debit,Gas & Fuel,Platinum Card
2.0,9/30/2019,Starbucks,1.75,debit,Coffee Shops,Platinum Card
1.0,9/30/2019,Internet Service Provider,75.0,debit,Internet,Checking
,6/17/2018,BP,28.84,credit,Shopping,Checking
,1/12/2019,City Water Charges,39.19,credit,Gas & Fuel,Checking
,6/26/2018,Credit Card Payment,197.12,debit,Restaurants,Platinum Card
,2/8/2018,American Tavern,185.04,credit,Haircut,Checking
,8/19/2019,Whole Foods Market,70.18,credit,Groceries,Platinum Card
,9/16/2018,Amazon,104.91,credit,Groceries,Checking
,8/2/2019,Whole Foods Market,149.05,credit,Groceries,Platinum Card
,9/14/2019,Starbucks Coffee,87.31,credit,Groceries,Platinum Card
,6/23/2019,Power Company,191.98,debit,Groceries,Platinum Card
,3/19/2019,City Water Charges,98.58,debit,Credit Card Payment,Platinum Card
,6/15/2019,Brewing Company,197.97,credit,Shopping,Checking
,10/1/2019,Amazon,130.52,debit,Utilities,Platinum Card
,6/11/2019,Brewing Company,64.61,debit,Restaurants,Checking
,8/18/2019,Thai Restaurant,6.37,debit,Mobile Phone,Platinum Card
,11/4/2018,Internet Service Provider,126.19,credit,Internet,Silver Card
,9/24/2019,Credit Card Payment,151.57,credit,Alcohol & Bars,Checking
,6/2/2018,Spotify,149.1,credit,Groceries,Platinum Card
,7/27/2018,Credit Card Payment,35.87,debit,Gas & Fuel,Platinum Card
,9/2/2018,Credit Card Payment,37.84,credit,Restaurants,Platinum Card
,2/25/2018,Whole Foods Market,1.79,credit,Credit Card Payment,Platinum Card
,10/31/2018,American Tavern,47.81,debit,Paycheck,Platinum Card
,1/5/2019,Credit Card Payment,153.1,debit,Shopping,Silver Card
,3/30/2019,QuikTrip,131.18,credit,Shopping,Platinum Card
,12/12/2018,Credit Card Payment,154.69,debit,Groceries,Platinum Card
,3/29/2019,Netflix Subscription,3.94,debit,Restaurants,Checking
,2/21/2018,Credit Card Payment,123.54,credit,Groceries,Silver Card
,5/4/2018,Credit Card Payment,47.14,credit,Mortgage & Rent,Platinum Card
,4/19/2019,Credit Card Payment,123.49,debit,Credit Card Payment,Checking
,1/12/2019,Biweekly Paycheck,84.98,credit,Groceries,Checking
,7/11/2019,Hawaiian Grill,40.23,credit,Movies & DVDs,Platinum Card
,1/17/2019,Spotify,154.44,debit,Paycheck,Platinum Card
,8/30/2019,QuikTrip,163.34,credit,Gas & Fuel,Checking
,5/9/2018,Grocery Store,26.74,debit,Utilities,Checking
,3/23/2019,Whole Foods Market,66.83,debit,Utilities,Checking
,4/5/2018,Biweekly Paycheck,92.4,debit,Restaurants,Silver Card
,2/10/2018,American Tavern,31.02,debit,Restaurants,Platinum Card
,4/25/2019,Credit Card Payment,128.78,credit,Home Improvement,Silver Card
,6/18/2019,Gas Company,35.91,credit,Gas & Fuel,Platinum Card
,4/14/2018,Thai Restaurant,158.58,debit,Mortgage & Rent,Platinum Card
,3/15/2019,Amazon,106.38,credit,Gas & Fuel,Platinum Card
,5/26/2018,City Water Charges,15.08,credit,Restaurants,Platinum Card
,10/23/2018,City Water Charges,118.71,credit,Entertainment,Platinum Card
,1/25/2018,Roadside Diner,25.32,credit,Groceries,Platinum Card
,8/7/2018,Bakery Place,92.25,credit,Utilities,Checking
,1/7/2019,Thai Restaurant,70.89,credit,Groceries,Silver Card
,12/20/2018,Home Depot Hardware,59.42,credit,Utilities,Platinum Card
,4/13/2019,Hardware Store,120.51,debit,Utilities,Silver Card
,9/22/2019,Spotify,18.0,credit,Fast Food,Platinum Card
,6/26/2018,Brewing Company,197.63,debit,Fast Food,Silver Card
,10/7/2018,Gas Company,6.68,credit,Internet,Platinum Card
,6/26/2018,Whole Foods Market,53.89,debit,Restaurants,Silver Card
,2/13/2019,Amazon,22.26,debit,Fast Food,Silver Card
,12/8/2018,Home Depot Hardware,70.79,credit,Auto Insurance,Checking
,3/11/2019,Starbucks Coffee,113.77,debit,Shopping,Silver Card
,2/1/2019,Credit Card Payment,32.15,debit,Haircut,Checking
,2/27/2018,BP,62.17,credit,Gas & Fuel,Platinum Card
,4/20/2018,American Tavern,123.54,debit,Groceries,Silver Card
,8/9/2019,Brewing Company,28.38,credit,Shopping,Checking
,6/2/2018,Credit Card Payment,128.5,credit,Gas & Fuel,Silver Card
,11/10/2018,Brewing Company,105.65,credit,Movies & DVDs,Platinum Card
,3/6/2018,Biweekly Paycheck,63.73,credit,Auto Insurance,Silver Card
,6/3/2019,Go Mart,136.3,debit,Restaurants,Platinum Card
,4/20/2018,Grocery Store,186.69,credit,Restaurants,Platinum Card
,4/7/2018,Valero,72.7,debit,Shopping,Checking
,3/16/2019,Netflix Subscription,79.92,debit,Paycheck,Checking
,5/22/2019,Whole Foods Market,189.36,credit,Restaurants,Platinum Card
,5/15/2019,City Water Charges,170.42,credit,Restaurants,Checking
,4/10/2018,Mortgage Payment,81.87,credit,Utilities,Silver Card
,3/7/2018,Netflix Subscription,34.61,credit,Music,Checking
,5/24/2018,Credit Card Payment,85.79,debit,Gas & Fuel,Silver Card
,1/10/2019,Starbucks Coffee,178.26,credit,Utilities,Checking
,6/16/2019,QuikTrip,128.47,debit,Alcohol & Bars,Platinum Card
,4/18/2019,Grocery Store,84.93,debit,Credit Card Payment,Checking
,4/30/2018,Barbershop,135.65,debit,Groceries,Platinum Card
,4/10/2019,Grocery Store,161.96,credit,Internet,Checking
,4/18/2019,Credit Card Payment,57.29,credit,Shopping,Platinum Card
,8/2/2019,Home Depot Hardware,95.74,credit,Shopping,Checking
,4/29/2018,Netflix Subscription,130.83,credit,Credit Card Payment,Silver Card
,2/22/2018,Amazon,162.94,debit,Gas & Fuel,Checking
,4/1/2018,Credit Card Payment,172.94,credit,Gas & Fuel,Checking
,8/21/2019,Barbershop,159.91,credit,Groceries,Checking
,8/25/2019,City Water Charges,92.84,debit,Mobile Phone,Platinum Card
,12/3/2018,Credit Card Payment,67.32,credit,Groceries,Checking
,4/16/2018,Gas Company,89.02,credit,Mobile Phone,Silver Card
,1/7/2019,Thai Restaurant,147.23,debit,Internet,Silver Card
,11/22/2018,Amazon,42.2,credit,Utilities,Silver Card
,6/22/2019,Whole Foods Market,122.02,debit,Home Improvement,Platinum Card
,1/17/2019,Power Company,34.41,credit,Internet,Silver Card
,9/18/2018,Spotify,156.47,debit,Utilities,Checking
,11/24/2018,Belgian Restaurant,179.14,debit,Shopping,Platinum Card
,12/2/2018,Grocery Store,96.97,credit,Mortgage & Rent,Platinum Card
,5/7/2019,Power Company,68.84,credit,Restaurants,Platinum Card
,11/4/2018,Credit Card Payment,63.73,debit,Groceries,Checking
,8/18/2018,Belgian Restaurant,175.98,debit,Shopping,Platinum Card
,5/30/2019,Credit Card Payment,91.97,credit,Mobile Phone,Checking
,11/13/2018,Credit Card Payment,97.47,credit,Mortgage & Rent,Platinum Card
,4/5/2019,Amazon,10.34,credit,Coffee Shops,Silver Card
,2/21/2019,QuikTrip,46.58,credit,Utilities,Checking
,2/25/2018,Gas Company,12.93,debit,Haircut,Silver Card
,4/13/2018,Amazon,86.05,credit,Home Improvement,Platinum Card
,5/23/2018,TechCorp Salary,7.57,credit,Auto Insurance,Silver Card
,4/17/2019,Starbucks,101.27,credit,Utilities,Checking
,12/18/2018,Credit Card Payment,182.04,debit,Credit Card Payment,Silver Card
,2/18/2019,City Water Charges,135.43,debit,Home Improvement,Platinum Card
,10/28/2018,Credit Card Payment,111.47,debit,Shopping,Checking
,11/28/2018,Credit Card Payment,188.69,debit,Home Improvement,Silver Card
,10/18/2019,Gas Company,180.14,credit,Restaurants,Checking
,12/4/2018,Credit Card Payment,105.76,debit,Gas & Fuel,Checking
,12/20/2018,Power Company,166.58,debit,Fast Food,Platinum Card
,5/23/2018,Amazon,36.61,credit,Home Improvement,Checking
,7/9/2019,Credit Card Payment,34.02,debit,Mortgage & Rent,Checking
,8/12/2018,State Farm,48.31,credit,Mobile Phone,Platinum Card
,8/21/2019,Gas Company,123.62,debit,Restaurants,Platinum Card
,9/8/2019,BP,91.95,debit,Credit Card Payment,Checking
,9/22/2019,Barbershop,24.16,credit,Utilities,Checking
,7/9/2018,Credit Card Payment,126.96,debit,Credit Card Payment,Checking
,11/3/2018,Spotify,78.83,debit,Groceries,Silver Card
,6/23/2019,Whole Foods Market,179.07,credit,Shopping,Platinum Card
,3/13/2019,Brunch Restaurant,7.91,debit,Gas & Fuel,Platinum Card
,5/30/2019,State Farm,156.07,debit,Electronics & Software,Platinum Card
,2/4/2019,Amazon,81.86,debit,Internet,Platinum Card
,4/25/2018,BP,58.31,credit,Mobile Phone,Checking
,3/7/2018,Gas Company,67.54,credit,Coffee Shops,Checking
,2/26/2018,State Farm,27.11,credit,Home Improvement,Platinum Card
,4/7/2018,Whole Foods Market,52.46,debit,Coffee Shops,Silver Card
,5/11/2018,Grocery Store,4.43,debit,Internet,Platinum Card
,3/11/2018,Whole Foods Market,15.21,credit,Shopping,Silver Card
,5/13/2018,Amazon,17.94,credit,Credit Card Payment,Silver Card
,9/7/2019,Starbucks Coffee,163.68,debit,Groceries,Platinum Card
,8/4/2019,Credit Card Payment,104.3,credit,Credit Card Payment,Platinum Card
,12/2/2018,Barbershop,79.57,debit,Groceries,Platinum Card
,2/5/2019,Whole Foods Market,90.66,debit,Internet,Checking
,12/1/2018,BP,189.13,credit,Mobile Phone,Silver Card
,12/20/2018,Power Company,54.54,credit,Groceries,Checking
,2/8/2018,Whole Foods Market,37.68,credit,Groceries,Platinum Card
,11/24/2018,Phone Company,127.74,credit,Movies & DVDs,Checking
,4/23/2018,Whole Foods Market,70.8,debit,Credit Card Payment,Platinum Card
,4/25/2018,City Water Charges,72.94,debit,Paycheck,Platinum Card
,11/22/2018,Barbershop,75.73,credit,Restaurants,Platinum Card
,5/10/2018,Amazon,62.12,debit,Groceries,Silver Card
,5/4/2018,American Tavern,19.49,debit,Coffee Shops,Platinum Card
,7/16/2018,Shell,148.33,credit,Groceries,Silver Card
,1/21/2018,Power Company,128.3,debit,Credit Card Payment,Checking
,8/29/2018,QuikTrip,158.15,debit,Restaurants,Platinum Card
,12/21/2018,Chick-Fil-A,34.66,debit,Credit Card Payment,Silver Card
,8/7/2018,Credit Card Payment,158.16,credit,Internet,Checking
,4/20/2018,Amazon,29.02,debit,Paycheck,Platinum Card
,9/6/2019,QuikTrip,12.24,credit,Utilities,Checking
,5/3/2018,Amazon,134.35,debit,Haircut,Checking
,11/25/2018,Credit Card Payment,11.53,debit,Movies & DVDs,Silver Card
,3/15/2019,Chick-Fil-A,115.29,debit,Groceries,Platinum Card
,10/1/2019,Mediterranean Restaurant,88.41,debit,Groceries,Silver Card
,7/8/2018,Credit Card Payment,92.66,credit,Auto Insurance,Platinum Card
,5/24/2018,Whole Foods Market,109.35,credit,Groceries,Silver Card
,8/9/2019,Starbucks,43.26,debit,Home Improvement,Platinum Card
,3/3/2018,Credit Card Payment,128.6,credit,Coffee Shops,Platinum Card
,8/23/2018,Wendy's,63.8,debit,Restaurants,Checking
,2/18/2018,Brewing Company,179.01,credit,Paycheck,Silver Card
,10/4/2019,Grocery Store,179.53,credit,Movies & DVDs,Checking
,6/10/2019,Whole Foods Market,81.71,credit,Paycheck,Checking
,4/23/2018,Amazon,153.41,debit,Auto Insurance,Platinum Card
,4/19/2019,Amazon,153.35,credit,Credit Card Payment,Platinum Card
,1/12/2019,Barbershop,89.25,debit,Mortgage & Rent,Platinum Card
,5/5/2018,Seafood Restaurant,138.27,credit,Credit Card Payment,Platinum Card
,9/30/2018,Credit Card Payment,35.45,debit,Alcohol & Bars,Platinum Card
,5/13/2019,Hardware Store,164.4,credit,Gas & Fuel,Silver Card
,8/29/2018,Credit Card Payment,123.47,credit,Restaurants,Checking
,7/1/2019,Grocery Store,32.44,debit,Coffee Shops,Silver Card
,7/27/2019,Credit Card Payment,18.71,credit,Groceries,Silver Card
,6/9/2018,State Farm,76.15,credit,Restaurants,Silver Card
,8/3/2018,QuikTrip,27.88,credit,Gas & Fuel,Silver Card
,1/19/2019,Amazon,140.59,debit,Paycheck,Platinum Card
,1/26/2019,Shell,22.37,debit,Internet,Platinum Card
,11/6/2018,BP,79.59,debit,Groceries,Silver Card
,3/8/2018,Amazon,132.6,credit,Credit Card Payment,Platinum Card
,11/18/2018,Credit Card Payment,27.4,debit,Credit Card Payment,Checking
,8/24/2018,Credit Card Payment,52.85,debit,Credit Card Payment,Checking
,3/16/2018,Greek Restaurant,116.8,debit,Groceries,Platinum Card
,9/19/2019,Grocery Store,62.24,credit,Gas & Fuel,Platinum Card
,4/18/2019,Credit Card Payment,19.63,credit,Restaurants,Silver Card
,9/20/2018,Grocery Store,105.98,credit,Groceries,Platinum Card
,6/6/2018,American Tavern,82.01,credit,Restaurants,Checking
,9/6/2019,Phone Company,38.59,debit,Credit Card Payment,Checking
,8/6/2019,Valero,118.01,credit,Shopping,Silver Card
,5/10/2018,Biweekly Paycheck,38.42,debit,Gas & Fuel,Silver Card
,10/8/2019,Credit Card Payment,152.28,credit,Groceries,Platinum Card
,11/14/2019,City Water Charges,135.71,credit,Credit Card Payment,Checking
,10/7/2019,Credit Card Payment,68.98,credit,Mobile Phone,Checking
,6/29/2018,Phone Company,86.84,debit,Credit Card Payment,Platinum Card
,1/16/2018,Brewing Company,105.32,debit,Groceries,Silver Card
,9/13/2018,Fancy Restaurant,45.44,credit,Credit Card Payment,Platinum Card
,3/28/2018,Grocery Store,60.41,debit,Restaurants,Checking
,10/9/2018,Credit Card Payment,18.11,debit,Shopping,Platinum Card
,11/7/2018,Chick-Fil-A,13.64,debit,Mobile Phone,Platinum Card
,2/18/2018,Power Company,18.43,credit,Paycheck,Platinum Card
,9/22/2019,Brunch Restaurant,40.34,credit,Auto Insurance,Silver Card
,5/7/2018,BP,22.25,debit,Gas & Fuel,Silver Card
,3/5/2019,TechCorp Salary,106.13,debit,Auto Insurance,Platinum Card
,9/12/2018,Movie Theater,136.7,debit,Utilities,Silver Card
,11/11/2018,Gas Company,64.93,credit,Alcohol & Bars,Platinum Card
,8/14/2018,Credit Card Payment,81.02,credit,Shopping,Platinum Card
,4/5/2018,Japanese Restaurant,95.49,debit,Electronics & Software,Platinum Card
,1/26/2018,Barbershop,57.08,credit,Gas & Fuel,Checking
,1/17/2018,State Farm,1.75,credit,Groceries,Checking
,9/5/2019,Amazon,92.99,credit,Restaurants,Checking
,8/20/2018,Internet Service Provider,118.11,debit,Utilities,Platinum Card
,4/23/2018,Whole Foods Market,186.57,credit,Coffee Shops,Checking
,4/9/2019,Credit Card Payment,107.82,debit,Movies & DVDs,Platinum Card
,8/27/2018,Credit Card Payment,133.06,debit,Credit Card Payment,Platinum Card
,6/15/2018,City Water Charges,132.98,credit,Gas & Fuel,Silver Card
,12/26/2018,City Water Charges,102.4,credit,Restaurants,Platinum Card
,6/28/2018,Mediterranean Restaurant,107.67,credit,Restaurants,Platinum Card
,11/12/2018,Shell,62.1,credit,Auto Insurance,Silver Card
,3/7/2019,State Farm,173.78,debit,Haircut,Platinum Card
,6/12/2019,Amazon,171.45,debit,Gas & Fuel,Platinum Card
,12/28/2018,Biweekly Paycheck,106.48,debit,Credit Card Payment,Checking
,6/19/2018,Amazon,88.39,debit,Credit Card Payment,Checking
,7/26/2018,Whole Foods Market,30.41,debit,Movies & DVDs,Silver Card
,3/7/2018,Shell,150.84,debit,Home Improvement,Platinum Card
,7/29/2019,Power Company,128.18,debit,Credit Card Payment,Platinum Card
,11/5/2018,Power Company,100.29,debit,Restaurants,Platinum Card
,10/13/2018,Italian Restaurant,22.47,debit,Utilities,Checking
,8/25/2019,Amazon,18.94,debit,Credit Card Payment,Checking
,6/5/2018,Brewing Company,155.26,debit,Gas & Fuel,Silver Card
,6/1/2018,Biweekly Paycheck,120.04,credit,Music,Silver Card
,6/12/2018,Hardware Store,66.22,credit,Credit Card Payment,Platinum Card
,5/20/2018,QuikTrip,121.24,debit,Alcohol & Bars,Checking
,1/4/2018,Internet Service Provider,64.29,debit,Groceries,Platinum Card
,5/8/2019,Credit Card Payment,128.12,credit,Electronics & Software,Platinum Card
,6/29/2019,Mortgage Payment,166.32,credit,Groceries,Platinum Card
,9/4/2018,State Farm,157.2,credit,Paycheck,Silver Card
,6/14/2018,Starbucks Coffee,176.57,credit,Mobile Phone,Checking
,8/15/2018,Gas Company,1.38,credit,Paycheck,Silver Card
,12/19/2018,Starbucks,193.94,debit,Auto Insurance,Checking
,12/20/2018,Latin Restaurant,12.85,credit,Television,Checking
,8/18/2018,Credit Card Payment,82.1,debit,Fast Food,Checking
,7/18/2018,Credit Card Payment,147.43,credit,Haircut,Silver Card
,8/27/2019,Best Buy,158.86,credit,Haircut,Platinum Card
,5/14/2019,Shell,181.25,debit,Restaurants,Platinum Card
,3/26/2018,Hardware Store,86.99,debit,Alcohol & Bars,Silver Card
,2/23/2019,Home Depot Hardware,72.55,debit,Shopping,Silver Card
,8/29/2019,Credit Card Payment,128.59,debit,Credit Card Payment,Platinum Card
,4/9/2018,Whole Foods Market,149.86,debit,Paycheck,Silver Card
,2/11/2018,Power Company,137.59,debit,Gas & Fuel,Platinum Card
,3/22/2018,Barbershop,190.7,debit,Credit Card Payment,Silver Card
,11/13/2018,Brewing Company,123.51,debit,Movies & DVDs,Silver Card
,8/7/2018,Credit Card Payment,147.5,debit,Credit Card Payment,Platinum Card
,2/7/2018,American Tavern,168.76,credit,Groceries,Platinum Card
,4/19/2019,Amazon,102.48,debit,Haircut,Silver Card
,9/20/2019,Credit Card Payment,115.99,debit,Utilities,Platinum Card
,12/11/2018,Phone Company,197.11,debit,Restaurants,Platinum Card
,3/31/2018,BP,177.49,debit,Auto Insurance,Silver Card
,7/10/2019,Mortgage Payment,24.04,debit,Credit Card Payment,Checking
,5/20/2018,Biweekly Paycheck,35.64,credit,Auto Insurance,Silver Card
,10/22/2018,Power Company,127.33,credit,Coffee Shops,Checking
,5/5/2019,Grocery Store,117.2,debit,Coffee Shops,Checking
,8/18/2018,Credit Card Payment,140.87,credit,Haircut,Platinum Card
,12/25/2018,Amazon,173.04,debit,Groceries,Checking
,11/20/2018,Mortgage Payment,140.62,debit,Groceries,Platinum Card
,2/10/2019,American Tavern,125.06,credit,Restaurants,Silver Card
,7/23/2019,Grocery Store,179.38,debit,Shopping,Checking
,2/19/2019,American Tavern,195.66,debit,Restaurants,Platinum Card
,10/21/2018,Internet Service Provider,103.13,debit,Restaurants,Silver Card
,6/3/2018,Barbershop,70.88,debit,Shopping,Platinum Card
,7/4/2018,American Tavern,157.73,debit,Credit Card Payment,Checking
,3/8/2019,Amazon,155.27,debit,Groceries,Silver Card
,7/23/2018,American Tavern,83.12,debit,Gas & Fuel,Silver Card
,7/2/2018,Biweekly Paycheck,190.55,debit,Shopping,Checking
,5/6/2018,Whole Foods Market,99.21,credit,Groceries,Platinum Card
,11/9/2018,Home Depot Hardware,69.2,credit,Shopping,Platinum Card
,12/10/2018,Grocery Store,23.82,debit,Alcohol & Bars,Platinum Card
,4/3/2018,Amazon,73.51,credit,Credit Card Payment,Checking
,2/8/2018,Hardware Store,97.42,debit,Restaurants,Silver Card
,6/4/2018,Credit Card Payment,28.68,debit,Home Improvement,Checking
,4/11/2018,Netflix,118.5,credit,Shopping,Silver Card
,5/7/2018,Amazon Video,29.09,credit,Internet,Platinum Card
,3/17/2019,Credit Card Payment,194.43,debit,Shopping,Platinum Card
,11/7/2018,Starbucks Coffee,198.32,debit,Credit Card Payment,Platinum Card
,4/30/2019,Amazon,1.3,debit,Restaurants,Checking
,4/30/2018,Credit Card Payment,65.18,credit,Utilities,Platinum Card
,3/4/2018,Credit Card Payment,38.18,credit,Haircut,Platinum Card
,3/7/2018,Mortgage Payment,4.61,debit,Internet,Platinum Card
,10/4/2019,Chick-Fil-A,76.62,credit,Restaurants,Checking
,6/11/2018,Grocery Store,172.5,credit,Groceries,Checking
,11/18/2018,Credit Card Payment,7.68,credit,Food & Dining,Checking
,9/19/2018,Power Company,136.36,debit,Haircut,Silver Card
,9/3/2018,Brunch Restaurant,90.14,credit,Fast Food,Platinum Card
,2/1/2018,Netflix,147.16,credit,Internet,Silver Card
,12/24/2018,BP,105.22,debit,Utilities,Silver Card
,8/5/2019,Grocery Store,111.52,credit,Restaurants,Checking
,4/7/2018,Grocery Store,22.99,debit,Gas & Fuel,Silver Card
,1/6/2019,Whole Foods Market,41.71,credit,Internet,Checking
,3/25/2018,Netflix,9.44,credit,Utilities,Platinum Card
,7/12/2018,Amazon,145.61,credit,Internet,Platinum Card
,2/16/2019,Whole Foods Market,54.95,credit,Electronics & Software,Platinum Card
,8/11/2019,Credit Card Payment,179.86,credit,Credit Card Payment,Checking
,2/26/2019,Biweekly Paycheck,194.07,credit,Credit Card Payment,Silver Card
,9/17/2019,Phone Company,166.33,credit,Groceries,Checking
,11/21/2018,City Water Charges,76.02,credit,Credit Card Payment,Platinum Card
,5/21/2019,Starbucks,39.46,credit,Credit Card Payment,Silver Card
,8/4/2019,Brunch Restaurant,8.89,credit,Restaurants,Platinum Card
,4/7/2019,Mortgage Payment,52.64,credit,Restaurants,Platinum Card
,5/3/2018,Greek Restaurant,145.74,debit,Gas & Fuel,Platinum Card
,3/8/2018,Shell,174.05,debit,Mortgage & Rent,Platinum Card
,6/20/2018,Internet Service Provider,128.36,debit,Utilities,Platinum Card
,12/15/2018,Brewing Company,11.01,credit,Music,Silver Card
,10/27/2019,City Water Charges,23.45,credit,Groceries,Platinum Card
,3/9/2018,Whole Foods Market,169.04,credit,Restaurants,Platinum Card
,10/9/2018,Hardware Store,66.32,debit,Auto Insurance,Silver Card
,12/15/2018,Whole Foods Market,31.17,debit,Shopping,Checking
,10/12/2018,QuikTrip,25.2,debit,Groceries,Silver Card
,8/12/2019,Amazon,159.17,debit,Alcohol & Bars,Platinum Card
,4/14/2019,Brewing Company,57.53,credit,Restaurants,Silver Card
,7/3/2018,Power Company,99.64,debit,Coffee Shops,Platinum Card
,6/6/2018,Fancy Restaurant,2.45,debit,Internet,Platinum Card
,7/29/2019,Power Company,38.52,credit,Restaurants,Checking
,4/20/2018,Whole Foods Market,59.22,debit,Fast Food,Checking
,3/19/2018,Whole Foods Market,102.24,debit,Internet,Silver Card
,7/14/2018,Starbucks Coffee,199.05,debit,Music,Platinum Card
,12/18/2018,City Water Charges,91.43,credit,Shopping,Checking
,3/3/2019,Starbucks,20.38,credit,Credit Card Payment,Platinum Card
,10/11/2018,Credit Card Payment,92.57,debit,Auto Insurance,Platinum Card
,3/22/2019,Internet Service Provider,70.08,credit,Mobile Phone,Platinum Card
,7/26/2018,Amazon,111.61,credit,Paycheck,Platinum Card
,8/15/2019,Credit Card Payment,78.56,debit,Restaurants,Platinum Card
,1/25/2018,Amazon,146.19,credit,Home Improvement,Platinum Card
,9/25/2018,American Tavern,38.46,debit,Credit Card Payment,Silver Card
,12/7/2018,Credit Card Payment,55.01,credit,Restaurants,Silver Card
,6/29/2018,Credit Card Payment,64.84,debit,Mortgage & Rent,Checking
,5/16/2018,Internet Service Provider,165.72,debit,Coffee Shops,Checking
,5/17/2019,Credit Card Payment,9.91,credit,Utilities,Silver Card
,7/4/2018,American Tavern,173.46,credit,Restaurants,Platinum Card
,9/28/2019,Phone Company,34.66,credit,Auto Insurance,Platinum Card
,9/13/2019,Mike's Construction Co.,1.67,credit,Credit Card Payment,Silver Card
,12/12/2018,Fancy Restaurant,88.02,debit,Restaurants,Platinum Card
,1/5/2019,City Water Charges,144.38,debit,Music,Checking
,4/18/2018,Home Depot Hardware,3.71,debit,Restaurants,Platinum Card
,9/22/2019,Biweekly Paycheck,92.88,debit,Gas & Fuel,Platinum Card
,2/5/2018,BP,196.21,credit,Television,Checking
,5/31/2018,Brewing Company,180.77,credit,Shopping,Platinum Card
,9/2/2019,Whole Foods Market,110.24,credit,Auto Insurance,Silver Card
,1/30/2018,Grocery Store,192.01,debit,Haircut,Platinum Card
,1/25/2019,Grocery Store,112.95,debit,Restaurants,Platinum Card
,10/9/2019,Grocery Store,100.84,credit,Utilities,Checking
,5/19/2018,Hardware Store,150.4,credit,Credit Card Payment,Checking
,5/30/2018,Brunch Restaurant,27.94,debit,Shopping,Platinum Card
,9/20/2019,City Water Charges,136.46,debit,Credit Card Payment,Platinum Card
,4/20/2018,Amazon,26.26,debit,Credit Card Payment,Platinum Card
,11/30/2018,Credit Card Payment,107.3,debit,Credit Card Payment,Platinum Card
,12/27/2018,Hardware Store,49.28,credit,Groceries,Checking
,10/28/2018,Gas Company,79.85,debit,Utilities,Platinum Card
,5/20/2018,Shell,109.17,credit,Television,Checking
,8/19/2019,Whole Foods Market,37.97,debit,Utilities,Platinum Card
,4/15/2018,Brewing Company,136.63,credit,Shopping,Platinum Card
,10/2/2019,Brewing Company,19.81,debit,Auto Insurance,Platinum Card
,7/3/2019,Shell,28.89,debit,Paycheck,Checking
,4/30/2019,American Tavern,88.11,credit,Credit Card Payment,Platinum Card
,7/8/2018,TechCorp Salary,145.33,debit,Music,Platinum Card
,8/4/2018,Shell,182.94,debit,Credit Card Payment,Checking
,7/12/2018,BP,88.19,debit,Alcohol & Bars,Platinum Card
,6/1/2018,Phone Company,39.72,debit,Restaurants,Checking
,5/12/2018,Whole Foods Market,102.18,credit,Mortgage & Rent,Platinum Card
,9/20/2019,Phone Company,120.81,credit,Groceries,Platinum Card
,12/30/2018,BP,180.32,credit,Paycheck,Checking
,7/26/2019,Whole Foods Market,67.59,credit,Shopping,Platinum Card
,8/11/2018,Bojangles,33.95,debit,Shopping,Platinum Card
,2/8/2019,Whole Foods Market,11.16,credit,Groceries,Checking
,8/22/2018,Credit Card Payment,102.34,debit,Groceries,Checking
,6/26/2018,Barbershop,90.69,credit,Gas & Fuel,Silver Card
,2/28/2019,Credit Card Payment,18.82,debit,Shopping,Checking
,2/15/2018,Biweekly Paycheck,142.12,debit,Shopping,Platinum Card
,7/24/2019,Movie Theater,48.71,credit,Credit Card Payment,Silver Card
,9/6/2018,Grocery Store,69.67,credit,Groceries,Platinum Card
,5/2/2019,Credit Card Payment,114.53,debit,Music,Silver Card
,7/7/2019,Credit Card Payment,162.5,debit,Restaurants,Checking
,9/3/2019,Mortgage Payment,155.97,debit,Gas & Fuel,Platinum Card
,9/29/2018,Shell,102.18,credit,Credit Card Payment,Checking
,7/11/2019,Credit Card Payment,97.59,debit,Auto Insurance,Silver Card
,9/18/2019,Vietnamese Restaurant,196.83,debit,Gas & Fuel,Silver Card
,5/1/2018,Credit Card Payment,183.09,credit,Credit Card Payment,Platinum Card
,8/27/2018,Credit Card Payment,141.48,credit,Credit Card Payment,Checking
,12/24/2018,Internet Service Provider,153.72,debit,Coffee Shops,Checking
,9/29/2018,Amazon,185.1,credit,Restaurants,Checking
,8/18/2018,Starbucks,151.28,debit,Groceries,Platinum Card
,8/14/2019,Whole Foods Market,147.99,credit,Groceries,Platinum Card
,6/26/2019,Brewing Company,160.23,debit,Paycheck,Checking
,4/13/2018,BP,85.97,debit,Movies & DVDs,Platinum Card
,9/11/2019,Whole Foods Market,17.07,credit,Restaurants,Checking
,1/30/2018,Brewing Company,83.78,credit,Restaurants,Platinum Card
,6/17/2018,Hardware Store,153.34,debit,Internet,Platinum Card
,5/25/2018,Home Depot Hardware,46.78,debit,Home Improvement,Checking
,10/10/2018,Credit Card Payment,189.72,credit,Utilities,Platinum Card
,11/18/2018,Brewing Company,73.16,credit,Credit Card Payment,Platinum Card
,7/22/2018,Power Company,55.8,credit,Credit Card Payment,Silver Card
,6/15/2018,Mediterranean Restaurant,119.93,debit,Groceries,Checking
,9/10/2019,Mortgage Payment,128.76,credit,Restaurants,Silver Card
,6/25/2018,Gas Company,34.29,credit,Restaurants,Platinum Card
,2/22/2018,Internet Service Provider,10.2,debit,Music,Checking
,4/15/2018,Gas Company,140.07,debit,Shopping,Platinum Card
,3/25/2018,Amazon,3.59,debit,Restaurants,Checking
,10/13/2019,Credit Card Payment,136.8,credit,Coffee Shops,Platinum Card
,11/19/2018,Best Buy,105.35,credit,Home Improvement,Platinum Card
,11/25/2018,Credit Card Payment,158.91,debit,Paycheck,Platinum Card
,10/24/2018,Credit Card Payment,9.49,credit,Groceries,Platinum Card
,4/25/2018,Mediterranean Restaurant,11.8,debit,Shopping,Checking
,11/24/2018,Phone Company,23.46,debit,Coffee Shops,Silver Card
,4/22/2018,Belgian Restaurant,14.87,credit,Credit Card Payment,Checking
,7/30/2019,Whole Foods Market,143.83,credit,Mobile Phone,Platinum Card
,2/21/2019,Japanese Restaurant,85.45,credit,Music,Silver Card
,5/12/2018,Whole Foods Market,4.78,debit,Gas & Fuel,Checking
,9/22/2018,Valero,78.64,credit,Shopping,Platinum Card
,8/29/2019,Credit Card Payment,85.99,credit,Coffee Shops,Platinum Card
,9/26/2019,Italian Restaurant,193.16,credit,Credit Card Payment,Platinum Card
,3/3/2018,Power Company,54.94,debit,Utilities,Platinum Card
,9/17/2019,Credit Card Payment,16.85,credit,Internet,Checking
,4/11/2019,Best Buy,153.97,debit,Groceries,Checking
,9/19/2019,Credit Card Payment,28.42,debit,Home Improvement,Checking
,1/5/2018,Mexican Restaurant,58.76,debit,Movies & DVDs,Silver Card
,2/11/2019,Starbucks,96.07,credit,Credit Card Payment,Platinum Card
,7/14/2018,Whole Foods Market,6.21,credit,Utilities,Silver Card
,7/25/2018,State Farm,116.46,credit,Credit Card Payment,Silver Card
,6/17/2018,Power Company,154.37,debit,Shopping,Platinum Card
,6/28/2019,Credit Card Payment,28.91,credit,Coffee Shops,Platinum Card
,10/6/2018,Brunch Restaurant,137.13,debit,Utilities,Silver Card
,10/2/2018,Mediterranean Restaurant,179.85,debit,Restaurants,Silver Card
,6/2/2018,Credit Card Payment,189.77,debit,Restaurants,Silver Card
,8/6/2019,Brunch Restaurant,51.66,debit,Credit Card Payment,Checking
,5/1/2018,Grocery Store,37.58,credit,Paycheck,Platinum Card
,7/3/2019,Spotify,16.04,credit,Home Improvement,Checking
,9/2/2018,Starbucks Coffee,162.09,credit,Gas & Fuel,Checking
,8/29/2019,Phone Company,193.37,credit,Utilities,Platinum Card
,4/15/2019,Home Depot Hardware,26.9,credit,Restaurants,Checking
,5/22/2018,State Farm,156.2,debit,Shopping,Platinum Card
,2/19/2018,Spotify,177.43,debit,Haircut,Platinum Card
,4/8/2019,Gas Company,193.56,credit,Restaurants,Checking
,1/22/2019,BP,39.81,credit,Home Improvement,Silver Card
,1/23/2018,City Water Charges,157.3,debit,Credit Card Payment,Silver Card
,12/28/2018,Credit Card Payment,45.18,credit,Music,Platinum Card
,1/17/2018,Grocery Store,138.58,credit,Auto Insurance,Silver Card
,5/14/2018,Amazon,173.59,debit,Music,Silver Card
,4/10/2018,Whole Foods Market,26.19,credit,Fast Food,Checking
,12/16/2018,Spotify,100.82,debit,Credit Card Payment,Checking
,7/1/2019,Credit Card Payment,95.34,debit,Auto Insurance,Platinum Card
,8/20/2019,Amazon,51.95,credit,Fast Food,Platinum Card
,7/1/2018,New York Deli,62.61,debit,Auto Insurance,Checking
,9/6/2019,BP,7.88,debit,Restaurants,Silver Card
,7/9/2019,Home Depot Hardware,15.12,debit,Groceries,Checking
,2/23/2018,BP,121.26,credit,Paycheck,Checking
,9/18/2019,Grocery Store,135.51,debit,Restaurants,Silver Card
,7/18/2019,TechCorp Salary,114.96,credit,Fast Food,Platinum Card
,9/1/2018,Chick-Fil-A,108.69,credit,Mortgage & Rent,Platinum Card
,4/5/2019,Starbucks,199.63,debit,Movies & DVDs,Silver Card
,7/6/2018,Credit Card Payment,2.49,debit,Mortgage & Rent,Platinum Card
,8/9/2018,Starbucks,160.04,credit,Credit Card Payment,Checking
,3/11/2019,Credit Card Payment,78.8,debit,Coffee Shops,Platinum Card
,10/19/2018,Credit Card Payment,186.56,credit,Auto Insurance,Platinum Card
,12/15/2018,Bojangles,175.24,credit,Paycheck,Platinum Card
,4/14/2018,State Farm,167.36,debit,Home Improvement,Platinum Card
,7/6/2018,Credit Card Payment,189.29,debit,Utilities,Silver Card
,3/3/2019,Credit Card Payment,83.51,credit,Restaurants,Checking
,7/6/2018,BP,68.29,credit,Paycheck,Platinum Card
,10/4/2018,American Tavern,143.23,debit,Auto Insurance,Checking
,9/28/2019,Phone Company,176.48,credit,Home Improvement,Checking
,6/15/2018,Phone Company,135.46,credit,Coffee Shops,Platinum Card
,10/20/2019,Whole Foods Market,100.13,credit,Groceries,Silver Card
,6/5/2018,Credit Card Payment,173.74,credit,Movies & DVDs,Platinum Card
,10/24/2019,Credit Card Payment,33.15,credit,Restaurants,Platinum Card
,11/15/2018,Target,184.29,debit,Restaurants,Platinum Card
,5/1/2018,Amazon,162.06,credit,Movies & DVDs,Checking
,8/28/2018,Mike's Construction Co.,50.55,credit,Groceries,Platinum Card
,9/27/2019,Credit Card Payment,25.01,debit,Credit Card Payment,Platinum Card
,1/5/2019,Biweekly Paycheck,10.99,credit,Paycheck,Platinum Card
,5/7/2018,State Farm,34.82,credit,Groceries,Platinum Card
,4/27/2019,Brewing Company,70.02,credit,Credit Card Payment,Platinum Card
,2/23/2019,Power Company,176.36,credit,Shopping,Platinum Card
,8/26/2019,Credit Card Payment,35.97,debit,Shopping,Checking
,6/21/2019,Mortgage Payment,32.59,credit,Paycheck,Platinum Card
,4/13/2019,Whole Foods Market,114.78,debit,Restaurants,Silver Card
,7/15/2019,Power Company,170.25,credit,Shopping,Checking
,7/21/2018,Shell,189.1,debit,Groceries,Platinum Card
,3/4/2018,Whole Foods Market,151.57,debit,Shopping,Platinum Card
,4/10/2018,Tiny Deli,100.49,credit,Movies & DVDs,Platinum Card
,11/23/2018,Spotify,175.67,credit,Shopping,Checking
,8/16/2019,Gas Company,13.23,debit,Credit Card Payment,Platinum Card
,4/23/2018,Internet Service Provider,9.13,credit,Music,Platinum Card
,10/7/2018,German Restaurant,41.41,debit,Shopping,Silver Card
,5/4/2018,Credit Card Payment,75.71,debit,Mobile Phone,Platinum Card
,3/22/2018,State Farm,87.51,debit,Restaurants,Silver Card
,8/24/2019,Starbucks,169.04,debit,Groceries,Platinum Card
,8/27/2018,Gas Company,79.26,credit,Auto Insurance,Checking
,8/27/2019,Brewing Company,100.13,debit,Haircut,Checking
,7/2/2019,Best Buy,5.69,credit,Coffee Shops,Platinum Card
,12/22/2018,Grocery Store,149.01,debit,Home Improvement,Silver Card
,7/27/2019,Credit Card Payment,95.74,debit,Gas & Fuel,Silver Card
,3/20/2018,Barbershop,58.27,debit,Alcohol & Bars,Platinum Card
,9/5/2018,Whole Foods Market,1.71,credit,Coffee Shops,Checking
,12/6/2018,BBQ Restaurant,195.39,credit,Credit Card Payment,Silver Card
,5/8/2018,Mediterranean Restaurant,146.05,credit,Credit Card Payment,Silver Card
,8/1/2018,Gas Company,172.37,credit,Groceries,Platinum Card
,10/7/2019,Credit Card Payment,43.49,credit,Groceries,Silver Card
,12/25/2018,Tiny Deli,165.78,credit,Haircut,Silver Card
,1/18/2019,American Tavern,121.27,credit,Paycheck,Platinum Card
,12/2/2018,Credit Card Payment,198.22,debit,Groceries,Silver Card
,6/25/2018,Home Depot Hardware,30.03,credit,Groceries,Checking
,6/8/2018,Credit Card Payment,167.65,credit,Shopping,Checking
,10/6/2018,BP,180.38,credit,Credit Card Payment,Platinum Card
,10/24/2019,Starbucks,86.59,debit,Utilities,Checking
,1/27/2019,Credit Card Payment,6.37,credit,Groceries,Checking
,3/4/2018,Whole Foods Market,73.69,debit,Coffee Shops,Platinum Card
,7/31/2019,Whole Foods Market,134.48,debit,Fast Food,Checking
,6/19/2019,Biweekly Paycheck,144.67,credit,Restaurants,Platinum Card
,9/17/2019,Pizza Place,158.45,debit,Credit Card Payment,Platinum Card
,11/2/2019,Wendy's,91.7,credit,Fast Food,Checking
,5/19/2018,Gas Company,142.46,credit,Restaurants,Checking
,6/26/2019,Whole Foods Market,51.75,credit,Utilities,Platinum Card
,2/15/2018,Starbucks,160.9,credit,Restaurants,Silver Card
,1/2/2019,Grocery Store,26.27,debit,Home Improvement,Platinum Card
,1/13/2019,Netflix Subscription,184.46,debit,Auto Insurance,Silver Card
,9/26/2019,Amazon,198.13,debit,Gas & Fuel,Silver Card
,6/11/2018,Whole Foods Market,94.95,debit,Shopping,Platinum Card
,8/12/2019,Credit Card Payment,131.94,credit,Groceries,Platinum Card
,6/21/2018,Whole Foods Market,183.51,debit,Groceries,Platinum Card
,6/19/2018,Starbucks Coffee,188.8,credit,Restaurants,Platinum Card
,6/20/2018,Credit Card Payment,53.95,credit,Television,Platinum Card
,7/15/2019,BBQ Restaurant,52.11,credit,Internet,Silver Card
,4/21/2019,Mike's Construction Co.,61.04,debit,Shopping,Checking
,8/10/2019,City Water Charges,9.0,credit,Groceries,Platinum Card
,2/5/2019,Hardware Store,172.51,debit,Restaurants,Silver Card
,10/4/2018,Credit Card Payment,2.53,debit,Restaurants,Platinum Card
,8/26/2018,Movie Theater,84.03,credit,Credit Card Payment,Silver Card
,9/11/2019,Starbucks,4.8,credit,Restaurants,Platinum Card
,9/4/2018,Mortgage Payment,8.69,credit,Music,Checking
,4/19/2019,Netflix Subscription,18.97,debit,Restaurants,Platinum Card
,12/6/2018,Biweekly Paycheck,133.17,debit,Home Improvement,Platinum Card
,9/28/2019,Brunch Restaurant,68.31,debit,Coffee Shops,Platinum Card
,3/8/2018,City Water Charges,12.45,credit,Gas & Fuel,Platinum Card
,3/26/2018,Target,158.78,credit,Alcohol & Bars,Platinum Card
,1/31/2018,Internet Service Provider,102.09,debit,Shopping,Platinum Card
,5/12/2018,Credit Card Payment,76.45,credit,Utilities,Platinum Card
,12/10/2018,Internet Service Provider,65.89,debit,Restaurants,Silver Card
,5/2/2018,American Tavern,26.64,credit,Credit Card Payment,Silver Card
,3/4/2018,Credit Card Payment,41.2,debit,Mobile Phone,Platinum Card
,4/4/2018,State Farm,174.53,debit,Mortgage & Rent,Platinum Card
,1/30/2019,Barbershop,25.36,credit,Restaurants,Platinum Card
,4/25/2018,Whole Foods Market,114.9,debit,Haircut,Silver Card
,6/6/2018,Gas Company,67.61,credit,Fast Food,Checking
,3/19/2018,Whole Foods Market,115.4,debit,Auto Insurance,Checking
,7/9/2018,Gas Company,46.2,credit,Mortgage & Rent,Silver Card
,8/14/2019,State Farm,179.62,credit,Gas & Fuel,Checking
,6/17/2019,Whole Foods Market,5.61,credit,Paycheck,Platinum Card
,4/16/2018,Roadside Diner,90.01,credit,Gas & Fuel,Silver Card
,1/18/2018,Credit Card Payment,82.77,credit,Shopping,Platinum Card
,9/1/2018,Grocery Store,38.44,debit,Utilities,Silver Card
,12/12/2018,Grocery Store,24.63,debit,Groceries,Platinum Card
,3/28/2019,Home Depot Hardware,193.32,credit,Mortgage & Rent,Platinum Card
,5/31/2018,Credit Card Payment,134.38,debit,Paycheck,Checking
,9/5/2019,Gas Company,21.17,debit,Restaurants,Platinum Card
,4/1/2018,Credit Card Payment,189.8,credit,Internet,Checking
,3/30/2018,Credit Card Payment,127.27,debit,Mortgage & Rent,Checking
,3/7/2018,State Farm,80.66,debit,Paycheck,Checking
,5/18/2018,Credit Card Payment,92.9,debit,Groceries,Platinum Card
,3/1/2019,Spotify,180.69,debit,Paycheck,Checking
,5/7/2019,Amazon,72.63,credit,Groceries,Platinum Card
,8/19/2018,State Farm,190.58,credit,Groceries,Silver Card
,8/5/2019,Internet Service Provider,148.4,credit,Credit Card Payment,Platinum Card
,2/24/2018,American Tavern,37.99,credit,Groceries,Checking
,6/11/2018,Brewing Company,24.93,credit,Restaurants,Platinum Card
,11/24/2018,TechCorp Salary,111.93,credit,Groceries,Silver Card
,7/13/2018,Best Buy,36.68,debit,Credit Card Payment,Silver Card
,9/17/2019,QuikTrip,151.86,debit,Restaurants,Platinum Card
,3/1/2019,Credit Card Payment,60.78,debit,Utilities,Checking
,1/13/2019,Phone Company,170.73,credit,Credit Card Payment,Platinum Card
,2/6/2018,Brunch Restaurant,30.81,credit,Groceries,Platinum Card
,4/10/2018,Brunch Restaurant,28.13,debit,Shopping,Platinum Card
,7/20/2018,Credit Card Payment,168.58,debit,Gas & Fuel,Platinum Card
,12/22/2018,Starbucks,145.16,credit,Credit Card Payment,Platinum Card
,9/5/2019,Gas Company,45.45,debit,Utilities,Silver Card
,8/25/2019,Spotify,6.92,debit,Groceries,Silver Card
,5/23/2019,Whole Foods Market,166.67,debit,Electronics & Software,Silver Card
,7/6/2018,Chick-Fil-A,106.3,credit,Gas & Fuel,Silver Card
,2/8/2019,Shell,32.77,credit,Auto Insurance,Platinum Card
,1/4/2019,Mortgage Payment,173.82,credit,Credit Card Payment,Silver Card
,4/18/2019,Grocery Store,105.58,debit,Groceries,Platinum Card
,6/7/2018,Shell,19.58,credit,Gas & Fuel,Platinum Card
,12/2/2018,Grocery Store,183.25,debit,Mortgage & Rent,Silver Card
,7/29/2018,Mediterranean Restaurant,97.3,credit,Credit Card Payment,Platinum Card
,10/28/2019,Credit Card Payment,93.22,credit,Mobile Phone,Silver Card
,6/15/2019,State Farm,118.28,credit,Mortgage & Rent,Platinum Card
,12/5/2018,American Tavern,70.9,debit,Gas & Fuel,Checking
,4/5/2018,Credit Card Payment,140.68,debit,Restaurants,Checking
,10/4/2018,Brunch Restaurant,56.05,credit,Auto Insurance,Platinum Card
,9/22/2019,Spotify,159.81,credit,Movies & DVDs,Checking
,7/3/2019,Thai Restaurant,94.35,debit,Alcohol & Bars,Silver Card
,12/6/2018,Phone Company,171.8,credit,Internet,Platinum Card
,8/6/2019,Whole Foods Market,97.95,debit,Gas & Fuel,Checking
,4/7/2019,Power Company,197.14,debit,Shopping,Platinum Card
,4/6/2019,BBQ Restaurant,52.1,credit,Groceries,Platinum Card
,7/16/2019,Mediterranean Restaurant,150.53,debit,Home Improvement,Checking
,1/19/2019,Internet Service Provider,107.35,credit,Groceries,Platinum Card
,12/23/2018,Credit Card Payment,145.92,credit,Groceries,Platinum Card
,3/15/2019,Fancy Restaurant,160.92,debit,Utilities,Platinum Card
,6/15/2018,State Farm,123.32,debit,Groceries,Silver Card
,7/30/2018,City Water Charges,61.75,credit,Gas & Fuel,Platinum Card
,5/28/2018,TechCorp Salary,49.95,debit,Utilities,Platinum Card
,1/5/2019,Chick-Fil-A,4.09,debit,Credit Card Payment,Platinum Card
,8/26/2019,Gas Company,150.43,debit,Haircut,Checking
,7/18/2018,State Farm,47.91,credit,Mortgage & Rent,Checking
,1/5/2019,Credit Card Payment,28.88,credit,Mortgage & Rent,Silver Card
,6/2/2018,Shell,108.73,debit,Credit Card Payment,Checking
,1/14/2019,Grocery Store,150.67,credit,Paycheck,Platinum Card
,1/4/2019,Credit Card Payment,30.37,credit,Utilities,Checking
,1/13/2019,Shell,56.1,credit,Groceries,Platinum Card
,3/31/2019,Chevron,100.01,debit,Groceries,Silver Card
,4/24/2019,Grocery Store,25.75,credit,Groceries,Platinum Card
,5/13/2019,Brunch Restaurant,141.4,debit,Restaurants,Silver Card
,10/3/2019,Spotify,39.53,debit,Credit Card Payment,Silver Card
,8/3/2019,BP,10.34,credit,Groceries,Platinum Card
,9/1/2019,Internet Service Provider,36.71,credit,Haircut,Silver Card
,7/4/2019,Internet Service Provider,97.94,credit,Groceries,Checking
,10/21/2019,Phone Company,166.38,debit,Shopping,Platinum Card
,8/24/2018,Credit Card Payment,98.59,debit,Fast Food,Platinum Card
,9/14/2019,Amazon,162.53,credit,Utilities,Platinum Card
,9/7/2018,Home Depot Hardware,41.39,credit,Credit Card Payment,Checking
,2/12/2018,Credit Card Payment,15.9,debit,Credit Card Payment,Silver Card
,11/11/2018,Whole Foods Market,133.4,credit,Utilities,Platinum Card
,2/1/2019,Brewing Company,9.19,credit,Groceries,Checking
,11/25/2018,Power Company,1.74,debit,Gas & Fuel,Platinum Card
,1/11/2019,Brewing Company,143.45,debit,Haircut,Platinum Card
,9/27/2019,Seafood Restaurant,66.1,debit,Credit Card Payment,Platinum Card
,7/31/2019,Grocery Store,89.55,credit,Internet,Checking
,7/9/2018,Mediterranean Restaurant,36.6,debit,Utilities,Platinum Card
,10/9/2019,Grocery Store,177.04,credit,Credit Card Payment,Silver Card
,5/25/2018,Brewing Company,80.3,debit,Television,Platinum Card
,10/21/2019,Gas Company,64.7,debit,Credit Card Payment,Checking
,8/2/2019,Phone Company,129.25,debit,Paycheck,Platinum Card
,9/13/2019,Netflix,62.37,debit,Restaurants,Checking
,10/23/2018,Credit Card Payment,185.27,credit,Gas & Fuel,Checking
,4/27/2018,Biweekly Paycheck,191.26,debit,Groceries,Checking
,10/14/2018,Credit Card Payment,101.36,debit,Credit Card Payment,Platinum Card
,10/13/2019,Biweekly Paycheck,116.37,credit,Groceries,Checking
,11/19/2018,Gas Company,39.02,credit,Alcohol & Bars,Silver Card
,12/14/2018,Phone Company,146.66,debit,Groceries,Silver Card
,1/20/2018,Brunch Restaurant,193.28,credit,Credit Card Payment,Platinum Card
,11/29/2018,Barbershop,96.41,credit,Gas & Fuel,Checking
,3/31/2019,Home Depot Hardware,163.85,debit,Music,Platinum Card
,5/29/2018,Credit Card Payment,169.17,debit,Alcohol & Bars,Checking
,5/26/2019,Gas Company,90.55,credit,Mortgage & Rent,Checking
,9/29/2018,Mike's Construction Co.,65.27,credit,Fast Food,Checking
,1/10/2019,Brewing Company,9.4,debit,Auto Insurance,Platinum Card
,12/26/2018,TechCorp Salary,56.67,debit,Credit Card Payment,Silver Card
,8/1/2019,Whole Foods Market,175.22,debit,Music,Platinum Card
,12/17/2018,Amazon,71.58,credit,Haircut,Silver Card
,6/19/2019,Internet Service Provider,123.56,debit,Movies & DVDs,Platinum Card
,12/4/2018,Starbucks,52.85,credit,Credit Card Payment,Platinum Card
,8/1/2018,Power Company,104.13,debit,Utilities,Checking
,10/14/2018,Brewing Company,10.21,credit,Haircut,Checking
,2/19/2019,Gas Company,172.52,debit,Mobile Phone,Checking
,5/6/2019,Whole Foods Market,175.95,credit,Groceries,Silver Card
,6/17/2018,Grocery Store,71.36,debit,Groceries,Silver Card
,3/11/2019,Grocery Store,120.86,credit,Groceries,Platinum Card
,3/27/2019,Credit Card Payment,110.22,credit,Auto Insurance,Platinum Card
,3/23/2018,Credit Card Payment,157.81,debit,Groceries,Platinum Card
,4/11/2018,Credit Card Payment,46.07,debit,Haircut,Platinum Card
,10/13/2019,Chick-Fil-A,192.96,debit,Alcohol & Bars,Platinum Card
,6/25/2018,Hardware Store,114.44,debit,Groceries,Platinum Card
,4/21/2018,Credit Card Payment,123.01,debit,Restaurants,Platinum Card
,10/29/2018,Belgian Restaurant,137.94,credit,Coffee Shops,Checking
,12/19/2018,Phone Company,152.9,credit,Coffee Shops,Silver Card
,2/17/2018,Phone Company,120.8,debit,Electronics & Software,Platinum Card
,6/9/2019,Phone Company,173.97,debit,Mobile Phone,Platinum Card
,11/24/2018,Mediterranean Restaurant,89.49,credit,Movies & DVDs,Platinum Card
,9/18/2019,Internet Service Provider,24.46,credit,Groceries,Checking
,10/14/2019,Brewing Company,108.44,credit,Shopping,Silver Card
,3/22/2018,Tiny Deli,109.56,debit,Utilities,Silver Card
,10/5/2018,Grocery Store,178.48,credit,Groceries,Platinum Card
,8/1/2019,Hardware Store,145.71,credit,Haircut,Platinum Card
,1/9/2018,QuikTrip,194.97,credit,Fast Food,Checking
,1/27/2018,BP,14.97,debit,Music,Platinum Card
,11/14/2018,Brunch Restaurant,112.23,debit,Credit Card Payment,Platinum Card
,9/15/2018,Starbucks,73.39,debit,Mobile Phone,Checking
,8/13/2018,Amazon,87.89,credit,Paycheck,Silver Card
,3/4/2018,Greek Restaurant,69.75,credit,Paycheck,Platinum Card
,6/23/2018,State Farm,25.83,credit,Haircut,Platinum Card
,3/14/2019,QuikTrip,110.52,credit,Restaurants,Silver Card
,4/29/2018,Credit Card Payment,113.21,debit,Haircut,Checking
,11/7/2018,State Farm,71.78,debit,Shopping,Silver Card
,4/3/2018,Power Company,72.23,credit,Credit Card Payment,Checking
,1/27/2018,Mortgage Payment,184.6,debit,Credit Card Payment,Checking
,10/8/2019,Credit Card Payment,61.08,credit,Gas & Fuel,Checking
,9/10/2018,Biweekly Paycheck,56.97,debit,Haircut,Platinum Card
,11/3/2018,Spotify,79.2,credit,Restaurants,Checking
,8/18/2019,Home Depot Hardware,195.72,credit,Alcohol & Bars,Checking
,8/26/2019,Biweekly Paycheck,85.42,debit,Groceries,Platinum Card
,3/28/2018,American Tavern,108.34,debit,Groceries,Checking
,2/6/2019,Thai Restaurant,20.9,credit,Music,Platinum Card
,10/4/2019,Home Depot Hardware,2.19,debit,Groceries,Platinum Card
,8/20/2019,Grocery Store,102.11,credit,Gas & Fuel,Platinum Card
,11/3/2018,Biweekly Paycheck,114.8,credit,Shopping,Platinum Card
,3/18/2018,Amazon,84.45,debit,Movies & DVDs,Checking
,10/8/2018,Whole Foods Market,2.18,credit,Credit Card Payment,Silver Card
,12/11/2018,Credit Card Payment,116.68,debit,Home Improvement,Checking
,10/8/2018,Whole Foods Market,116.29,credit,Groceries,Platinum Card
,8/3/2018,Phone Company,170.59,debit,Restaurants,Platinum Card
,10/4/2018,Credit Card Payment,109.51,debit,Auto Insurance,Platinum Card
,9/12/2019,Starbucks,192.3,debit,Paycheck,Platinum Card
,3/15/2019,Starbucks Coffee,112.84,credit,Groceries,Silver Card
,5/15/2018,City Water Charges,58.7,debit,Restaurants,Platinum Card
,8/31/2018,Mike's Construction Co.,53.78,credit,Utilities,Checking
,7/29/2018,Credit Card Payment,103.06,credit,Groceries,Platinum Card
,10/2/2018,Credit Card Payment,117.27,debit,Restaurants,Platinum Card
,12/13/2018,Starbucks Coffee,199.04,credit,Restaurants,Checking
,1/3/2019,Pizza Place,179.55,debit,Groceries,Silver Card
,12/14/2018,TechCorp Salary,185.23,debit,Credit Card Payment,Checking
,5/31/2018,Internet Service Provider,110.87,debit,Home Improvement,Platinum Card
,3/5/2019,Starbucks Coffee,31.21,debit,Groceries,Silver Card
,9/18/2018,Amazon,79.58,debit,Music,Platinum Card
,11/30/2018,Internet Service Provider,196.13,debit,Groceries,Silver Card
,4/7/2019,Whole Foods Market,8.14,credit,Credit Card Payment,Checking
,5/12/2018,American Tavern,193.7,credit,Movies & DVDs,Platinum Card
,8/26/2019,Credit Card Payment,113.78,debit,Shopping,Platinum Card
,9/4/2019,Movie Theater,104.58,debit,Movies & DVDs,Silver Card
,12/18/2018,Gas Company,90.59,credit,Groceries,Checking
,3/23/2019,Credit Card Payment,73.34,debit,Credit Card Payment,Platinum Card
,1/8/2018,State Farm,40.26,debit,Paycheck,Platinum Card
,2/27/2019,Mike's Construction Co.,53.53,debit,Groceries,Checking
,3/25/2018,Mortgage Payment,35.59,debit,Home Improvement,Silver Card
,6/28/2018,Barbershop,191.34,credit,Credit Card Payment,Checking
,11/30/2018,Credit Card Payment,46.44,credit,Mortgage & Rent,Platinum Card
,10/16/2019,Credit Card Payment,113.97,credit,Haircut,Silver Card
,3/29/2018,Credit Card Payment,41.52,credit,Restaurants,Platinum Card
,3/29/2018,Thai Restaurant,181.16,credit,Utilities,Checking
,10/31/2018,Credit Card Payment,147.63,debit,Credit Card Payment,Silver Card
,10/28/2018,Grocery Store,73.69,debit,Groceries,Platinum Card
,6/21/2018,City Water Charges,114.96,credit,Credit Card Payment,Platinum Card
,10/7/2019,BP,179.14,debit,Groceries,Platinum Card
,12/13/2018,Biweekly Paycheck,7.16,credit,Restaurants,Platinum Card
,9/2/2018,Starbucks Coffee,130.36,debit,Music,Silver Card
,4/19/2018,Home Depot Hardware,112.72,credit,Credit Card Payment,Checking
,7/12/2019,Credit Card Payment,191.26,credit,Paycheck,Platinum Card
,8/19/2018,Hardware Store,145.71,credit,Utilities,Platinum Card
,11/29/2018,TechCorp Salary,137.43,debit,Paycheck,Silver Card
,8/24/2019,Credit Card Payment,84.86,debit,Credit Card Payment,Silver Card
,7/9/2019,Seafood Restaurant,80.75,debit,Coffee Shops,Checking
,11/24/2018,American Tavern,146.28,debit,Credit Card Payment,Silver Card
,2/18/2018,American Tavern,8.55,debit,Restaurants,Platinum Card
,11/11/2018,American Tavern,173.15,credit,Groceries,Silver Card
,10/23/2018,Amazon,103.9,debit,Groceries,Platinum Card
,12/28/2018,Power Company,170.51,credit,Groceries,Silver Card
,12/21/2018,Whole Foods Market,58.94,credit,Shopping,Silver Card
,8/9/2019,Amazon,157.45,debit,Credit Card Payment,Silver Card
,4/11/2018,Mediterranean Restaurant,114.59,debit,Groceries,Platinum Card
,8/20/2019,Gas Company,48.01,credit,Television,Platinum Card
,1/10/2019,Thai Restaurant,197.52,credit,Auto Insurance,Platinum Card
,7/17/2018,TechCorp Salary,52.58,credit,Paycheck,Platinum Card
,12/6/2019,Credit Card Payment,36.69,debit,Credit Card Payment,Checking
,12/15/2018,Power Company,162.16,credit,Home Improvement,Checking
,10/19/2018,Barbershop,162.23,debit,Paycheck,Platinum Card
,4/1/2018,Whole Foods Market,1.01,credit,Shopping,Checking
,6/12/2018,Shell,19.07,credit,Internet,Platinum Card
,4/4/2019,Netflix,94.87,debit,Coffee Shops,Silver Card
,2/4/2018,Japanese Restaurant,185.68,credit,Auto Insurance,Checking
,8/29/2018,Phone Company,157.91,credit,Paycheck,Platinum Card
,8/29/2019,Amazon,120.05,credit,Groceries,Platinum Card
,5/16/2018,Gas Company,50.07,debit,Credit Card Payment,Silver Card
,9/21/2018,Hardware Store,69.78,debit,Utilities,Platinum Card
,11/11/2018,Whole Foods Market,16.79,credit,Internet,Platinum Card
,3/22/2018,Whole Foods Market,30.46,debit,Shopping,Platinum Card
,7/28/2019,Brewing Company,160.6,credit,Shopping,Platinum Card
,5/13/2018,Credit Card Payment,131.91,credit,Groceries,Silver Card
,4/24/2018,Spotify,44.95,debit,Mobile Phone,Silver Card
,6/20/2018,Brunch Restaurant,120.7,debit,Restaurants,Platinum Card
,3/27/2018,Credit Card Payment,127.02,debit,Shopping,Silver Card
,4/7/2019,American Tavern,157.5,credit,Coffee Shops,Silver Card
,12/26/2018,Fancy Restaurant,94.86,credit,Shopping,Silver Card
,5/30/2018,Phone Company,194.44,credit,Fast Food,Platinum Card
,12/15/2018,Brewing Company,86.68,credit,Restaurants,Silver Card
,7/6/2018,Grocery Store,64.32,debit,Credit Card Payment,Platinum Card
,7/30/2018,Amazon,179.38,credit,Credit Card Payment,Checking
,2/25/2018,Credit Card Payment,2.18,credit,Groceries,Checking
,4/15/2018,Credit Card Payment,73.63,debit,Credit Card Payment,Checking
,6/26/2018,Starbucks,17.09,credit,Movies & DVDs,Checking
,2/1/2019,Whole Foods Market,70.04,credit,Coffee Shops,Platinum Card
,10/22/2018,Netflix,155.27,debit,Groceries,Platinum Card
,12/21/2018,Credit Card Payment,184.19,credit,Haircut,Checking
,7/5/2019,Phone Company,67.32,debit,Credit Card Payment,Platinum Card
,5/16/2019,Grocery Store,94.07,credit,Paycheck,Checking
,10/5/2018,Whole Foods Market,158.91,credit,Utilities,Platinum Card
,4/13/2018,Power Company,137.47,credit,Restaurants,Silver Card
,5/3/2019,Credit Card Payment,8.64,debit,Groceries,Platinum Card
,2/1/2019,Brewing Company,113.76,credit,Movies & DVDs,Platinum Card
,1/14/2019,Grocery Store,61.66,credit,Restaurants,Checking
,6/6/2019,Mortgage Payment,169.95,debit,Credit Card Payment,Silver Card
,7/9/2019,Gas Company,159.84,credit,Groceries,Silver Card
,10/25/2018,Amazon,89.96,credit,Credit Card Payment,Platinum Card
,9/17/2019,Whole Foods Market,29.07,credit,Utilities,Platinum Card
,1/24/2019,Biweekly Paycheck,41.39,debit,Groceries,Platinum Card
,7/29/2019,Greek Restaurant,65.76,credit,Internet,Platinum Card
,6/29/2019,Mike's Construction Co.,110.78,credit,Fast Food,Platinum Card
,5/18/2019,Gas Company,140.33,credit,Credit Card Payment,Silver Card
,4/12/2019,QuikTrip,106.81,debit,Entertainment,Silver Card
,3/30/2019,Credit Card Payment,93.73,debit,Mobile Phone,Checking
,7/31/2019,Amazon,45.1,credit,Utilities,Platinum Card
,4/1/2018,Grocery Store,21.45,debit,Mobile Phone,Platinum Card
,7/2/2019,Whole Foods Market,69.24,credit,Restaurants,Platinum Card
,10/5/2018,Grocery Store,58.06,credit,Credit Card Payment,Platinum Card
,1/18/2019,Shell,49.37,debit,Haircut,Platinum Card
,1/26/2018,Grocery Store,72.03,credit,Shopping,Platinum Card
,1/1/2019,Gas Company,3.65,credit,Home Improvement,Platinum Card
,11/29/2018,Phone Company,105.95,debit,Restaurants,Platinum Card
,5/7/2018,Barbershop,113.61,debit,Alcohol & Bars,Platinum Card
,11/8/2018,Netflix,70.12,credit,Shopping,Silver Card
,5/21/2018,Whole Foods Market,149.2,debit,Shopping,Silver Card
,11/22/2018,Whole Foods Market,114.8,debit,Restaurants,Checking
,4/3/2018,Gas Company,20.33,debit,Restaurants,Checking
,9/20/2018,Credit Card Payment,116.23,credit,Mortgage & Rent,Silver Card
,5/18/2019,Credit Card Payment,67.29,credit,Groceries,Checking
,10/7/2019,Whole Foods Market,97.8,credit,Music,Checking
,10/4/2018,Credit Card Payment,192.25,debit,Restaurants,Checking
,3/15/2018,Amazon,117.65,debit,Paycheck,Silver Card
,4/29/2018,Food Truck,133.85,debit,Internet,Platinum Card
,6/18/2018,Netflix Subscription,54.9,credit,Credit Card Payment,Silver Card
,8/22/2018,Credit Card Payment,34.02,debit,Paycheck,Platinum Card
,6/23/2018,American Tavern,181.53,debit,Restaurants,Platinum Card
,6/17/2019,Hardware Store,39.39,credit,Restaurants,Checking
,4/25/2018,Thai Restaurant,38.57,credit,Coffee Shops,Platinum Card
,9/23/2019,Brewing Company,135.07,debit,Shopping,Platinum Card
,4/10/2018,Gas Company,126.04,debit,Utilities,Silver Card
,7/16/2018,Credit Card Payment,129.89,debit,Credit Card Payment,Checking
,3/1/2019,Barbershop,145.9,debit,Groceries,Platinum Card
,9/30/2019,Gas Company,188.61,credit,Groceries,Silver Card
,3/16/2019,Chick-Fil-A,142.75,debit,Alcohol & Bars,Silver Card
,4/22/2019,American Tavern,63.83,debit,Alcohol & Bars,Platinum Card
,8/24/2019,Mediterranean Restaurant,92.62,credit,Coffee Shops,Checking
,10/21/2018,Credit Card Payment,75.77,credit,Credit Card Payment,Platinum Card
,3/25/2018,Greek Restaurant,118.12,credit,Shopping,Platinum Card
,7/23/2019,Whole Foods Market,116.6,debit,Groceries,Platinum Card
,1/25/2019,Netflix,125.61,credit,Credit Card Payment,Silver Card
,7/6/2018,Barbershop,52.43,debit,Haircut,Platinum Card
,1/6/2019,Amazon,139.23,credit,Auto Insurance,Platinum Card
,3/23/2019,American Tavern,80.65,debit,Music,Checking
,6/20/2019,Phone Company,36.94,debit,Groceries,Silver Card
,10/24/2019,Brewing Company,27.64,credit,Credit Card Payment,Silver Card
,1/4/2019,Whole Foods Market,87.34,debit,Gas & Fuel,Checking
,5/14/2018,Brewing Company,143.22,credit,Coffee Shops,Checking
,7/11/2018,Internet Service Provider,44.1,credit,Electronics & Software,Silver Card
,10/22/2019,American Tavern,122.53,debit,Music,Checking
,5/9/2019,BP,74.94,debit,Food & Dining,Silver Card
,8/7/2018,Internet Service Provider,186.82,credit,Internet,Platinum Card
,9/20/2018,Hardware Store,137.15,debit,Shopping,Silver Card
,6/15/2018,Internet Service Provider,176.67,debit,Shopping,Checking
,9/26/2019,Credit Card Payment,94.2,debit,Fast Food,Platinum Card
,4/11/2018,Phone Company,72.47,credit,Groceries,Checking
,3/10/2018,Biweekly Paycheck,172.2,debit,Coffee Shops,Platinum Card
,8/3/2018,Spotify,144.52,credit,Utilities,Platinum Card
,10/4/2018,Internet Service Provider,195.31,credit,Utilities,Silver Card
,12/11/2018,Spotify,128.54,debit,Groceries,Platinum Card
,3/13/2019,Gas Company,46.23,debit,Credit Card Payment,Checking
,6/11/2018,Amazon Video,121.0,debit,Restaurants,Platinum Card
,8/23/2018,Bojangles,192.95,debit,Mobile Phone,Checking
,10/31/2018,BP,8.85,credit,Fast Food,Checking
,3/19/2019,Biweekly Paycheck,75.49,debit,Credit Card Payment,Checking
,8/20/2018,Internet Service Provider,197.32,debit,Restaurants,Platinum Card
,7/6/2019,Thai Restaurant,150.02,credit,Utilities,Platinum Card
,12/11/2018,Credit Card Payment,6.69,debit,Entertainment,Platinum Card
,10/15/2019,Brewing Company,145.11,debit,Home Improvement,Platinum Card
,1/20/2018,Biweekly Paycheck,31.46,credit,Restaurants,Checking
,7/22/2019,Seafood Restaurant,73.6,credit,Groceries,Checking
,6/4/2018,Grocery Store,88.49,credit,Credit Card Payment,Checking
,12/20/2018,American Tavern,84.79,credit,Shopping,Silver Card
,3/7/2019,Credit Card Payment,94.69,credit,Credit Card Payment,Checking
,10/15/2018,Biweekly Paycheck,135.87,debit,Music,Silver Card
,8/28/2018,Amazon,165.09,credit,Groceries,Platinum Card
,2/13/2018,TechCorp Salary,48.86,debit,Groceries,Platinum Card
,7/9/2019,Credit Card Payment,123.75,debit,Credit Card Payment,Silver Card
,5/1/2018,Starbucks,181.75,debit,Utilities,Platinum Card
,10/8/2019,Phone Company,78.08,debit,Shopping,Checking
,4/14/2018,BP,76.0,credit,Utilities,Platinum Card
,8/19/2018,Amazon,86.94,debit,Shopping,Checking
,2/15/2018,Spotify,108.57,credit,Shopping,Silver Card
,8/30/2019,Grocery Store,75.16,debit,Music,Silver Card
,4/10/2019,City Water Charges,127.66,debit,Restaurants,Checking
,5/8/2018,Amazon,19.66,debit,Electronics & Software,Platinum Card
,1/4/2019,Credit Card Payment,54.07,credit,Coffee Shops,Platinum Card
,4/2/2019,BP,160.82,credit,Credit Card Payment,Checking
,6/5/2018,American Tavern,169.32,debit,Shopping,Checking
,3/25/2019,Whole Foods Market,61.23,credit,Home Improvement,Platinum Card
,10/29/2019,TechCorp Salary,137.66,debit,Groceries,Silver Card
,3/6/2018,Amazon,95.94,credit,Groceries,Checking
,6/13/2018,Food Truck,122.41,debit,Home Improvement,Platinum Card
,4/21/2018,Credit Card Payment,12.12,credit,Auto Insurance,Platinum Card
,11/7/2018,Brunch Restaurant,12.93,debit,Gas & Fuel,Checking
,9/23/2019,Credit Card Payment,160.6,credit,Restaurants,Checking
,3/14/2018,BP,75.55,debit,Groceries,Platinum Card
,3/28/2018,Netflix,57.09,credit,Haircut,Platinum Card
,2/22/2018,Starbucks Coffee,128.63,debit,Mortgage & Rent,Checking
,9/24/2019,Brewing Company,173.62,credit,Credit Card Payment,Silver Card
,4/18/2019,Credit Card Payment,28.31,debit,Gas & Fuel,Silver Card
,6/29/2019,Gas Company,173.82,credit,Mortgage & Rent,Platinum Card
,4/16/2019,Seafood Restaurant,36.72,debit,Internet,Checking
,7/10/2018,Internet Service Provider,162.63,credit,Mobile Phone,Platinum Card
,6/15/2019,State Farm,67.66,debit,Credit Card Payment,Checking
,5/29/2019,TechCorp Salary,47.9,credit,Groceries,Platinum Card
,9/10/2019,Grocery Store,138.11,debit,Credit Card Payment,Checking
,10/11/2019,Whole Foods Market,80.47,debit,Paycheck,Silver Card
,6/24/2019,Credit Card Payment,118.86,debit,Alcohol & Bars,Checking
,1/22/2018,Brunch Restaurant,187.66,debit,Home Improvement,Platinum Card
,6/18/2019,American Tavern,95.41,credit,Haircut,Platinum Card
,6/4/2018,Gas Company,33.42,debit,Restaurants,Checking
,12/13/2018,Starbucks,59.63,credit,Paycheck,Platinum Card
,3/30/2018,Chick-Fil-A,95.89,debit,Alcohol & Bars,Platinum Card
,3/24/2019,TechCorp Salary,79.91,credit,Groceries,Silver Card
,5/18/2018,Mortgage Payment,61.34,debit,Shopping,Silver Card
,7/31/2019,Fancy Restaurant,21.76,credit,Restaurants,Platinum Card
,8/3/2018,TechCorp Salary,131.24,debit,Groceries,Checking
,3/3/2019,Credit Card Payment,156.86,debit,Shopping,Platinum Card
,8/4/2019,Credit Card Payment,132.82,credit,Gas & Fuel,Checking
,8/17/2019,Credit Card Payment,116.26,debit,Shopping,Platinum Card
,10/7/2019,Brunch Restaurant,188.28,debit,Paycheck,Platinum Card
,5/8/2018,Credit Card Payment,148.59,credit,Paycheck,Silver Card
,5/23/2019,Shell,96.23,credit,Home Improvement,Checking
,8/13/2018,City Water Charges,134.42,credit,Haircut,Checking
,2/21/2018,Biweekly Paycheck,104.63,credit,Shopping,Checking
,11/5/2018,Biweekly Paycheck,103.89,credit,Groceries,Platinum Card
,7/28/2019,State Farm,129.49,credit,Television,Silver Card
,8/5/2018,Gas Company,51.18,credit,Shopping,Platinum Card
,10/21/2019,Phone Company,198.64,debit,Television,Silver Card
,3/5/2018,TechCorp Salary,67.62,debit,Restaurants,Silver Card
,7/31/2018,Roadside Diner,39.43,debit,Restaurants,Platinum Card
,10/27/2018,Shell,125.98,debit,Paycheck,Platinum Card
,2/23/2018,QuikTrip,101.87,credit,Music,Checking
,3/23/2019,Barbershop,65.71,debit,Utilities,Checking
,6/1/2018,Hardware Store,33.26,credit,Paycheck,Platinum Card
,6/11/2019,Mediterranean Restaurant,142.91,credit,Gas & Fuel,Silver Card
,2/10/2019,Power Company,176.91,credit,Haircut,Checking
,4/23/2019,Power Company,12.85,debit,Utilities,Platinum Card
,6/13/2018,Home Depot Hardware,10.63,debit,Utilities,Platinum Card
,10/27/2018,State Farm,90.68,debit,Coffee Shops,Silver Card
,9/14/2019,Gas Company,128.17,debit,Credit Card Payment,Platinum Card
,6/3/2018,Internet Service Provider,145.93,debit,Internet,Checking
,2/16/2019,Biweekly Paycheck,36.44,debit,Credit Card Payment,Platinum Card
,8/12/2019,QuikTrip,186.58,debit,Shopping,Silver Card
,5/15/2018,Barbershop,157.72,credit,Home Improvement,Platinum Card
,1/4/2019,Barbershop,138.85,credit,Mobile Phone,Checking
,8/17/2018,Brunch Restaurant,175.66,debit,Utilities,Platinum Card
,5/22/2018,State Farm,58.76,debit,Gas & Fuel,Platinum Card
,6/11/2018,Phone Company,157.8,credit,Auto Insurance,Platinum Card
,2/27/2019,Belgian Restaurant,118.75,credit,Shopping,Checking
,4/28/2018,Best Buy,128.69,credit,Paycheck,Silver Card
,10/24/2018,Seafood Restaurant,153.14,debit,Coffee Shops,Platinum Card
,8/3/2019,Credit Card Payment,193.58,debit,Utilities,Silver Card
,9/8/2019,Credit Card Payment,175.15,debit,Shopping,Platinum Card
,9/11/2019,Credit Card Payment,78.2,credit,Home Improvement,Platinum Card
,1/25/2019,Hardware Store,166.94,credit,Restaurants,Checking
,8/30/2018,City Water Charges,98.26,debit,Utilities,Platinum Card
,4/16/2019,Amazon,133.43,credit,Gas & Fuel,Checking
,2/3/2018,Home Depot Hardware,172.41,debit,Credit Card Payment,Platinum Card
,2/12/2018,Credit Card Payment,52.29,debit,Fast Food,Platinum Card
,6/2/2019,Gas Company,184.48,credit,Internet,Silver Card
,1/14/2019,Biweekly Paycheck,164.14,credit,Groceries,Platinum Card
,7/15/2018,Mortgage Payment,66.76,credit,Restaurants,Checking
,1/12/2019,Credit Card Payment,44.49,credit,Groceries,Silver Card
,2/22/2018,Spotify,118.76,debit,Shopping,Checking
,5/20/2018,Credit Card Payment,198.32,credit,Internet,Platinum Card
,2/12/2018,Belgian Restaurant,175.66,credit,Gas & Fuel,Platinum Card
,12/31/2018,Barbershop,91.07,credit,Groceries,Platinum Card
,3/7/2019,City Water Charges,13.78,credit,Gas & Fuel,Silver Card
,9/1/2018,Starbucks,76.01,credit,Gas & Fuel,Silver Card
,10/9/2018,BP,181.33,debit,Groceries,Checking
,7/9/2019,Credit Card Payment,191.45,debit,Utilities,Checking
,5/28/2018,Grocery Store,164.53,credit,Utilities,Silver Card
,7/18/2019,Amazon,80.62,credit,Utilities,Checking
,10/2/2018,Credit Card Payment,97.47,debit,Television,Platinum Card
,12/31/2018,Credit Card Payment,175.92,debit,Restaurants,Checking
,9/18/2019,Mediterranean Restaurant,185.51,debit,Gas & Fuel,Checking
,8/30/2019,Starbucks,99.99,credit,Home Improvement,Platinum Card
,4/26/2018,Gas Company,53.37,debit,Gas & Fuel,Checking
,8/30/2019,Movie Theater,20.21,credit,Shopping,Platinum Card
,7/13/2019,Whole Foods Market,134.86,credit,Coffee Shops,Platinum Card
,3/5/2019,Credit Card Payment,139.28,debit,Restaurants,Checking
,11/25/2018,Gas Company,19.99,credit,Home Improvement,Checking
,9/4/2018,Home Depot Hardware,25.71,credit,Credit Card Payment,Silver Card
,5/29/2019,Thai Restaurant,92.42,debit,Groceries,Checking
,2/11/2019,Grocery Store,109.24,debit,Internet,Silver Card
,10/2/2018,Netflix,64.18,debit,Internet,Silver Card
,8/29/2019,Credit Card Payment,157.17,debit,Auto Insurance,Checking
,8/10/2019,Shell,166.05,credit,Restaurants,Platinum Card
,1/5/2019,BP,194.68,credit,Movies & DVDs,Checking
,2/21/2018,Credit Card Payment,113.97,credit,Groceries,Checking
,9/3/2019,Grocery Store,66.29,credit,Mortgage & Rent,Checking
,4/18/2019,Grocery Store,57.38,debit,Shopping,Platinum Card
,6/12/2018,Credit Card Payment,186.86,credit,Auto Insurance,Checking
,4/29/2018,Seafood Restaurant,36.4,credit,Credit Card Payment,Silver Card
,3/5/2019,Amazon,184.42,credit,Movies & DVDs,Silver Card
,11/15/2018,Grocery Store,99.25,debit,Groceries,Checking
,7/8/2018,American Tavern,163.38,credit,Utilities,Silver Card
,8/15/2019,Brunch Restaurant,114.13,credit,Mortgage & Rent,Checking
,8/17/2019,Mediterranean Restaurant,147.63,debit,Restaurants,Checking
,4/27/2018,Gas Company,105.78,credit,Groceries,Checking
,6/4/2019,Gas Company,158.76,debit,Utilities,Platinum Card
,4/27/2018,Internet Service Provider,106.55,credit,Mortgage & Rent,Checking
,4/28/2019,Chick-Fil-A,42.14,credit,Home Improvement,Silver Card
,12/4/2018,Brewing Company,20.78,debit,Gas & Fuel,Platinum Card
,7/22/2018,Brewing Company,128.44,debit,Coffee Shops,Platinum Card
,5/7/2018,Movie Theater,181.32,debit,Music,Checking
,8/18/2018,Hardware Store,105.51,debit,Restaurants,Silver Card
,8/21/2019,Starbucks,153.31,credit,Restaurants,Checking
,12/26/2018,Credit Card Payment,169.19,debit,Fast Food,Checking
,2/23/2019,Bakery Place,54.04,credit,Coffee Shops,Platinum Card
,4/7/2019,Gas Company,79.93,debit,Gas & Fuel,Platinum Card
,1/30/2019,Brunch Restaurant,41.73,debit,Groceries,Platinum Card
,5/22/2018,Starbucks,80.18,debit,Credit Card Payment,Checking
,9/24/2018,State Farm,194.4,credit,Restaurants,Platinum Card
,2/24/2018,Credit Card Payment,91.57,debit,Shopping,Platinum Card
,10/16/2018,Internet Service Provider,127.37,debit,Gas & Fuel,Platinum Card
,3/14/2019,Power Company,107.0,credit,Utilities,Checking
,12/7/2018,Credit Card Payment,188.37,debit,Restaurants,Silver Card
,7/24/2019,Starbucks Coffee,14.28,debit,Paycheck,Platinum Card
,8/20/2018,Grocery Store,39.85,credit,Shopping,Silver Card
,2/19/2018,Spotify,110.36,credit,Restaurants,Platinum Card
,11/19/2018,Phone Company,13.07,credit,Restaurants,Checking
,5/9/2018,Greek Restaurant,62.47,debit,Movies & DVDs,Checking
,7/2/2018,Shell,74.19,debit,Utilities,Checking
,6/2/2018,American Tavern,122.93,debit,Home Improvement,Platinum Card
,10/4/2018,Circle K,121.04,debit,Gas & Fuel,Silver Card
,7/7/2018,Starbucks,96.4,credit,Fast Food,Checking
,6/14/2019,Food Truck,64.56,debit,Groceries,Checking
,7/30/2018,Grocery Store,92.47,debit,Gas & Fuel,Checking
,7/26/2018,BBQ Restaurant,192.4,credit,Restaurants,Checking
,6/7/2019,Phone Company,47.57,debit,Restaurants,Platinum Card
,10/29/2018,Valero,67.79,credit,Auto Insurance,Platinum Card
,7/27/2019,American Tavern,159.99,debit,Restaurants,Silver Card
,1/16/2018,Mexican Restaurant,45.27,credit,Shopping,Platinum Card
,10/27/2018,Gas Company,131.78,credit,Alcohol & Bars,Silver Card
,4/26/2018,Home Depot Hardware,38.48,debit,Credit Card Payment,Checking
,9/27/2019,Hardware Store,20.01,credit,Haircut,Silver Card
,3/22/2018,Credit Card Payment,163.05,credit,Groceries,Platinum Card
,8/14/2019,Wendy's,124.92,debit,Alcohol & Bars,Silver Card
,3/13/2018,Credit Card Payment,197.53,debit,Internet,Platinum Card
,8/6/2018,Whole Foods Market,34.33,credit,Restaurants,Silver Card
,7/4/2018,Gas Company,77.24,debit,Shopping,Silver Card
,3/17/2018,Power Company,28.7,debit,Gas & Fuel,Checking
,6/13/2018,Grocery Store,192.18,credit,Groceries,Silver Card
,4/22/2019,Belgian Restaurant,192.35,credit,Credit Card Payment,Platinum Card
,4/13/2019,Credit Card Payment,76.21,credit,Credit Card Payment,Silver Card
,3/17/2018,American Tavern,124.55,debit,Shopping,Platinum Card
,5/21/2019,Mortgage Payment,92.11,debit,Gas & Fuel,Platinum Card
,7/9/2019,Mexican Restaurant,71.0,credit,Music,Platinum Card
,3/17/2019,Barbershop,150.28,debit,Paycheck,Checking
,10/26/2019,Amazon,166.93,debit,Haircut,Checking
,4/10/2019,Mortgage Payment,79.16,debit,Internet,Silver Card
,10/7/2018,Brunch Restaurant,89.08,credit,Paycheck,Platinum Card
,6/10/2018,Internet Service Provider,69.76,credit,Shopping,Platinum Card
,11/12/2018,Starbucks Coffee,123.19,debit,Credit Card Payment,Checking
,7/21/2019,Credit Card Payment,63.73,credit,Restaurants,Platinum Card
,12/26/2018,Credit Card Payment,133.18,credit,Gas & Fuel,Platinum Card
,7/14/2018,Grocery Store,125.64,credit,Credit Card Payment,Platinum Card
,3/11/2018,Grocery Store,42.8,credit,Shopping,Platinum Card
,7/23/2018,Bojangles,17.94,debit,Groceries,Checking
,6/11/2019,Home Depot Hardware,70.03,credit,Auto Insurance,Platinum Card
,2/7/2018,Movie Theater,50.04,debit,Gas & Fuel,Platinum Card
,4/18/2019,Mortgage Payment,177.25,debit,Restaurants,Silver Card
,12/7/2018,Whole Foods Market,39.86,debit,Gas & Fuel,Checking
,2/4/2019,Credit Card Payment,193.07,credit,Paycheck,Platinum Card
,11/25/2018,Credit Card Payment,189.2,credit,Groceries,Silver Card
,11/22/2018,Grocery Store,9.16,credit,Haircut,Checking
,6/10/2019,Amazon,106.36,credit,Alcohol & Bars,Platinum Card
,7/13/2018,American Tavern,119.45,credit,Credit Card Payment,Platinum Card
,7/25/2018,Movie Theater,158.8,debit,Gas & Fuel,Platinum Card
,9/22/2019,Grocery Store,3.08,credit,Credit Card Payment,Silver Card
,12/20/2018,Whole Foods Market,146.65,credit,Shopping,Platinum Card
,6/11/2018,Credit Card Payment,130.49,debit,Groceries,Platinum Card
,9/23/2019,State Farm,161.11,debit,Movies & DVDs,Silver Card
,1/11/2019,Grocery Store,167.84,credit,Shopping,Silver Card
,3/14/2019,Amazon,151.91,credit,Coffee Shops,Checking
,6/23/2019,Roadside Diner,42.16,credit,Utilities,Silver Card
,5/10/2019,Brunch Restaurant,161.84,credit,Shopping,Checking
,7/1/2018,Grocery Store,96.73,credit,Shopping,Checking
,10/1/2019,Gas Company,110.98,debit,Shopping,Silver Card
,11/17/2018,Hardware Store,53.53,debit,Groceries,Platinum Card
,8/23/2019,Italian Restaurant,160.12,credit,Gas & Fuel,Platinum Card
,5/12/2019,Power Company,51.15,credit,Credit Card Payment,Checking
,11/15/2018,Power Company,7.82,debit,Internet,Checking
,8/8/2019,Home Depot Hardware,89.1,credit,Credit Card Payment,Checking
,6/8/2018,Brewing Company,182.12,credit,Alcohol & Bars,Platinum Card
,8/21/2018,Brewing Company,48.29,debit,Credit Card Payment,Checking
,6/18/2018,BP,160.14,debit,Utilities,Platinum Card
,10/22/2018,Home Depot Hardware,183.17,credit,Restaurants,Platinum Card
,12/20/2018,Starbucks,139.33,debit,Shopping,Checking
,2/22/2018,Grocery Store,157.72,debit,Groceries,Checking
,8/21/2019,Movie Theater,123.74,debit,Groceries,Platinum Card
,7/11/2018,Grocery Store,59.3,credit,Mortgage & Rent,Platinum Card
,9/7/2018,Gas Company,100.42,credit,Utilities,Silver Card
,2/23/2018,Thai Restaurant,25.4,credit,Home Improvement,Platinum Card
,6/9/2019,Credit Card Payment,93.41,debit,Paycheck,Silver Card
,3/7/2018,Steakhouse,197.81,credit,Paycheck,Platinum Card
,12/5/2018,Mortgage Payment,19.95,credit,Restaurants,Platinum Card
,3/9/2019,TechCorp Salary,89.9,credit,Gas & Fuel,Platinum Card
,6/7/2018,Home Depot Hardware,119.5,debit,Utilities,Platinum Card
,12/11/2018,Internet Service Provider,48.59,debit,Mobile Phone,Platinum Card
,1/4/2019,Credit Card Payment,183.1,debit,Mobile Phone,Platinum Card
,2/6/2019,Credit Card Payment,102.61,credit,Alcohol & Bars,Checking
,2/6/2018,Credit Card Payment,134.2,debit,Restaurants,Checking
,9/24/2019,State Farm,192.98,credit,Shopping,Platinum Card
,6/26/2018,Gas Company,135.57,debit,Gas & Fuel,Platinum Card
,7/20/2018,Credit Card Payment,6.33,debit,Groceries,Platinum Card
,4/19/2018,Whole Foods Market,66.92,debit,Groceries,Checking
,10/1/2019,Whole Foods Market,183.68,debit,Internet,Platinum Card
,8/19/2019,State Farm,182.01,credit,Gas & Fuel,Platinum Card
,8/19/2019,Biweekly Paycheck,18.1,credit,Gas & Fuel,Platinum Card
,1/30/2019,QuikTrip,50.6,credit,Shopping,Checking
,9/27/2019,Phone Company,193.11,debit,Utilities,Checking
,5/12/2018,American Tavern,83.91,credit,Paycheck,Platinum Card
,6/12/2019,State Farm,191.0,credit,Gas & Fuel,Checking
,6/30/2018,QuikTrip,7.46,credit,Credit Card Payment,Checking
,1/12/2019,American Tavern,69.87,debit,Shopping,Platinum Card
,5/15/2018,Netflix,58.82,credit,Home Improvement,Silver Card
,11/26/2018,Bojangles,68.37,debit,Home Improvement,Silver Card
,6/5/2018,QuikTrip,156.0,debit,Fast Food,Platinum Card
,4/28/2018,Starbucks Coffee,46.1,credit,Shopping,Platinum Card
,7/25/2019,TechCorp Salary,172.26,debit,Groceries,Silver Card
,7/8/2018,Amazon,8.38,debit,Home Improvement,Platinum Card
,5/16/2019,Credit Card Payment,173.5,credit,Credit Card Payment,Checking
,10/29/2019,Starbucks Coffee,50.14,debit,Shopping,Platinum Card
,1/13/2018,TechCorp Salary,99.88,credit,Restaurants,Checking
,6/3/2019,Credit Card Payment,76.85,debit,Coffee Shops,Silver Card
,4/27/2019,Credit Card Payment,47.86,debit,Credit Card Payment,Checking
,11/23/2018,TechCorp Salary,18.49,debit,Gas & Fuel,Platinum Card
,10/26/2019,Brewing Company,52.65,debit,Credit Card Payment,Silver Card
,1/22/2019,Credit Card Payment,169.78,credit,Auto Insurance,Platinum Card
,4/1/2018,Barbershop,171.37,credit,Restaurants,Checking
,3/8/2019,Biweekly Paycheck,199.51,credit,Home Improvement,Platinum Card
,8/31/2018,American Tavern,82.8,credit,Gas & Fuel,Silver Card
,6/26/2018,BBQ Restaurant,175.41,debit,Credit Card Payment,Platinum Card
,5/16/2019,State Farm,85.3,debit,Gas & Fuel,Platinum Card
,5/27/2018,Grocery Store,119.3,debit,Auto Insurance,Platinum Card
,4/4/2018,Whole Foods Market,99.15,debit,Restaurants,Silver Card
,1/13/2019,Spotify,8.78,debit,Restaurants,Platinum Card
,7/6/2018,Grocery Store,47.98,credit,Groceries,Checking
,1/21/2019,Whole Foods Market,70.3,credit,Restaurants,Platinum Card
,11/10/2018,City Water Charges,86.53,debit,Movies & DVDs,Silver Card
,9/15/2018,Best Buy,22.57,debit,Credit Card Payment,Silver Card
,4/17/2018,Credit Card Payment,165.52,credit,Groceries,Checking
,10/10/2018,Grocery Store,168.49,debit,Gas & Fuel,Checking
,3/8/2019,Credit Card Payment,150.39,debit,Credit Card Payment,Platinum Card
,5/1/2019,Vietnamese Restaurant,107.61,debit,Credit Card Payment,Platinum Card
,9/30/2018,Phone Company,103.78,credit,Coffee Shops,Platinum Card
,12/4/2018,Starbucks,48.02,credit,Paycheck,Silver Card
,8/10/2018,Grocery Store,29.6,debit,Coffee Shops,Checking
,9/10/2018,Amazon,127.91,credit,Music,Platinum Card
,9/21/2019,Grocery Store,145.27,debit,Shopping,Platinum Card
,9/21/2018,Whole Foods Market,48.41,credit,Movies & DVDs,Platinum Card
,6/7/2018,Vietnamese Restaurant,3.9,credit,Auto Insurance,Platinum Card
,3/29/2019,Shell,15.74,credit,Credit Card Payment,Platinum Card
,4/18/2019,Amazon,188.6,debit,Credit Card Payment,Platinum Card
,8/14/2019,Brewing Company,176.65,credit,Home Improvement,Platinum Card
,7/23/2018,Brewing Company,110.83,credit,Coffee Shops,Silver Card
,3/9/2019,Thai Restaurant,132.33,credit,Auto Insurance,Checking
,1/14/2019,Amazon,74.03,debit,Home Improvement,Platinum Card
,3/14/2018,Credit Card Payment,22.8,debit,Credit Card Payment,Checking
,10/2/2019,Brewing Company,1.27,debit,Movies & DVDs,Checking
,7/12/2018,Credit Card Payment,31.84,credit,Restaurants,Platinum Card
,10/29/2019,Grocery Store,76.8,credit,Paycheck,Platinum Card
,5/2/2019,Brewing Company,70.96,credit,Credit Card Payment,Platinum Card
,4/21/2019,Credit Card Payment,48.06,credit,Shopping,Platinum Card
,11/2/2018,Credit Card Payment,53.25,credit,Paycheck,Checking
,12/25/2018,City Water Charges,81.93,debit,Fast Food,Checking
,5/25/2018,Credit Card Payment,126.02,credit,Auto Insurance,Silver Card
,6/12/2018,Brewing Company,114.95,debit,Gas & Fuel,Platinum Card
,5/22/2018,Biweekly Paycheck,37.94,debit,Coffee Shops,Checking
,11/24/2018,Credit Card Payment,195.46,credit,Shopping,Platinum Card
,4/6/2018,Starbucks,13.2,debit,Alcohol & Bars,Platinum Card
,9/3/2018,Credit Card Payment,16.02,debit,Credit Card Payment,Platinum Card
,9/16/2018,Italian Restaurant,104.52,credit,Shopping,Checking
,7/31/2018,Internet Service Provider,9.06,debit,Mobile Phone,Platinum Card
,11/23/2018,Internet Service Provider,49.28,credit,Paycheck,Checking
,7/14/2018,American Tavern,187.86,debit,Shopping,Platinum Card
,1/7/2019,Gas Company,22.17,debit,Coffee Shops,Platinum Card
,8/6/2018,QuikTrip,25.11,credit,Haircut,Platinum Card
,3/20/2018,Gas Company,130.92,credit,Shopping,Checking
,8/18/2018,Amazon,2.68,debit,Credit Card Payment,Platinum Card
,4/29/2018,Credit Card Payment,45.28,debit,Paycheck,Silver Card
,1/25/2019,American Tavern,161.65,credit,Gas & Fuel,Platinum Card
,9/12/2019,Whole Foods Market,35.99,credit,Haircut,Platinum Card
,3/19/2018,American Tavern,45.79,credit,Restaurants,Platinum Card
,1/31/2019,Credit Card Payment,56.53,credit,Groceries,Platinum Card
,5/1/2018,Brewing Company,194.92,debit,Home Improvement,Platinum Card
,1/5/2019,Whole Foods Market,34.62,credit,Movies & DVDs,Platinum Card
,4/4/2019,Amazon,100.35,debit,Mortgage & Rent,Silver Card
,7/13/2018,Internet Service Provider,30.65,debit,Groceries,Platinum Card
,2/28/2018,Credit Card Payment,98.63,credit,Credit Card Payment,Platinum Card
,10/2/2019,Amazon,191.44,debit,Utilities,Platinum Card
,4/23/2018,Whole Foods Market,176.41,credit,Alcohol & Bars,Checking
,3/17/2018,Credit Card Payment,130.32,credit,Restaurants,Platinum Card
,6/4/2018,Internet Service Provider,32.62,debit,Groceries,Silver Card
,4/20/2019,Credit Card Payment,147.08,debit,Fast Food,Platinum Card
,2/10/2019,Credit Card Payment,21.12,credit,Credit Card Payment,Checking
,3/5/2018,BBQ Restaurant,73.73,debit,Credit Card Payment,Silver Card
,2/26/2018,Credit Card Payment,196.65,debit,Paycheck,Platinum Card
,4/8/2019,Hardware Store,39.91,debit,Credit Card Payment,Platinum Card
,4/13/2019,Barbershop,69.96,debit,Fast Food,Platinum Card
,4/12/2019,Amazon,132.68,credit,Coffee Shops,Checking
,9/11/2019,Starbucks,75.23,credit,Utilities,Checking
,12/20/2018,Whole Foods Market,106.78,debit,Credit Card Payment,Platinum Card
,6/27/2019,City Water Charges,42.31,debit,Credit Card Payment,Platinum Card
,2/27/2018,Credit Card Payment,91.98,credit,Groceries,Platinum Card
,10/8/2019,Amazon,191.36,debit,Auto Insurance,Platinum Card
,2/4/2019,Amazon,109.2,credit,Restaurants,Checking
,7/18/2018,QuikTrip,82.28,credit,Utilities,Checking
,12/20/2018,Gas Company,133.83,debit,Alcohol & Bars,Silver Card
,8/8/2019,Grocery Store,3.03,debit,Internet,Checking
,8/24/2019,American Tavern,195.37,credit,Gas & Fuel,Checking
,5/28/2018,Brunch Restaurant,40.0,debit,Music,Platinum Card
,11/25/2018,Credit Card Payment,153.89,debit,Paycheck,Silver Card
,8/4/2019,Credit Card Payment,135.49,credit,Alcohol & Bars,Checking
,5/16/2019,Netflix,191.85,debit,Gas & Fuel,Platinum Card
,5/29/2019,Grocery Store,14.03,debit,Paycheck,Platinum Card
,4/15/2018,BP,94.27,debit,Gas & Fuel,Checking
,4/20/2018,Liquor Store,155.84,debit,Shopping,Platinum Card
,8/16/2019,Biweekly Paycheck,104.95,debit,Utilities,Checking
,10/15/2018,Grocery Store,4.6,debit,Credit Card Payment,Checking
,12/12/2018,State Farm,17.89,debit,Groceries,Platinum Card
,1/8/2018,Brunch Restaurant,185.19,credit,Restaurants,Platinum Card
,6/8/2018,Biweekly Paycheck,93.14,debit,Shopping,Platinum Card
,10/28/2018,Credit Card Payment,126.84,debit,Restaurants,Checking
,1/17/2019,Starbucks,64.32,debit,Credit Card Payment,Silver Card
,5/7/2018,State Farm,61.06,debit,Shopping,Platinum Card
,3/24/2018,Mike's Construction Co.,6.94,credit,Music,Silver Card
,9/21/2019,TechCorp Salary,172.15,credit,Coffee Shops,Platinum Card
,8/22/2019,Barbershop,120.73,debit,Utilities,Silver Card
,3/4/2019,Belgian Restaurant,199.64,debit,Paycheck,Silver Card
,12/14/2018,Starbucks,155.74,debit,Credit Card Payment,Silver Card
,9/25/2019,Power Company,138.81,credit,Music,Silver Card
,7/26/2018,TechCorp Salary,30.62,credit,Restaurants,Checking
,8/16/2018,Brewing Company,53.61,credit,Credit Card Payment,Silver Card
,7/24/2018,Shell,54.33,credit,Restaurants,Platinum Card
,10/14/2018,Whole Foods Market,160.4,credit,Restaurants,Silver Card
,5/30/2018,Thai Restaurant,186.64,credit,Haircut,Platinum Card
,8/2/2018,Starbucks Coffee,87.9,credit,Mortgage & Rent,Silver Card
,8/18/2019,Internet Service Provider,2.27,debit,Groceries,Platinum Card
,4/4/2018,Spotify,177.14,debit,Restaurants,Silver Card
,12/8/2018,TechCorp Salary,88.58,credit,Restaurants,Silver Card
,3/6/2019,Power Company,31.79,credit,Alcohol & Bars,Platinum Card
,2/18/2018,Amazon Video,145.19,credit,Credit Card Payment,Platinum Card
,7/26/2018,City Water Charges,12.2,debit,Shopping,Silver Card
,11/18/2018,Power Company,64.27,credit,Gas & Fuel,Silver Card
,8/30/2019,Hardware Store,63.42,debit,Credit Card Payment,Platinum Card
,1/8/2019,City Water Charges,52.55,debit,Gas & Fuel,Checking
,9/28/2019,Internet Service Provider,173.58,credit,Shopping,Platinum Card
,9/19/2019,Barbershop,11.3,debit,Groceries,Platinum Card
,1/27/2019,Whole Foods Market,183.65,credit,Haircut,Platinum Card
,3/18/2018,Biweekly Paycheck,13.27,credit,Gas & Fuel,Platinum Card
,9/23/2019,Power Company,192.77,credit,Auto Insurance,Checking
,8/1/2018,Whole Foods Market,10.65,debit,Mortgage & Rent,Platinum Card
,5/11/2018,QuikTrip,104.6,credit,Food & Dining,Platinum Card
,3/26/2018,Home Depot Hardware,57.09,credit,Shopping,Checking
,5/12/2019,Phone Company,40.97,debit,Coffee Shops,Checking
,5/15/2018,Power Company,33.2,debit,Internet,Checking
,4/8/2018,Belgian Restaurant,196.57,debit,Restaurants,Checking
,6/8/2018,Amazon,82.08,credit,Electronics & Software,Platinum Card
,3/14/2019,Home Depot Hardware,87.73,debit,Mortgage & Rent,Checking
,9/17/2019,Credit Card Payment,128.47,credit,Paycheck,Platinum Card
,11/30/2018,Pizza Place,1.38,credit,Utilities,Checking
,8/17/2018,Biweekly Paycheck,17.2,debit,Restaurants,Checking
,9/7/2018,Biweekly Paycheck,173.37,credit,Paycheck,Platinum Card
,1/28/2019,Shell,198.72,credit,Groceries,Platinum Card
,12/14/2018,City Water Charges,5.53,debit,Fast Food,Platinum Card
,5/10/2018,Gas Company,61.34,credit,Paycheck,Checking
,3/12/2019,Barbershop,39.11,credit,Coffee Shops,Platinum Card
,12/8/2018,Bojangles,85.68,debit,Shopping,Platinum Card
,10/29/2018,Grocery Store,91.74,debit,Movies & DVDs,Platinum Card
,9/21/2019,Grocery Store,49.74,credit,Restaurants,Checking
,11/21/2018,Credit Card Payment,173.67,debit,Credit Card Payment,Silver Card
,1/10/2018,Gas Company,43.17,debit,Credit Card Payment,Checking
,6/12/2018,Netflix,106.61,credit,Utilities,Checking
,8/20/2018,Starbucks Coffee,82.51,credit,Utilities,Checking
,1/28/2018,Gas Company,48.84,debit,Gas & Fuel,Checking
,11/8/2018,Shell,162.06,debit,Credit Card Payment,Silver Card
,1/19/2018,Brunch Restaurant,119.95,credit,Restaurants,Silver Card
,11/15/2018,American Tavern,169.52,debit,Credit Card Payment,Platinum Card
,6/19/2018,Barbershop,34.44,credit,Groceries,Platinum Card
,8/5/2018,Amazon,149.29,credit,Credit Card Payment,Silver Card
,3/22/2019,Amazon,67.61,debit,Utilities,Checking
,3/25/2018,Gas Company,45.28,credit,Paycheck,Platinum Card
,2/3/2018,Mediterranean Restaurant,66.98,credit,Groceries,Platinum Card
,11/14/2018,Credit Card Payment,79.34,credit,Credit Card Payment,Platinum Card
,8/6/2019,Roadside Diner,22.25,debit,Paycheck,Silver Card
,11/18/2018,Brewing Company,160.16,credit,Groceries,Silver Card
,10/22/2018,Starbucks,161.88,credit,Home Improvement,Platinum Card
,10/19/2018,Power Company,19.74,debit,Groceries,Platinum Card
,9/17/2018,Netflix,36.85,credit,Alcohol & Bars,Silver Card
,3/13/2018,Shell,85.29,credit,Shopping,Checking
,8/19/2018,Amazon,67.84,credit,Paycheck,Platinum Card
,4/18/2018,Credit Card Payment,81.92,credit,Shopping,Silver Card
,4/24/2019,BP,150.42,debit,Gas & Fuel,Platinum Card
,11/1/2018,Credit Card Payment,47.82,debit,Home Improvement,Checking
,1/23/2019,Grocery Store,36.32,credit,Credit Card Payment,Silver Card
,4/6/2018,Starbucks,190.45,debit,Groceries,Checking
,3/14/2019,Credit Card Payment,177.85,debit,Mobile Phone,Checking
,3/21/2018,City Water Charges,170.62,debit,Paycheck,Checking
,4/17/2019,Phone Company,171.15,credit,Internet,Platinum Card
,8/14/2019,Biweekly Paycheck,8.96,credit,Groceries,Platinum Card
,9/14/2019,Whole Foods Market,8.61,credit,Electronics & Software,Platinum Card
,11/23/2018,Brewing Company,150.53,debit,Home Improvement,Platinum Card
,9/30/2019,Mortgage Payment,166.39,debit,Alcohol & Bars,Checking
,7/2/2018,Japanese Restaurant,148.7,debit,Restaurants,Platinum Card
,12/31/2018,Netflix Subscription,109.53,debit,Credit Card Payment,Platinum Card
,7/6/2018,Mortgage Payment,170.09,credit,Television,Checking
,7/28/2018,Whole Foods Market,138.1,credit,Utilities,Silver Card
,5/18/2019,Credit Card Payment,187.87,debit,Internet,Checking
,9/30/2019,Home Depot Hardware,27.12,credit,Utilities,Silver Card
,7/14/2018,Whole Foods Market,135.32,credit,Groceries,Checking
,5/29/2019,Phone Company,125.07,credit,Restaurants,Silver Card
,12/22/2019,Biweekly Paycheck,49.82,debit,Groceries,Silver Card
,5/15/2019,Credit Card Payment,199.04,credit,Haircut,Checking
,6/26/2018,Grocery Store,103.44,credit,Restaurants,Checking
,8/10/2018,Starbucks Coffee,194.03,credit,Credit Card Payment,Checking
,7/11/2019,Credit Card Payment,47.61,credit,Music,Checking
,3/30/2018,Whole Foods Market,9.39,debit,Credit Card Payment,Platinum Card
,8/25/2018,Netflix,138.13,debit,Groceries,Platinum Card
,6/14/2019,Grocery Store,96.89,credit,Paycheck,Checking
,6/27/2019,Hardware Store,194.03,credit,Restaurants,Silver Card
,4/1/2019,Brewing Company,162.44,debit,Shopping,Platinum Card
,9/7/2018,Starbucks,4.34,debit,Utilities,Platinum Card
,6/27/2019,Biweekly Paycheck,133.18,debit,Groceries,Checking
,5/4/2019,Grocery Store,152.44,credit,Restaurants,Platinum Card
,6/22/2018,Internet Service Provider,174.05,credit,Groceries,Platinum Card
,10/27/2018,Amazon,181.89,credit,Auto Insurance,Silver Card
,2/2/2018,Biweekly Paycheck,142.62,credit,Shopping,Silver Card
,8/5/2018,Credit Card Payment,44.7,credit,Fast Food,Checking
,5/8/2019,TechCorp Salary,32.85,debit,Groceries,Platinum Card
,10/8/2019,Starbucks,98.91,debit,Utilities,Platinum Card
,7/17/2019,American Tavern,41.1,debit,Utilities,Checking
,12/31/2018,Biweekly Paycheck,18.15,credit,Alcohol & Bars,Platinum Card
,7/26/2018,Shell,119.65,credit,Credit Card Payment,Platinum Card
,4/29/2018,Starbucks Coffee,52.91,credit,Fast Food,Platinum Card
,6/9/2019,Netflix,70.59,credit,Credit Card Payment,Platinum Card
,1/19/2019,Starbucks,71.49,credit,Credit Card Payment,Silver Card
,3/26/2019,Best Buy,62.91,debit,Haircut,Platinum Card
,10/17/2019,Credit Card Payment,120.78,credit,Gas & Fuel,Checking
,3/13/2018,Mike's Construction Co.,148.66,debit,Groceries,Checking
,11/11/2018,Starbucks,169.23,debit,Paycheck,Platinum Card
,10/5/2018,Credit Card Payment,39.46,debit,Gas & Fuel,Platinum Card
,3/10/2019,Biweekly Paycheck,155.79,credit,Internet,Checking
,4/26/2018,Whole Foods Market,153.59,credit,Internet,Platinum Card
,3/20/2019,Mexican Restaurant,60.33,credit,Paycheck,Silver Card
,9/10/2019,Starbucks Coffee,151.45,debit,Paycheck,Silver Card
,8/2/2018,Chick-Fil-A,165.52,debit,Credit Card Payment,Silver Card
,9/10/2019,Shell,177.35,credit,Groceries,Silver Card
,6/13/2018,City Water Charges,149.35,credit,Credit Card Payment,Checking
,6/19/2018,Brewing Company,121.89,credit,Alcohol & Bars,Checking
,8/11/2019,Biweekly Paycheck,110.17,debit,Haircut,Platinum Card
,5/11/2018,Grocery Store,12.91,credit,Utilities,Silver Card
,9/28/2019,Whole Foods Market,184.72,debit,Restaurants,Platinum Card
,2/28/2019,Shell,195.97,debit,Paycheck,Platinum Card
,3/13/2019,Credit Card Payment,93.78,debit,Home Improvement,Checking
,2/5/2018,Mortgage Payment,22.82,credit,Haircut,Silver Card
,4/3/2018,Sushi Restaurant,10.73,debit,Utilities,Platinum Card
,12/7/2018,Gas Company,61.44,credit,Internet,Platinum Card
,12/20/2018,BP,62.68,credit,Credit Card Payment,Platinum Card
,12/14/2018,Japanese Restaurant,74.96,credit,Utilities,Checking
,12/3/2018,Movie Theater,197.88,credit,Fast Food,Silver Card
,11/23/2018,Credit Card Payment,50.48,credit,Paycheck,Checking
,9/24/2019,Grocery Store,108.78,credit,Food & Dining,Platinum Card
,8/22/2018,Whole Foods Market,148.54,debit,Shopping,Checking
,11/1/2019,Bojangles,196.82,credit,Groceries,Silver Card
,11/23/2018,American Tavern,148.25,debit,Mortgage & Rent,Platinum Card
,2/12/2018,Credit Card Payment,198.09,credit,Groceries,Checking
,1/24/2018,Gas Company,47.31,credit,Groceries,Platinum Card
,8/22/2018,Whole Foods Market,100.22,debit,Groceries,Platinum Card
,3/12/2018,Grocery Store,35.59,debit,Fast Food,Platinum Card
,7/20/2019,Brewing Company,80.29,debit,Credit Card Payment,Platinum Card
,3/9/2019,Bojangles,75.43,credit,Coffee Shops,Silver Card
,11/7/2018,Hardware Store,185.63,debit,Groceries,Checking
,10/15/2019,Credit Card Payment,96.87,credit,Auto Insurance,Platinum Card
,11/13/2018,Chick-Fil-A,46.66,credit,Credit Card Payment,Silver Card
,12/15/2018,Starbucks Coffee,171.28,credit,Paycheck,Checking
,3/3/2018,Biweekly Paycheck,83.0,debit,Groceries,Checking
,3/14/2018,Amazon,105.14,credit,Groceries,Silver Card
,12/30/2018,Starbucks,160.66,debit,Credit Card Payment,Checking
,3/15/2018,Biweekly Paycheck,140.68,credit,Restaurants,Platinum Card
,4/19/2019,Amazon,117.01,credit,Movies & DVDs,Platinum Card
,9/13/2019,Credit Card Payment,42.4,credit,Shopping,Platinum Card
,7/9/2019,State Farm,127.79,credit,Auto Insurance,Platinum Card
,7/19/2019,Credit Card Payment,177.99,debit,Auto Insurance,Platinum Card
,3/24/2018,Brewing Company,93.08,credit,Restaurants,Platinum Card
,9/9/2018,Credit Card Payment,199.73,credit,Groceries,Platinum Card
,9/19/2019,Home Depot Hardware,73.28,credit,Paycheck,Platinum Card
,8/22/2019,Grocery Store,191.46,credit,Utilities,Platinum Card
,2/16/2018,Gas Company,57.95,credit,Paycheck,Silver Card
,3/14/2019,Thai Restaurant,103.97,credit,Home Improvement,Silver Card
,10/22/2018,Brunch Restaurant,13.93,debit,Restaurants,Platinum Card
,8/20/2019,City Water Charges,102.93,credit,Utilities,Checking
,6/30/2019,Barbershop,143.22,debit,Auto Insurance,Silver Card
,6/6/2019,Whole Foods Market,199.0,debit,Paycheck,Checking
,7/12/2019,Pizza Place,65.94,debit,Fast Food,Platinum Card
,4/4/2019,QuikTrip,20.45,debit,Coffee Shops,Checking
,11/30/2018,Grocery Store,108.12,debit,Home Improvement,Silver Card
,1/22/2018,Credit Card Payment,43.14,credit,Gas & Fuel,Platinum Card
,6/19/2018,Greek Restaurant,127.96,credit,Paycheck,Silver Card
,5/26/2019,TechCorp Salary,153.56,debit,Groceries,Checking
,8/4/2018,Phone Company,52.48,debit,Movies & DVDs,Platinum Card
,3/4/2018,Food Truck,125.92,credit,Credit Card Payment,Silver Card
,6/22/2018,Movie Theater,173.23,credit,Credit Card Payment,Silver Card
,3/20/2019,Whole Foods Market,90.02,credit,Paycheck,Silver Card
,1/10/2019,Power Company,184.46,debit,Movies & DVDs,Checking
,4/9/2019,Credit Card Payment,196.47,credit,Alcohol & Bars,Platinum Card
,1/27/2019,Mortgage Payment,104.28,credit,Utilities,Platinum Card
,2/8/2019,Grocery Store,137.14,credit,Credit Card Payment,Silver Card
,9/27/2019,Shell,162.27,credit,Credit Card Payment,Checking
,11/20/2018,Whole Foods Market,80.92,debit,Coffee Shops,Platinum Card
,9/23/2019,Internet Service Provider,86.64,credit,Internet,Platinum Card
,2/1/2019,Credit Card Payment,14.45,debit,Credit Card Payment,Platinum Card
,6/20/2019,Brunch Restaurant,136.43,debit,Restaurants,Platinum Card
,2/11/2019,Barbershop,92.54,credit,Home Improvement,Silver Card
,12/30/2018,Home Depot Hardware,82.58,credit,Restaurants,Silver Card
,5/29/2018,Credit Card Payment,135.95,credit,Credit Card Payment,Silver Card
,6/4/2019,Phone Company,17.41,credit,Groceries,Checking
,9/8/2018,Credit Card Payment,152.02,debit,Paycheck,Platinum Card
,8/17/2019,Credit Card Payment,62.28,credit,Movies & DVDs,Checking
,8/6/2019,Credit Card Payment,159.88,credit,Mortgage & Rent,Platinum Card
,8/13/2018,Hardware Store,8.8,debit,Shopping,Checking
,1/26/2019,Grocery Store,38.6,credit,Home Improvement,Checking
,10/14/2018,Amazon,64.57,debit,Mortgage & Rent,Checking
,10/12/2018,American Tavern,166.3,debit,Utilities,Platinum Card
,4/22/2018,Barbershop,104.29,debit,Entertainment,Silver Card
,9/28/2018,Gas Company,119.39,credit,Mobile Phone,Platinum Card
,10/14/2018,Amazon,120.59,debit,Music,Checking
,3/15/2018,Grocery Store,116.12,debit,Credit Card Payment,Checking
,12/8/2018,State Farm,18.7,credit,Paycheck,Platinum Card
,9/27/2018,Starbucks,19.96,debit,Gas & Fuel,Silver Card
,6/6/2018,Home Depot Hardware,48.06,debit,Groceries,Silver Card
,7/4/2018,Phone Company,169.86,debit,Electronics & Software,Checking
,3/7/2018,Target,75.06,debit,Credit Card Payment,Platinum Card
,9/30/2019,Seafood Restaurant,48.47,credit,Groceries,Silver Card
,12/21/2018,Brunch Restaurant,173.98,debit,Groceries,Silver Card
,3/17/2019,Whole Foods Market,176.11,credit,Credit Card Payment,Platinum Card
,1/3/2019,Internet Service Provider,22.87,debit,Credit Card Payment,Checking
,4/19/2018,TechCorp Salary,117.39,credit,Credit Card Payment,Platinum Card
,1/31/2019,Brewing Company,120.7,debit,Groceries,Platinum Card
,5/14/2018,Grocery Store,195.66,credit,Credit Card Payment,Platinum Card
,11/13/2018,Pizza Place,166.35,debit,Auto Insurance,Platinum Card
,9/6/2018,Shell,141.4,debit,Gas & Fuel,Platinum Card
,8/8/2019,Mediterranean Restaurant,199.72,debit,Movies & DVDs,Silver Card
,9/27/2019,Brewing Company,21.22,debit,Restaurants,Platinum Card
,9/18/2019,Credit Card Payment,145.95,debit,Credit Card Payment,Silver Card
,8/25/2019,Grocery Store,86.46,debit,Credit Card Payment,Platinum Card
,8/7/2019,Credit Card Payment,72.16,credit,Utilities,Platinum Card
,8/15/2019,American Tavern,162.19,credit,Restaurants,Platinum Card
,9/2/2018,Phone Company,36.34,debit,Home Improvement,Platinum Card
,9/14/2019,State Farm,32.2,debit,Shopping,Platinum Card
,3/26/2019,Spotify,168.01,debit,Home Improvement,Platinum Card
,11/3/2019,Credit Card Payment,183.17,credit,Shopping,Checking
,8/16/2019,American Tavern,165.22,credit,Shopping,Checking
,5/6/2019,Gas Company,148.49,credit,Auto Insurance,Silver Card
,5/29/2018,BP,119.1,debit,Credit Card Payment,Platinum Card
,5/29/2019,Credit Card Payment,110.02,credit,Utilities,Platinum Card
,5/8/2018,City Water Charges,118.64,debit,Fast Food,Platinum Card
,1/20/2019,Internet Service Provider,146.89,credit,Mobile Phone,Silver Card
,9/1/2018,Thai Restaurant,116.95,credit,Groceries,Platinum Card
,5/31/2019,Whole Foods Market,56.76,debit,Paycheck,Platinum Card
,7/29/2018,Barbershop,74.64,debit,Home Improvement,Platinum Card
,2/13/2019,Whole Foods Market,79.66,debit,Home Improvement,Silver Card
,3/10/2018,Credit Card Payment,171.91,credit,Gas & Fuel,Checking
,5/8/2018,TechCorp Salary,131.85,debit,Groceries,Checking
,8/14/2018,Credit Card Payment,38.94,credit,Paycheck,Platinum Card
,9/8/2018,City Water Charges,150.92,debit,Groceries,Silver Card
,7/31/2018,State Farm,60.35,credit,Groceries,Checking
,6/6/2018,Movie Theater,30.34,credit,Gas & Fuel,Checking
,1/29/2019,Internet Service Provider,179.01,debit,Paycheck,Platinum Card
,6/20/2018,Greek Restaurant,49.53,debit,Groceries,Checking
,9/8/2019,Whole Foods Market,166.02,credit,Alcohol & Bars,Platinum Card
,12/27/2018,Grocery Store,56.18,debit,Shopping,Platinum Card
,5/13/2018,Starbucks,92.63,credit,Electronics & Software,Silver Card
,5/5/2019,Whole Foods Market,57.73,debit,Shopping,Silver Card
,5/2/2018,Mike's Construction Co.,153.64,debit,Shopping,Silver Card
,6/14/2018,Internet Service Provider,178.72,debit,Paycheck,Platinum Card
,5/19/2019,Credit Card Payment,60.96,credit,Restaurants,Platinum Card
,8/14/2018,Biweekly Paycheck,118.56,credit,Utilities,Platinum Card
,12/27/2018,American Tavern,29.73,credit,Coffee Shops,Platinum Card
,9/8/2018,Shell,160.23,credit,Coffee Shops,Platinum Card
,9/3/2019,Credit Card Payment,102.55,debit,Internet,Checking
,2/13/2018,Whole Foods Market,112.66,debit,Credit Card Payment,Checking
,5/10/2018,Grocery Store,68.63,credit,Restaurants,Silver Card
,7/5/2019,Credit Card Payment,50.7,credit,Television,Platinum Card
,3/21/2019,Home Depot Hardware,192.25,debit,Home Improvement,Checking
,10/5/2018,Starbucks,125.97,debit,Restaurants,Checking
,1/4/2019,Brunch Restaurant,29.37,credit,Credit Card Payment,Checking
,9/10/2018,Internet Service Provider,195.3,debit,Shopping,Platinum Card
,11/8/2018,State Farm,21.05,debit,Restaurants,Platinum Card
,4/17/2019,Seafood Restaurant,97.46,credit,Alcohol & Bars,Checking
,7/15/2018,Whole Foods Market,40.02,debit,Groceries,Platinum Card
,6/29/2018,Pizza Place,163.14,credit,Haircut,Checking
,6/16/2018,Grocery Store,122.95,credit,Groceries,Platinum Card
,3/27/2018,Credit Card Payment,78.01,credit,Paycheck,Silver Card
,5/31/2018,Thai Restaurant,112.83,debit,Internet,Silver Card
,8/26/2019,Greek Restaurant,162.22,debit,Mobile Phone,Checking
,4/19/2019,Credit Card Payment,88.37,credit,Credit Card Payment,Checking
,8/29/2019,Grocery Store,25.62,debit,Mobile Phone,Platinum Card
,10/16/2019,American Tavern,168.38,debit,Auto Insurance,Platinum Card
,7/19/2018,Amazon Video,145.03,credit,Restaurants,Silver Card
,8/13/2019,Amazon,190.95,debit,Mortgage & Rent,Platinum Card
,8/23/2018,Chick-Fil-A,38.15,debit,Credit Card Payment,Platinum Card
,6/11/2018,Brewing Company,35.13,debit,Restaurants,Silver Card
,6/21/2019,Grocery Store,60.86,credit,Utilities,Platinum Card
,10/25/2019,Whole Foods Market,5.88,debit,Credit Card Payment,Checking
,8/5/2019,Spotify,185.19,debit,Groceries,Silver Card
,3/26/2018,Home Depot Hardware,1.0,credit,Credit Card Payment,Silver Card
,7/15/2018,Amazon,198.57,credit,Shopping,Platinum Card
,6/12/2018,Grocery Store,139.79,credit,Paycheck,Checking
,8/18/2019,Brewing Company,14.36,debit,Mortgage & Rent,Silver Card
,5/17/2018,Mortgage Payment,54.43,credit,Alcohol & Bars,Platinum Card
,8/27/2019,American Tavern,137.4,debit,Movies & DVDs,Platinum Card
,8/24/2019,Mortgage Payment,51.95,debit,Shopping,Checking
,11/7/2019,Starbucks Coffee,48.36,credit,Groceries,Silver Card
,5/2/2019,Grocery Store,61.37,debit,Utilities,Checking
,6/2/2019,Phone Company,142.79,credit,Utilities,Platinum Card
,2/2/2019,Power Company,17.37,debit,Credit Card Payment,Silver Card
,12/9/2018,Credit Card Payment,182.07,credit,Restaurants,Checking
,11/18/2018,Barbershop,136.28,credit,Coffee Shops,Silver Card
,4/10/2019,Barbershop,53.35,debit,Credit Card Payment,Checking
,1/5/2019,Spotify,162.67,credit,Groceries,Platinum Card
,10/3/2018,Starbucks,54.37,credit,Shopping,Checking
,5/6/2019,Amazon,124.26,debit,Credit Card Payment,Silver Card
,5/29/2018,State Farm,146.63,debit,Restaurants,Platinum Card
,4/23/2018,Home Depot Hardware,175.6,debit,Home Improvement,Checking
,11/26/2018,Gas Company,13.44,credit,Internet,Checking
,10/18/2019,Wendy's,94.8,debit,Internet,Checking
,7/23/2019,Whole Foods Market,47.7,credit,Movies & DVDs,Checking
,3/28/2018,Whole Foods Market,132.52,debit,Coffee Shops,Platinum Card
,3/19/2019,Netflix,87.96,debit,Haircut,Checking
,4/27/2019,Credit Card Payment,161.32,debit,Alcohol & Bars,Platinum Card
,12/8/2018,Credit Card Payment,25.3,debit,Utilities,Silver Card
,5/22/2018,Brewing Company,183.74,debit,Gas & Fuel,Platinum Card
,1/26/2018,Power Company,36.28,credit,Auto Insurance,Platinum Card
,2/3/2019,Credit Card Payment,190.5,credit,Credit Card Payment,Platinum Card
,7/4/2018,Amazon,129.6,credit,Internet,Platinum Card
,4/20/2019,Grocery Store,76.25,credit,Coffee Shops,Platinum Card
,4/30/2018,Mortgage Payment,11.57,credit,Paycheck,Checking
,8/28/2019,Gas Company,197.88,debit,Restaurants,Platinum Card
,11/18/2018,Grocery Store,187.38,debit,Groceries,Checking
,9/20/2019,TechCorp Salary,16.49,credit,Coffee Shops,Platinum Card
,9/13/2018,Amazon,37.77,debit,Home Improvement,Platinum Card
,3/31/2019,Grocery Store,96.46,debit,Auto Insurance,Platinum Card
,3/14/2018,Credit Card Payment,90.43,debit,Utilities,Checking
,5/22/2019,Gas Company,103.91,credit,Food & Dining,Checking
,8/31/2019,Chick-Fil-A,134.09,credit,Groceries,Platinum Card
,3/2/2018,Gas Company,158.78,credit,Credit Card Payment,Checking
,3/18/2018,Grocery Store,12.65,debit,Credit Card Payment,Silver Card
,3/2/2018,Credit Card Payment,29.85,debit,Restaurants,Silver Card
,9/9/2019,Greek Restaurant,198.64,credit,Restaurants,Silver Card
,6/8/2018,Grocery Store,84.78,credit,Groceries,Silver Card
,4/27/2019,Credit Card Payment,16.87,debit,Restaurants,Platinum Card
,9/27/2019,Credit Card Payment,157.69,debit,Restaurants,Checking
,6/4/2019,Internet Service Provider,63.32,debit,Utilities,Platinum Card
,2/27/2019,Credit Card Payment,113.04,debit,Auto Insurance,Platinum Card
,4/19/2018,Whole Foods Market,32.64,credit,Credit Card Payment,Silver Card
,2/23/2019,Starbucks Coffee,38.73,debit,Credit Card Payment,Platinum Card
,5/16/2019,Credit Card Payment,34.56,debit,Credit Card Payment,Checking
,8/28/2018,Starbucks,106.83,credit,Groceries,Platinum Card
,4/28/2019,Home Depot Hardware,78.25,credit,Gas & Fuel,Checking
,6/8/2019,Biweekly Paycheck,139.24,debit,Home Improvement,Silver Card
,8/12/2018,Wendy's,2.79,debit,Credit Card Payment,Platinum Card
,6/6/2018,Phone Company,159.51,credit,Restaurants,Platinum Card
,10/30/2018,Thai Restaurant,69.75,credit,Mobile Phone,Platinum Card
,3/11/2018,Brewing Company,143.42,credit,Credit Card Payment,Checking
,9/30/2018,Greek Restaurant,144.05,credit,Restaurants,Silver Card
,10/21/2018,Starbucks Coffee,48.81,debit,Credit Card Payment,Platinum Card
,11/28/2018,Home Depot Hardware,11.37,credit,Credit Card Payment,Platinum Card
,8/10/2019,Internet Service Provider,197.26,credit,Home Improvement,Checking
,3/15/2018,State Farm,8.14,debit,Utilities,Platinum Card
,8/1/2018,Starbucks,1.18,credit,Shopping,Platinum Card
,8/2/2018,Mediterranean Restaurant,61.78,debit,Shopping,Checking
,9/1/2018,Credit Card Payment,8.66,credit,Electronics & Software,Platinum Card
,6/1/2018,Grocery Store,99.46,credit,Shopping,Checking
,1/23/2019,Brewing Company,128.55,credit,Auto Insurance,Checking
,8/12/2018,American Tavern,81.99,debit,Utilities,Platinum Card
,3/20/2018,Credit Card Payment,189.27,debit,Utilities,Checking
,12/5/2018,Phone Company,197.5,credit,Utilities,Platinum Card
,3/29/2019,Netflix Subscription,143.6,debit,Credit Card Payment,Checking
,8/6/2019,Mortgage Payment,120.7,debit,Credit Card Payment,Platinum Card
,9/27/2018,Spotify,6.11,debit,Groceries,Platinum Card
,11/3/2019,BP,148.15,debit,Shopping,Checking
,3/30/2018,Biweekly Paycheck,7.49,debit,Mortgage & Rent,Checking
,11/2/2018,Mediterranean Restaurant,30.28,debit,Credit Card Payment,Platinum Card
,5/31/2019,TechCorp Salary,148.42,credit,Groceries,Platinum Card
,3/26/2018,Seafood Restaurant,97.43,debit,Shopping,Silver Card
,5/31/2019,German Restaurant,40.24,credit,Haircut,Silver Card
,5/16/2018,Shell,106.77,debit,Movies & DVDs,Platinum Card
,6/14/2019,American Tavern,158.28,credit,Utilities,Silver Card
,4/26/2019,Mexican Restaurant,187.36,debit,Credit Card Payment,Platinum Card
,7/7/2019,Gas Company,159.85,credit,Auto Insurance,Platinum Card
,5/30/2019,Credit Card Payment,5.33,credit,Utilities,Platinum Card
,6/25/2018,TechCorp Salary,147.49,debit,Groceries,Silver Card
,9/20/2019,Credit Card Payment,116.37,credit,Restaurants,Platinum Card
,2/4/2018,Gas Company,53.0,debit,Gas & Fuel,Platinum Card
,8/31/2018,Credit Card Payment,79.43,credit,Shopping,Checking
,11/22/2018,Amazon,193.03,credit,Television,Platinum Card
,12/28/2018,City Water Charges,176.38,credit,Credit Card Payment,Platinum Card
,12/5/2018,Movie Theater,102.31,credit,Restaurants,Checking
,7/29/2018,QuikTrip,37.05,credit,Electronics & Software,Platinum Card
,9/14/2018,Credit Card Payment,59.73,credit,Paycheck,Checking
,11/11/2018,Brewing Company,165.6,debit,Credit Card Payment,Checking
,6/12/2018,Internet Service Provider,77.71,debit,Credit Card Payment,Checking
,7/4/2018,Amazon,119.91,credit,Credit Card Payment,Checking
,2/8/2018,Credit Card Payment,199.59,credit,Restaurants,Platinum Card
,5/2/2018,American Tavern,51.11,credit,Restaurants,Checking
,10/12/2018,Starbucks,188.21,debit,Fast Food,Platinum Card
,11/17/2018,State Farm,108.42,debit,Groceries,Silver Card
,4/16/2018,American Tavern,97.79,credit,Haircut,Checking
,12/10/2018,Credit Card Payment,52.79,credit,Home Improvement,Silver Card
,9/1/2019,BP,13.92,credit,Paycheck,Platinum Card
,12/26/2018,Credit Card Payment,6.64,debit,Mobile Phone,Silver Card
,9/24/2019,Home Depot Hardware,153.51,debit,Movies & DVDs,Platinum Card
,1/15/2019,Fancy Restaurant,92.33,debit,Movies & DVDs,Platinum Card
,6/7/2018,German Restaurant,68.05,debit,Groceries,Platinum Card
,6/29/2018,Brewing Company,187.99,debit,Credit Card Payment,Platinum Card
,7/12/2019,Power Company,195.66,debit,Credit Card Payment,Platinum Card
,6/3/2018,Amazon,103.11,credit,Gas & Fuel,Platinum Card
,6/5/2018,Credit Card Payment,145.52,debit,Alcohol & Bars,Silver Card
,5/1/2019,Amazon,171.58,debit,Home Improvement,Platinum Card
,5/5/2018,Credit Card Payment,160.62,credit,Restaurants,Silver Card
,8/24/2019,Brunch Restaurant,172.68,debit,Paycheck,Platinum Card
,2/13/2018,Credit Card Payment,64.77,credit,Shopping,Silver Card
,4/25/2019,TechCorp Salary,75.91,credit,Restaurants,Platinum Card
,12/19/2018,Credit Card Payment,173.45,debit,Credit Card Payment,Silver Card
,3/16/2019,Thai Restaurant,166.88,credit,Restaurants,Checking
,7/3/2018,Brunch Restaurant,166.38,credit,Credit Card Payment,Platinum Card
,8/30/2019,Brewing Company,185.76,credit,Haircut,Checking
,2/25/2019,Credit Card Payment,124.22,credit,Utilities,Checking
,7/7/2018,Amazon,135.3,debit,Mobile Phone,Platinum Card
,12/5/2018,Amazon,55.49,credit,Groceries,Silver Card
,4/30/2018,Credit Card Payment,108.76,credit,Shopping,Checking
,9/7/2019,Grocery Store,10.65,debit,Auto Insurance,Platinum Card
,5/6/2019,American Tavern,24.26,credit,Electronics & Software,Platinum Card
,4/13/2018,Mediterranean Restaurant,184.78,credit,Credit Card Payment,Checking
,4/24/2018,Target,54.17,debit,Credit Card Payment,Platinum Card
,1/23/2018,Italian Restaurant,188.99,credit,Paycheck,Platinum Card
,4/24/2019,Biweekly Paycheck,59.36,debit,Restaurants,Silver Card
,6/16/2018,Netflix,50.66,debit,Groceries,Platinum Card
,11/15/2018,Gas Company,94.78,credit,Haircut,Platinum Card
,11/10/2018,American Tavern,67.11,debit,Groceries,Platinum Card
,5/24/2019,BP,21.86,debit,Credit Card Payment,Platinum Card
,9/3/2019,Gas Company,52.88,credit,Coffee Shops,Silver Card
,6/16/2018,BP,196.79,credit,Paycheck,Silver Card
,10/26/2018,Power Company,158.89,debit,Mortgage & Rent,Checking
,10/4/2019,Mike's Construction Co.,178.19,credit,Credit Card Payment,Platinum Card
,3/14/2018,Gas Company,86.86,debit,Haircut,Checking
,12/20/2018,Grocery Store,153.17,debit,Paycheck,Checking
,5/17/2018,Italian Restaurant,61.94,debit,Credit Card Payment,Platinum Card
,4/2/2018,Gas Company,145.75,debit,Groceries,Platinum Card
,12/24/2018,Starbucks Coffee,114.85,debit,Home Improvement,Platinum Card
,1/4/2019,Starbucks,134.02,debit,Haircut,Checking
,9/10/2018,QuikTrip,135.72,debit,Gas & Fuel,Checking
,2/19/2019,Grocery Store,19.73,credit,Fast Food,Checking
,4/3/2018,American Tavern,131.13,debit,Credit Card Payment,Platinum Card
,3/19/2019,American Tavern,35.98,credit,Restaurants,Checking
,8/7/2019,Phone Company,197.57,credit,Music,Checking
,12/27/2018,Phone Company,78.3,credit,Gas & Fuel,Silver Card
,2/3/2018,Internet Service Provider,56.69,debit,Coffee Shops,Silver Card
,4/17/2018,Credit Card Payment,186.17,debit,Gas & Fuel,Platinum Card
,3/17/2018,Credit Card Payment,6.03,credit,Credit Card Payment,Platinum Card
,4/2/2019,Phone Company,89.83,debit,Credit Card Payment,Platinum Card
,5/26/2019,Grocery Store,101.85,debit,Auto Insurance,Platinum Card
,4/4/2019,Grocery Store,183.16,debit,Movies & DVDs,Platinum Card
,7/25/2018,Credit Card Payment,39.75,debit,Gas & Fuel,Checking
,8/25/2019,Starbucks,172.91,debit,Restaurants,Platinum Card
,7/6/2019,Whole Foods Market,136.3,credit,Groceries,Checking
,2/21/2019,Thai Restaurant,89.41,debit,Utilities,Platinum Card
,1/2/2019,Whole Foods Market,143.56,debit,Paycheck,Checking
,10/23/2018,Netflix,59.29,credit,Auto Insurance,Platinum Card
,3/27/2019,Gas Company,127.95,debit,Groceries,Checking
,5/31/2018,Credit Card Payment,33.91,credit,Credit Card Payment,Silver Card
,9/9/2019,Grocery Store,135.96,credit,Credit Card Payment,Silver Card
,4/23/2019,Brunch Restaurant,137.61,credit,Groceries,Silver Card
,3/3/2018,Whole Foods Market,10.9,credit,Utilities,Platinum Card
,8/12/2019,Credit Card Payment,43.58,credit,Utilities,Platinum Card
,12/30/2018,Grocery Store,50.99,debit,Credit Card Payment,Platinum Card
,1/31/2019,Credit Card Payment,136.06,credit,Credit Card Payment,Platinum Card
,12/13/2018,Whole Foods Market,104.8,credit,Haircut,Platinum Card
,3/27/2019,American Tavern,81.38,credit,Credit Card Payment,Silver Card
,5/31/2019,Whole Foods Market,117.88,credit,Groceries,Checking
,5/8/2018,Internet Service Provider,122.56,credit,Credit Card Payment,Checking
,4/27/2018,Whole Foods Market,136.57,credit,Coffee Shops,Platinum Card
,2/13/2019,Credit Card Payment,115.01,credit,Credit Card Payment,Platinum Card
,4/27/2019,Credit Card Payment,10.04,credit,Movies & DVDs,Platinum Card
,8/1/2018,Netflix,122.67,credit,Internet,Platinum Card
,8/22/2018,Whole Foods Market,41.07,debit,Credit Card Payment,Platinum Card
,9/11/2019,TechCorp Salary,137.13,debit,Shopping,Checking
,8/9/2018,American Tavern,56.52,credit,Utilities,Platinum Card
,9/17/2019,Amazon,3.77,debit,Gas & Fuel,Checking
,10/25/2018,Grocery Store,67.56,credit,Restaurants,Platinum Card
,3/17/2018,Gas Company,6.43,credit,Gas & Fuel,Checking
,2/17/2018,Power Company,30.58,debit,Restaurants,Platinum Card
,4/12/2018,Grocery Store,65.23,credit,Restaurants,Platinum Card
,7/20/2018,Credit Card Payment,40.24,credit,Auto Insurance,Silver Card
,5/29/2018,Grocery Store,36.66,credit,Alcohol & Bars,Silver Card
,3/15/2019,Credit Card Payment,27.75,credit,Shopping,Silver Card
,10/29/2018,New York Deli,184.49,debit,Credit Card Payment,Checking
,2/28/2018,Whole Foods Market,143.21,debit,Home Improvement,Checking
,9/3/2018,Pizza Place,173.43,credit,Restaurants,Silver Card
,4/14/2018,State Farm,86.91,debit,Internet,Platinum Card
,12/29/2018,Credit Card Payment,194.15,debit,Shopping,Checking
,4/22/2018,Greek Restaurant,82.9,debit,Credit Card Payment,Checking
,7/23/2018,Brewing Company,133.05,credit,Groceries,Silver Card
,5/3/2018,Whole Foods Market,66.37,debit,Paycheck,Platinum Card
,2/14/2018,Phone Company,22.61,debit,Credit Card Payment,Platinum Card
,5/12/2018,BP,67.74,debit,Credit Card Payment,Checking
,12/12/2018,Hardware Store,117.41,debit,Gas & Fuel,Platinum Card
,1/11/2019,Amazon,191.38,credit,Movies & DVDs,Checking
,12/2/2018,Grocery Store,113.31,debit,Credit Card Payment,Checking
,4/17/2018,Hardware Store,149.49,credit,Restaurants,Checking
,8/25/2018,Movie Theater,147.33,debit,Credit Card Payment,Silver Card
,7/28/2018,Credit Card Payment,138.11,credit,Haircut,Platinum Card
,6/14/2019,Netflix,130.26,debit,Music,Checking
,1/2/2019,Barbershop,134.11,credit,Utilities,Checking
,5/12/2019,Movie Theater,26.7,credit,Fast Food,Platinum Card
,5/6/2018,Phone Company,73.53,debit,Credit Card Payment,Platinum Card
,12/13/2018,Amazon,188.21,debit,Music,Platinum Card
,3/16/2018,Thai Restaurant,165.79,debit,Music,Checking
,10/27/2018,Mike's Construction Co.,55.73,debit,Shopping,Platinum Card
,7/7/2019,Amazon,21.99,debit,Shopping,Checking
,7/13/2019,Biweekly Paycheck,127.25,debit,Paycheck,Checking
,9/19/2019,Starbucks,49.82,credit,Gas & Fuel,Platinum Card
,1/17/2019,Amazon,197.06,credit,Groceries,Platinum Card
,10/13/2019,Wendy's,46.33,debit,Gas & Fuel,Checking
,9/19/2018,Vietnamese Restaurant,122.89,credit,Credit Card Payment,Checking
,3/14/2018,City Water Charges,43.67,credit,Utilities,Checking
,6/21/2019,American Tavern,46.39,debit,Restaurants,Checking
,9/26/2018,QuikTrip,187.58,credit,Credit Card Payment,Silver Card
,3/6/2019,Whole Foods Market,162.1,credit,Auto Insurance,Platinum Card
,8/20/2019,Grocery Store,176.63,debit,Credit Card Payment,Checking
,6/3/2019,Mediterranean Restaurant,50.56,debit,Paycheck,Platinum Card
,10/30/2018,Hardware Store,47.17,credit,Groceries,Platinum Card
,5/9/2018,Credit Card Payment,9.36,debit,Gas & Fuel,Platinum Card
,7/6/2019,Internet Service Provider,118.1,credit,Credit Card Payment,Silver Card
,10/11/2019,Credit Card Payment,68.4,debit,Gas & Fuel,Checking
,11/14/2018,City Water Charges,125.76,credit,Restaurants,Platinum Card
,3/9/2018,Shell,70.08,debit,Gas & Fuel,Platinum Card
,12/1/2018,Power Company,123.31,credit,Mortgage & Rent,Silver Card
,6/28/2018,Internet Service Provider,66.52,debit,Mortgage & Rent,Silver Card
,1/9/2019,Whole Foods Market,156.41,debit,Credit Card Payment,Platinum Card
,6/17/2018,Starbucks Coffee,152.48,debit,Credit Card Payment,Silver Card
,2/20/2018,BP,158.32,credit,Paycheck,Checking
,5/27/2019,American Tavern,19.01,debit,Auto Insurance,Checking
,1/24/2019,Greek Restaurant,10.28,debit,Paycheck,Checking
,3/4/2018,Power Company,160.51,credit,Credit Card Payment,Platinum Card
,5/20/2018,Credit Card Payment,49.41,credit,Coffee Shops,Platinum Card
,6/23/2018,Credit Card Payment,179.85,debit,Shopping,Platinum Card
,9/23/2018,Credit Card Payment,188.81,debit,Mobile Phone,Platinum Card
,12/29/2018,Grocery Store,101.02,credit,Fast Food,Checking
,8/24/2018,Starbucks Coffee,98.82,debit,Groceries,Platinum Card
,5/4/2018,Grocery Store,21.93,credit,Restaurants,Checking
,12/14/2018,Credit Card Payment,53.59,credit,Coffee Shops,Silver Card
,1/3/2019,Whole Foods Market,129.58,debit,Auto Insurance,Platinum Card
,4/24/2018,Mediterranean Restaurant,20.28,debit,Credit Card Payment,Checking
,3/12/2018,Movie Theater,190.59,credit,Internet,Platinum Card
,6/4/2019,State Farm,52.64,credit,Alcohol & Bars,Silver Card
,1/4/2019,Credit Card Payment,79.5,debit,Mobile Phone,Checking
,3/4/2019,Amazon,183.61,debit,Internet,Checking
,10/11/2019,Belgian Restaurant,24.11,debit,Shopping,Silver Card
,5/29/2018,Mortgage Payment,130.41,debit,Shopping,Silver Card
,12/28/2018,Mortgage Payment,10.75,debit,Gas & Fuel,Platinum Card
,8/29/2019,Grocery Store,158.08,credit,Shopping,Platinum Card
,5/5/2018,Credit Card Payment,65.06,credit,Shopping,Silver Card
,8/29/2018,Starbucks,101.08,credit,Alcohol & Bars,Checking
,10/5/2019,Credit Card Payment,20.72,credit,Restaurants,Checking
,10/1/2019,State Farm,158.76,credit,Gas & Fuel,Platinum Card
,9/12/2018,Movie Theater,28.77,credit,Auto Insurance,Checking
,2/18/2018,Internet Service Provider,42.74,debit,Credit Card Payment,Silver Card
,5/19/2018,Credit Card Payment,171.05,debit,Fast Food,Platinum Card
,2/25/2019,QuikTrip,145.57,debit,Utilities,Platinum Card
,4/2/2018,Amazon,91.16,debit,Alcohol & Bars,Checking
,3/3/2018,State Farm,39.35,debit,Internet,Checking
,6/23/2019,State Farm,197.65,debit,Restaurants,Platinum Card
,5/13/2018,Whole Foods Market,52.31,credit,Credit Card Payment,Platinum Card
,5/22/2018,American Tavern,106.72,credit,Mortgage & Rent,Checking
,5/9/2018,Starbucks,79.5,debit,Restaurants,Platinum Card
,2/3/2018,Credit Card Payment,30.66,credit,Gas & Fuel,Silver Card
,3/29/2018,Spotify,140.06,debit,Restaurants,Silver Card
,5/11/2019,Amazon,45.32,debit,Utilities,Silver Card
,8/9/2018,TechCorp Salary,104.1,credit,Groceries,Platinum Card
,7/14/2018,Whole Foods Market,104.29,debit,Groceries,Platinum Card
,10/28/2018,Amazon,194.05,debit,Paycheck,Checking
,10/1/2019,City Water Charges,159.77,credit,Shopping,Platinum Card
,7/16/2018,Power Company,50.43,debit,Groceries,Checking
,3/30/2018,Bakery Place,46.25,credit,Shopping,Platinum Card
,4/26/2019,Grocery Store,188.8,debit,Utilities,Platinum Card
,1/17/2019,Thai Restaurant,125.68,debit,Paycheck,Checking
,4/29/2019,Mike's Construction Co.,125.23,debit,Groceries,Silver Card
,7/24/2018,Credit Card Payment,168.06,credit,Credit Card Payment,Platinum Card
,7/28/2019,Amazon,164.38,debit,Gas & Fuel,Platinum Card
,6/21/2019,State Farm,62.17,credit,Utilities,Platinum Card
,10/21/2019,City Water Charges,153.25,debit,Paycheck,Platinum Card
,12/30/2018,Credit Card Payment,64.84,debit,Paycheck,Platinum Card
,9/29/2019,Internet Service Provider,129.85,debit,Mobile Phone,Platinum Card
,9/19/2019,Credit Card Payment,20.21,credit,Credit Card Payment,Silver Card
,5/10/2018,Starbucks Coffee,70.39,debit,Utilities,Platinum Card
,7/22/2018,Whole Foods Market,14.59,credit,Movies & DVDs,Platinum Card
,9/26/2018,Starbucks,56.55,credit,Restaurants,Checking
,4/25/2019,Biweekly Paycheck,63.52,debit,Groceries,Checking
,4/20/2019,Credit Card Payment,197.96,debit,Alcohol & Bars,Checking
,8/17/2019,Greek Restaurant,137.92,debit,Home Improvement,Platinum Card
,5/14/2018,Bakery Place,127.95,credit,Restaurants,Checking
,8/20/2019,Amazon,18.53,credit,Home Improvement,Silver Card
,2/28/2019,Shell,150.26,debit,Restaurants,Platinum Card
,1/17/2019,Credit Card Payment,174.13,debit,Electronics & Software,Silver Card
,11/30/2018,Credit Card Payment,189.92,debit,Groceries,Checking
,2/24/2019,Internet Service Provider,74.1,credit,Coffee Shops,Checking
,4/12/2018,TechCorp Salary,70.73,debit,Credit Card Payment,Checking
,10/18/2018,Vietnamese Restaurant,63.48,credit,Groceries,Silver Card
,8/14/2018,BP,87.61,debit,Electronics & Software,Platinum Card
,10/9/2019,Biweekly Paycheck,47.98,debit,Restaurants,Platinum Card
,10/14/2019,Mediterranean Restaurant,107.07,debit,Groceries,Checking
,9/20/2019,Credit Card Payment,77.93,debit,Auto Insurance,Silver Card
,5/24/2018,Credit Card Payment,126.29,debit,Credit Card Payment,Silver Card
,6/25/2019,Whole Foods Market,67.33,debit,Paycheck,Silver Card
,3/3/2019,TechCorp Salary,199.89,credit,Shopping,Checking
,9/5/2018,TechCorp Salary,15.86,credit,Groceries,Platinum Card
,10/25/2018,Amazon,87.87,credit,Paycheck,Checking
,2/7/2018,Whole Foods Market,109.82,debit,Restaurants,Checking
,6/20/2018,Credit Card Payment,167.37,credit,Restaurants,Checking
,3/2/2018,BBQ Restaurant,37.43,debit,Groceries,Platinum Card
,1/4/2019,City Water Charges,114.55,credit,Shopping,Platinum Card
,10/3/2018,Mortgage Payment,141.61,debit,Credit Card Payment,Platinum Card
,4/4/2018,TechCorp Salary,23.35,debit,Fast Food,Checking
,4/26/2019,American Tavern,44.94,credit,Entertainment,Silver Card
,9/1/2019,BP,122.15,debit,Restaurants,Platinum Card
,5/18/2018,Credit Card Payment,132.17,debit,Fast Food,Silver Card
,8/24/2019,Amazon,84.06,debit,Credit Card Payment,Silver Card
,12/21/2018,Mediterranean Restaurant,132.53,credit,Paycheck,Silver Card
,4/20/2019,Greek Restaurant,83.31,credit,Restaurants,Silver Card
,1/22/2019,BP,189.61,credit,Groceries,Checking
,5/28/2019,Gas Company,68.49,debit,Paycheck,Platinum Card
,4/29/2018,Credit Card Payment,96.82,debit,Gas & Fuel,Checking
,2/10/2018,Starbucks Coffee,165.01,credit,Groceries,Silver Card
,6/8/2018,Whole Foods Market,94.44,debit,Mortgage & Rent,Checking
,10/26/2018,TechCorp Salary,53.59,debit,Utilities,Checking
,7/4/2019,Barbershop,198.87,debit,Home Improvement,Platinum Card
,11/26/2018,Credit Card Payment,110.77,debit,Shopping,Silver Card
,1/6/2019,Home Depot Hardware,113.11,debit,Shopping,Silver Card
,2/18/2018,Phone Company,55.58,credit,Utilities,Platinum Card
,3/23/2018,Whole Foods Market,71.37,credit,Mobile Phone,Silver Card
,6/1/2018,Whole Foods Market,123.89,credit,Gas & Fuel,Platinum Card
,2/16/2018,Phone Company,171.89,credit,Coffee Shops,Silver Card
,4/7/2018,Barbershop,106.83,credit,Shopping,Platinum Card
,11/28/2018,Grocery Store,61.61,credit,Haircut,Platinum Card
,6/9/2019,Amazon,124.94,debit,Utilities,Silver Card
,9/23/2018,TechCorp Salary,170.45,debit,Shopping,Platinum Card
,6/1/2018,Gas Company,136.55,debit,Credit Card Payment,Silver Card
,6/23/2018,Hardware Store,32.95,credit,Coffee Shops,Silver Card
,1/13/2019,Credit Card Payment,53.21,credit,Auto Insurance,Platinum Card
,8/11/2018,Starbucks Coffee,122.44,credit,Credit Card Payment,Checking
,6/16/2019,Gas Company,192.09,debit,Restaurants,Platinum Card
,8/14/2018,Chick-Fil-A,16.44,debit,Coffee Shops,Platinum Card
,9/20/2019,QuikTrip,132.89,credit,Paycheck,Checking
,2/28/2018,Whole Foods Market,13.12,credit,Alcohol & Bars,Silver Card
,12/7/2018,Whole Foods Market,183.71,debit,Coffee Shops,Silver Card
,11/9/2018,Italian Restaurant,196.75,debit,Groceries,Checking
,6/23/2018,Credit Card Payment,1.83,debit,Electronics & Software,Platinum Card
,10/9/2018,State Farm,186.57,debit,Utilities,Checking
,6/25/2018,Biweekly Paycheck,140.38,debit,Restaurants,Silver Card
,12/10/2018,Grocery Store,6.61,credit,Groceries,Platinum Card
,5/20/2018,Grocery Store,139.41,debit,Mobile Phone,Platinum Card
,8/4/2018,Movie Theater,174.67,credit,Gas & Fuel,Platinum Card
,9/21/2018,Whole Foods Market,43.59,credit,Shopping,Platinum Card
,9/11/2019,Amazon,194.2,debit,Coffee Shops,Platinum Card
,1/15/2019,Phone Company,173.75,debit,Gas & Fuel,Silver Card
,9/23/2019,QuikTrip,119.86,credit,Home Improvement,Checking
,10/24/2019,Gas Company,90.42,credit,Utilities,Silver Card
,9/8/2019,Fancy Restaurant,108.08,credit,Credit Card Payment,Platinum Card
,6/13/2018,Brunch Restaurant,184.27,debit,Shopping,Platinum Card
,1/31/2018,Grocery Store,133.74,debit,Restaurants,Checking
,6/14/2018,New York Deli,161.2,credit,Paycheck,Silver Card
,10/6/2019,Credit Card Payment,141.52,credit,Home Improvement,Platinum Card
,10/5/2018,Whole Foods Market,8.67,credit,Groceries,Checking
,5/20/2018,Credit Card Payment,139.04,debit,Groceries,Checking
,8/14/2018,Power Company,121.52,credit,Groceries,Checking
,8/3/2019,State Farm,68.61,credit,Restaurants,Checking
,8/12/2019,Biweekly Paycheck,141.67,debit,Groceries,Platinum Card
,5/10/2019,Credit Card Payment,122.37,debit,Credit Card Payment,Platinum Card
,12/18/2018,Credit Card Payment,182.16,debit,Paycheck,Platinum Card
,11/28/2018,Whole Foods Market,44.0,debit,Paycheck,Platinum Card
,2/24/2018,Barbershop,45.19,credit,Shopping,Platinum Card
,10/5/2019,Grocery Store,81.18,debit,Gas & Fuel,Platinum Card
,10/26/2019,Grocery Store,41.54,debit,Shopping,Checking
,1/12/2019,Mortgage Payment,45.71,debit,Restaurants,Silver Card
,10/1/2019,Amazon,91.36,credit,Groceries,Platinum Card
,12/30/2018,Credit Card Payment,178.76,credit,Groceries,Platinum Card
,11/24/2018,Credit Card Payment,162.27,debit,Internet,Silver Card
,5/24/2018,Movie Theater,158.15,credit,Utilities,Checking
,9/9/2019,Credit Card Payment,54.88,credit,Restaurants,Platinum Card
,10/2/2019,Brewing Company,192.19,credit,Credit Card Payment,Silver Card
,2/26/2019,Credit Card Payment,181.52,debit,Coffee Shops,Platinum Card
,7/29/2018,Credit Card Payment,75.16,debit,Groceries,Platinum Card
,6/24/2018,Amazon,43.27,debit,Utilities,Checking
,3/6/2018,Credit Card Payment,111.35,credit,Credit Card Payment,Checking
,3/16/2019,Hardware Store,71.66,debit,Auto Insurance,Platinum Card
,2/15/2019,Netflix Subscription,6.44,credit,Restaurants,Platinum Card
,11/23/2018,Credit Card Payment,187.16,credit,Restaurants,Checking
,10/4/2018,Blue Sky Market,136.27,credit,Paycheck,Checking
,1/22/2019,Roadside Diner,102.89,credit,Fast Food,Silver Card
,8/31/2019,Gas Company,166.89,credit,Television,Checking
,7/24/2019,Vietnamese Restaurant,123.61,credit,Shopping,Silver Card
,4/2/2018,Whole Foods Market,145.43,credit,Restaurants,Silver Card
,4/19/2019,QuikTrip,15.34,credit,Internet,Platinum Card
,4/15/2018,Whole Foods Market,174.23,debit,Shopping,Platinum Card
,9/5/2019,Amazon,12.64,credit,Alcohol & Bars,Platinum Card
,2/21/2019,Credit Card Payment,143.89,credit,Movies & DVDs,Checking
,8/7/2019,Power Company,196.75,credit,Auto Insurance,Platinum Card
,4/7/2019,Starbucks,163.85,debit,Groceries,Checking
,4/11/2018,Credit Card Payment,112.83,debit,Restaurants,Platinum Card
,5/3/2018,Best Buy,163.36,debit,Paycheck,Checking
,5/15/2019,Biweekly Paycheck,186.95,credit,Shopping,Platinum Card
,12/23/2018,BP,153.95,debit,Credit Card Payment,Platinum Card
,6/4/2019,Amazon,19.89,credit,Shopping,Silver Card
,11/18/2018,Amazon,122.6,credit,Fast Food,Platinum Card
,10/25/2018,Whole Foods Market,158.9,credit,Credit Card Payment,Platinum Card
,5/15/2018,Spotify,22.43,credit,Groceries,Checking
,5/30/2018,Starbucks Coffee,69.42,debit,Gas & Fuel,Platinum Card
,7/22/2018,American Tavern,37.28,credit,Paycheck,Checking
,5/28/2019,Credit Card Payment,111.12,debit,Credit Card Payment,Checking
,5/19/2018,Mike's Construction Co.,21.43,credit,Home Improvement,Platinum Card
,12/11/2018,Power Company,27.82,debit,Credit Card Payment,Platinum Card
,5/22/2018,Hardware Store,40.31,credit,Internet,Silver Card
,4/26/2018,Credit Card Payment,30.63,credit,Credit Card Payment,Silver Card
,3/20/2018,Credit Card Payment,119.64,debit,Shopping,Platinum Card
,5/16/2019,Greek Restaurant,182.12,credit,Utilities,Silver Card
,2/20/2018,Pizza Place,149.89,credit,Home Improvement,Silver Card
,3/2/2019,City Water Charges,130.9,debit,Credit Card Payment,Checking
,10/9/2018,Credit Card Payment,127.79,debit,Home Improvement,Platinum Card
,7/30/2018,State Farm,27.49,credit,Movies & DVDs,Platinum Card
,10/16/2019,Grocery Store,1.82,credit,Movies & DVDs,Platinum Card
,3/11/2019,Whole Foods Market,114.81,credit,Paycheck,Platinum Card
,12/28/2018,State Farm,156.92,credit,Shopping,Checking
,4/15/2018,City Water Charges,181.19,credit,Home Improvement,Silver Card
,6/4/2019,Credit Card Payment,29.7,credit,Credit Card Payment,Platinum Card
,12/6/2018,Credit Card Payment,7.14,credit,Credit Card Payment,Platinum Card
,10/29/2018,Spotify,43.18,credit,Groceries,Platinum Card
,1/26/2019,State Farm,137.02,debit,Utilities,Silver Card
,7/15/2018,Credit Card Payment,74.52,credit,Coffee Shops,Checking
,8/25/2018,Credit Card Payment,149.18,debit,Utilities,Checking
,4/4/2018,Brewing Company,137.25,credit,Mortgage & Rent,Silver Card
,6/5/2019,American Tavern,158.2,credit,Credit Card Payment,Platinum Card
,5/24/2019,Brewing Company,141.73,credit,Shopping,Checking
,9/13/2019,Brewing Company,129.89,debit,Home Improvement,Platinum Card
,7/14/2018,BP,86.98,credit,Shopping,Silver Card
,6/25/2018,Grocery Store,191.7,debit,Haircut,Silver Card
,1/25/2019,Thai Restaurant,30.32,credit,Auto Insurance,Platinum Card
,4/27/2018,City Water Charges,26.9,credit,Paycheck,Silver Card
,6/16/2019,TechCorp Salary,199.25,debit,Credit Card Payment,Checking
,3/12/2018,Brewing Company,73.39,credit,Paycheck,Checking
,2/26/2018,Biweekly Paycheck,146.32,credit,Internet,Checking
,4/8/2018,Amazon,71.5,debit,Auto Insurance,Checking
,1/18/2018,Home Depot Hardware,45.56,credit,Credit Card Payment,Checking
,3/30/2018,Credit Card Payment,29.1,credit,Shopping,Silver Card
,8/28/2018,American Tavern,142.02,debit,Mortgage & Rent,Platinum Card
,8/31/2019,Internet Service Provider,77.78,debit,Shopping,Checking
,1/31/2019,Grocery Store,60.76,credit,Internet,Silver Card
,7/16/2019,Whole Foods Market,154.41,credit,Restaurants,Checking
,6/18/2019,Pizza Place,145.94,credit,Groceries,Checking
,10/9/2019,Hardware Store,47.91,credit,Internet,Checking
,2/13/2019,Whole Foods Market,172.03,credit,Credit Card Payment,Platinum Card
,7/22/2018,Mediterranean Restaurant,153.46,credit,Restaurants,Silver Card
,6/22/2019,TechCorp Salary,109.39,credit,Utilities,Checking
,1/16/2018,Biweekly Paycheck,33.54,credit,Utilities,Platinum Card
,10/2/2018,Whole Foods Market,177.75,debit,Restaurants,Platinum Card
,11/5/2018,Credit Card Payment,3.59,credit,Home Improvement,Platinum Card
,12/12/2018,American Tavern,160.65,debit,Credit Card Payment,Platinum Card
,5/13/2018,Sushi Restaurant,175.14,debit,Home Improvement,Checking
,12/24/2018,Roadside Diner,195.56,credit,Credit Card Payment,Checking
,9/30/2018,Grocery Store,150.22,credit,Shopping,Platinum Card
,2/13/2019,Phone Company,82.09,credit,Credit Card Payment,Checking
,2/15/2018,TechCorp Salary,160.79,credit,Groceries,Checking
,10/22/2018,Credit Card Payment,55.86,credit,Utilities,Platinum Card
,11/2/2019,Credit Card Payment,18.17,credit,Groceries,Silver Card
,10/27/2018,Credit Card Payment,195.06,debit,Restaurants,Checking
,8/16/2018,Gas Company,99.3,debit,Movies & DVDs,Platinum Card
,11/1/2018,Amazon,50.81,debit,Coffee Shops,Checking
,3/20/2018,Whole Foods Market,39.57,credit,Restaurants,Checking
,6/21/2019,Brunch Restaurant,192.2,debit,Gas & Fuel,Checking
,9/28/2019,Roadside Diner,60.29,debit,Utilities,Silver Card
,3/25/2018,Starbucks,112.77,credit,Restaurants,Platinum Card
,4/27/2019,Credit Card Payment,165.7,credit,Paycheck,Platinum Card
,10/23/2019,Amazon,73.48,credit,Restaurants,Checking
,6/10/2018,Biweekly Paycheck,53.36,debit,Movies & DVDs,Checking
,4/25/2018,Amazon,76.44,debit,Credit Card Payment,Silver Card
,9/20/2019,Grocery Store,116.57,debit,Utilities,Platinum Card
,6/4/2018,Shell,152.61,credit,Restaurants,Platinum Card
,1/2/2019,State Farm,44.29,debit,Groceries,Platinum Card
,8/15/2019,Whole Foods Market,70.22,debit,Credit Card Payment,Platinum Card
,4/11/2019,Grocery Store,113.21,credit,Mobile Phone,Silver Card
,10/10/2018,Whole Foods Market,180.42,credit,Credit Card Payment,Platinum Card
,10/22/2018,American Tavern,11.62,debit,Shopping,Platinum Card
,12/24/2018,Brewing Company,193.18,debit,Movies & DVDs,Silver Card
,5/18/2019,Biweekly Paycheck,22.85,debit,Paycheck,Checking
,4/18/2019,Credit Card Payment,7.52,credit,Mobile Phone,Checking
,11/13/2018,Barbershop,122.65,debit,Restaurants,Platinum Card
,3/20/2019,Power Company,136.96,credit,Paycheck,Silver Card
,2/26/2019,State Farm,16.18,credit,Paycheck,Silver Card
,6/17/2018,Biweekly Paycheck,132.94,debit,Credit Card Payment,Platinum Card
,12/27/2018,Hardware Store,68.64,credit,Mobile Phone,Platinum Card
,12/31/2018,Netflix Subscription,197.87,credit,Shopping,Checking
,11/3/2019,Credit Card Payment,101.34,debit,Credit Card Payment,Checking
,6/11/2018,Brewing Company,81.24,credit,Groceries,Silver Card
,3/18/2019,Brewing Company,126.15,debit,Fast Food,Platinum Card
,10/19/2019,New York Deli,149.43,debit,Coffee Shops,Platinum Card
,2/20/2019,Starbucks Coffee,129.29,credit,Paycheck,Platinum Card
,11/18/2019,Roadside Diner,11.45,credit,Haircut,Platinum Card
,9/17/2018,Credit Card Payment,57.28,debit,Groceries,Silver Card
,8/25/2019,Japanese Restaurant,76.41,debit,Auto Insurance,Checking
,8/15/2018,Credit Card Payment,115.92,credit,Credit Card Payment,Platinum Card
,10/30/2018,Vietnamese Restaurant,28.27,credit,Music,Checking
,12/22/2018,American Tavern,175.89,debit,Groceries,Checking
,4/4/2019,Greek Restaurant,103.03,debit,Utilities,Platinum Card
,12/21/2018,Internet Service Provider,62.16,debit,Credit Card Payment,Silver Card
,9/12/2018,Biweekly Paycheck,165.83,debit,Mobile Phone,Checking
,5/7/2018,Netflix Subscription,104.17,credit,Restaurants,Platinum Card
,7/3/2018,American Tavern,13.47,debit,Paycheck,Checking
,7/7/2018,Grocery Store,160.32,debit,Gas & Fuel,Platinum Card
,9/4/2018,Credit Card Payment,31.31,debit,Internet,Platinum Card
,6/14/2018,Netflix,123.27,debit,Home Improvement,Checking
,7/10/2018,Shell,91.18,credit,Mortgage & Rent,Silver Card
,8/19/2018,Credit Card Payment,173.35,debit,Mortgage & Rent,Platinum Card
,11/21/2018,Credit Card Payment,173.31,debit,Gas & Fuel,Platinum Card
,9/14/2019,Credit Card Payment,76.17,debit,Credit Card Payment,Platinum Card
,4/13/2018,Brewing Company,33.91,debit,Utilities,Silver Card
,4/17/2018,Credit Card Payment,50.42,credit,Haircut,Platinum Card
,11/1/2018,State Farm,111.64,debit,Groceries,Platinum Card
,4/29/2019,Starbucks,105.51,debit,Shopping,Checking
,3/15/2018,Hardware Store,107.24,debit,Coffee Shops,Platinum Card
,9/2/2018,State Farm,173.56,debit,Paycheck,Platinum Card
,6/19/2018,Credit Card Payment,161.53,credit,Haircut,Platinum Card
,9/6/2019,Belgian Restaurant,93.16,credit,Restaurants,Platinum Card
,5/28/2018,Gas Company,97.57,debit,Movies & DVDs,Silver Card
,8/14/2018,Grocery Store,25.82,credit,Groceries,Checking
,2/6/2018,State Farm,125.97,debit,Shopping,Checking
,5/18/2018,Thai Restaurant,161.14,debit,Home Improvement,Platinum Card
,12/26/2018,Gas Company,150.96,credit,Shopping,Platinum Card
,10/27/2018,Credit Card Payment,194.38,credit,Credit Card Payment,Checking
,11/6/2018,Brunch Restaurant,190.46,credit,Groceries,Silver Card
,10/12/2018,Spotify,113.1,credit,Gas & Fuel,Platinum Card
,1/30/2019,Credit Card Payment,101.18,debit,Utilities,Checking
,8/4/2019,Whole Foods Market,184.81,debit,Gas & Fuel,Checking
,1/19/2019,New York Deli,4.85,debit,Utilities,Checking
,4/10/2018,Credit Card Payment,91.64,debit,Restaurants,Checking
,5/27/2018,Netflix Subscription,41.37,debit,Restaurants,Checking
,4/4/2018,Starbucks,146.63,debit,Credit Card Payment,Platinum Card
,4/18/2018,City Water Charges,67.86,credit,Mobile Phone,Checking
,11/16/2018,Credit Card Payment,161.45,debit,Mobile Phone,Silver Card
,10/17/2019,Netflix,20.57,debit,Coffee Shops,Platinum Card
,1/22/2018,BBQ Restaurant,55.33,credit,Shopping,Silver Card
,3/10/2018,Brewing Company,189.41,debit,Shopping,Platinum Card
,2/14/2018,Amazon,192.33,credit,Utilities,Silver Card
,7/27/2019,American Tavern,51.19,debit,Shopping,Checking
,1/24/2019,Credit Card Payment,117.4,credit,Groceries,Platinum Card
,6/15/2019,Credit Card Payment,99.26,credit,Internet,Platinum Card
,11/27/2018,Fancy Restaurant,135.61,debit,Groceries,Platinum Card
,1/12/2019,Credit Card Payment,100.26,debit,Utilities,Platinum Card
,11/8/2018,TechCorp Salary,67.22,debit,Restaurants,Checking
,2/23/2019,Power Company,75.23,credit,Utilities,Checking
,5/10/2019,Spotify,23.8,credit,Groceries,Platinum Card
,5/19/2019,Amazon,130.76,debit,Groceries,Platinum Card
,5/16/2018,Credit Card Payment,23.4,debit,Utilities,Silver Card
,5/21/2018,Credit Card Payment,124.15,debit,Paycheck,Silver Card
,3/6/2019,Credit Card Payment,192.7,credit,Home Improvement,Silver Card
,8/29/2019,Credit Card Payment,115.31,credit,Television,Platinum Card
,5/1/2019,Credit Card Payment,46.84,debit,Paycheck,Platinum Card
,7/13/2019,TechCorp Salary,71.1,credit,Credit Card Payment,Silver Card
,10/27/2018,American Tavern,195.71,debit,Television,Checking
,4/2/2018,Hardware Store,67.33,credit,Haircut,Platinum Card
,10/29/2019,Biweekly Paycheck,71.83,credit,Paycheck,Silver Card
,8/23/2018,Brunch Restaurant,53.68,debit,Utilities,Platinum Card
,5/28/2018,Home Depot Hardware,39.65,credit,Paycheck,Platinum Card
,6/12/2018,Phone Company,197.91,credit,Credit Card Payment,Silver Card
,7/11/2019,Grocery Store,3.99,credit,Restaurants,Checking
,3/2/2018,Grocery Store,64.27,credit,Utilities,Platinum Card
,3/13/2019,Power Company,29.61,credit,Groceries,Platinum Card
,9/1/2019,Grocery Store,199.08,debit,Groceries,Platinum Card
,2/20/2018,Latin Restaurant,128.71,credit,Groceries,Platinum Card
,1/10/2019,Grocery Store,27.74,debit,Auto Insurance,Checking
,1/11/2019,TechCorp Salary,79.11,credit,Food & Dining,Platinum Card
,7/15/2018,Whole Foods Market,161.39,debit,Gas & Fuel,Platinum Card
,2/17/2019,Credit Card Payment,55.89,debit,Credit Card Payment,Checking
,7/14/2018,Greek Restaurant,142.37,credit,Credit Card Payment,Checking
,5/20/2018,QuikTrip,187.91,debit,Credit Card Payment,Platinum Card
,5/16/2019,Amazon,183.57,debit,Movies & DVDs,Silver Card
,11/13/2018,Amazon Video,144.58,debit,Utilities,Platinum Card
,9/20/2019,State Farm,10.67,credit,Groceries,Checking
,3/26/2018,Credit Card Payment,177.29,credit,Fast Food,Checking
,5/5/2019,Grocery Store,30.08,credit,Credit Card Payment,Silver Card
,7/14/2018,Chevron,18.34,debit,Credit Card Payment,Platinum Card
,1/15/2019,Grocery Store,118.54,debit,Home Improvement,Checking
,9/1/2019,Amazon,44.72,debit,Fast Food,Checking
,7/31/2018,Credit Card Payment,62.46,credit,Groceries,Silver Card
,6/8/2018,Credit Card Payment,158.93,debit,Coffee Shops,Silver Card
,10/18/2019,Credit Card Payment,102.62,credit,Credit Card Payment,Platinum Card
,10/13/2018,Credit Card Payment,47.85,credit,Restaurants,Silver Card
,2/21/2018,Roadside Diner,27.55,debit,Restaurants,Platinum Card
,10/13/2018,American Tavern,49.49,debit,Coffee Shops,Silver Card
,4/25/2019,Biweekly Paycheck,52.2,debit,Shopping,Platinum Card
,6/10/2018,Credit Card Payment,53.88,credit,Groceries,Silver Card
,7/2/2018,Gas Company,178.27,debit,Gas & Fuel,Silver Card
,12/15/2018,City Water Charges,136.99,credit,Paycheck,Platinum Card
,8/8/2019,Brewing Company,128.97,debit,Groceries,Checking
,10/29/2018,Credit Card Payment,197.76,credit,Restaurants,Silver Card
,9/17/2019,Credit Card Payment,126.85,credit,Credit Card Payment,Silver Card
,2/20/2019,Credit Card Payment,123.2,credit,Movies & DVDs,Platinum Card
,5/14/2018,Thai Restaurant,85.85,credit,Credit Card Payment,Checking
,10/31/2019,Power Company,80.57,debit,Credit Card Payment,Silver Card
,5/31/2018,Credit Card Payment,118.99,credit,Groceries,Checking
,5/7/2019,American Tavern,159.83,credit,Credit Card Payment,Silver Card
,3/18/2019,Vietnamese Restaurant,16.57,credit,Credit Card Payment,Checking
,3/14/2018,Credit Card Payment,67.5,debit,Restaurants,Platinum Card
,3/18/2018,Bojangles,79.17,debit,Groceries,Silver Card
,3/15/2018,Netflix,174.87,credit,Credit Card Payment,Checking
,10/22/2019,Movie Theater,38.48,credit,Gas & Fuel,Checking
,3/1/2018,Barbershop,91.29,debit,Home Improvement,Checking
,7/15/2019,Credit Card Payment,22.7,debit,Restaurants,Platinum Card
,1/13/2019,Grocery Store,193.0,debit,Home Improvement,Checking
,8/5/2019,Gas Company,50.38,debit,Groceries,Silver Card
,2/15/2018,Credit Card Payment,51.69,debit,Utilities,Platinum Card
,1/14/2019,Brewing Company,47.27,credit,Utilities,Platinum Card
,7/5/2018,Thai Restaurant,127.71,debit,Restaurants,Platinum Card
,12/26/2018,Credit Card Payment,113.19,debit,Restaurants,Platinum Card
,9/5/2019,Mike's Construction Co.,40.76,credit,Gas & Fuel,Silver Card
,9/18/2019,Internet Service Provider,38.53,debit,Music,Platinum Card
,4/4/2018,Barbershop,135.51,debit,Utilities,Platinum Card
,8/2/2018,Biweekly Paycheck,140.19,credit,Auto Insurance,Platinum Card
,9/16/2019,Credit Card Payment,150.93,debit,Groceries,Silver Card
,6/2/2019,State Farm,93.87,credit,Credit Card Payment,Silver Card
,11/17/2018,Credit Card Payment,188.48,credit,Gas & Fuel,Checking
,10/3/2018,Credit Card Payment,171.64,debit,Credit Card Payment,Platinum Card
,6/6/2018,Amazon,92.41,debit,Groceries,Checking
,1/14/2019,Gas Company,187.07,debit,Restaurants,Checking
,5/24/2018,Grocery Store,190.67,debit,Restaurants,Platinum Card
,6/27/2018,Gas Company,176.56,debit,Restaurants,Platinum Card
,4/16/2018,Amazon,100.24,credit,Shopping,Platinum Card
,2/18/2019,Credit Card Payment,157.06,credit,Gas & Fuel,Silver Card
,8/14/2019,TechCorp Salary,192.31,debit,Groceries,Platinum Card
,12/20/2018,City Water Charges,66.34,debit,Groceries,Platinum Card
,3/19/2018,Brunch Restaurant,194.93,credit,Groceries,Platinum Card
,4/16/2019,Brunch Restaurant,54.91,debit,Gas & Fuel,Checking
,12/5/2018,Whole Foods Market,43.68,debit,Credit Card Payment,Platinum Card
,12/31/2018,TechCorp Salary,60.81,debit,Paycheck,Silver Card
,4/7/2019,Valero,77.74,credit,Utilities,Platinum Card
,6/16/2019,Whole Foods Market,167.28,credit,Credit Card Payment,Checking
,7/30/2019,Amazon,125.55,credit,Credit Card Payment,Silver Card
,10/5/2019,Brunch Restaurant,121.95,debit,Auto Insurance,Checking
,4/2/2019,Biweekly Paycheck,117.38,debit,Credit Card Payment,Checking
,1/20/2019,Pizza Place,166.46,credit,Auto Insurance,Platinum Card
,2/4/2018,Biweekly Paycheck,76.34,debit,Groceries,Checking
,5/31/2019,Biweekly Paycheck,73.54,debit,Shopping,Silver Card
,7/15/2018,Whole Foods Market,149.94,debit,Music,Platinum Card
,4/24/2019,Credit Card Payment,57.02,debit,Shopping,Silver Card
,7/5/2018,Credit Card Payment,158.36,debit,Home Improvement,Silver Card
,10/3/2019,Whole Foods Market,95.86,credit,Credit Card Payment,Platinum Card
,6/8/2019,Internet Service Provider,21.7,credit,Movies & DVDs,Platinum Card
,5/22/2018,Brewing Company,146.09,debit,Utilities,Checking
,5/1/2018,Hardware Store,148.38,credit,Groceries,Checking
,7/26/2018,Internet Service Provider,145.33,debit,Credit Card Payment,Checking
,2/21/2018,Credit Card Payment,122.0,debit,Home Improvement,Platinum Card
,2/2/2018,Grocery Store,22.5,debit,Credit Card Payment,Silver Card
,12/2/2018,City Water Charges,79.41,debit,Restaurants,Platinum Card
,3/7/2019,Credit Card Payment,169.85,debit,Auto Insurance,Silver Card
,8/24/2018,Spotify,138.95,debit,Restaurants,Platinum Card
,4/6/2019,Whole Foods Market,139.67,debit,Electronics & Software,Checking
,8/2/2019,State Farm,71.74,debit,Credit Card Payment,Platinum Card
,12/27/2018,Starbucks,112.96,debit,Home Improvement,Silver Card
,7/22/2018,Greek Restaurant,172.19,credit,Home Improvement,Platinum Card
,9/28/2019,Amazon,125.38,credit,Gas & Fuel,Checking
,4/20/2019,Barbershop,150.92,credit,Home Improvement,Checking
,9/30/2018,American Tavern,195.29,credit,Shopping,Checking
,5/19/2018,Amazon,11.39,credit,Restaurants,Checking
,4/10/2019,Best Buy,150.59,debit,Groceries,Checking
,9/12/2018,Credit Card Payment,144.93,debit,Internet,Silver Card
,10/30/2018,Belgian Restaurant,81.57,credit,Credit Card Payment,Silver Card
,8/25/2019,Barbershop,152.92,credit,Restaurants,Checking
,6/3/2018,Credit Card Payment,8.07,credit,Groceries,Checking
,5/29/2018,Thai Restaurant,158.19,credit,Internet,Silver Card
,7/30/2019,Brewing Company,45.12,credit,Paycheck,Silver Card
,11/7/2018,Power Company,4.93,debit,Restaurants,Silver Card
,7/10/2019,Chick-Fil-A,160.65,debit,Utilities,Platinum Card
,9/18/2018,Amazon,128.19,debit,Groceries,Platinum Card
,12/5/2018,Barbershop,45.55,credit,Mobile Phone,Platinum Card
,1/8/2019,City Water Charges,148.22,credit,Alcohol & Bars,Checking
,11/16/2018,Brunch Restaurant,122.03,credit,Television,Platinum Card
,8/15/2018,American Tavern,81.81,debit,Auto Insurance,Silver Card
,11/1/2019,City Water Charges,51.33,debit,Television,Platinum Card
,4/21/2019,Spotify,161.61,credit,Groceries,Silver Card
,10/20/2018,Credit Card Payment,33.86,credit,Gas & Fuel,Platinum Card
,11/17/2018,Shell,41.98,credit,Paycheck,Platinum Card
,10/14/2019,Internet Service Provider,63.89,credit,Shopping,Silver Card
,7/3/2018,Credit Card Payment,157.29,credit,Internet,Platinum Card
,2/15/2019,Starbucks,155.11,debit,Restaurants,Platinum Card
,1/26/2018,Movie Theater,165.12,debit,Auto Insurance,Checking
,8/17/2018,American Tavern,35.07,debit,Paycheck,Silver Card
,3/31/2018,Netflix,131.14,credit,Restaurants,Platinum Card
,11/26/2018,Fancy Restaurant,138.91,debit,Fast Food,Silver Card
,7/11/2019,Grocery Store,46.5,debit,Paycheck,Platinum Card
,9/5/2018,Whole Foods Market,93.71,debit,Haircut,Checking
,7/15/2019,Valero,42.23,credit,Mobile Phone,Checking
,11/23/2018,Brewing Company,126.1,credit,Credit Card Payment,Checking
,4/27/2018,TechCorp Salary,101.33,debit,Paycheck,Silver Card
,3/22/2018,Brewing Company,127.33,debit,Alcohol & Bars,Platinum Card
,2/2/2019,Grocery Store,98.0,credit,Shopping,Checking
,2/27/2019,Whole Foods Market,96.05,credit,Paycheck,Platinum Card
,9/6/2018,City Water Charges,146.84,credit,Music,Checking
,9/29/2018,Bojangles,128.61,credit,Gas & Fuel,Platinum Card
,11/19/2018,Gas Company,123.86,debit,Paycheck,Platinum Card
,10/9/2019,Credit Card Payment,126.75,credit,Utilities,Checking
,8/30/2018,Grocery Store,121.64,credit,Electronics & Software,Platinum Card
,9/27/2019,Credit Card Payment,172.91,debit,Shopping,Silver Card
,5/21/2018,Gas Company,35.08,credit,Alcohol & Bars,Silver Card
,5/24/2019,Brunch Restaurant,65.83,credit,Restaurants,Platinum Card
,6/1/2019,Mortgage Payment,196.11,credit,Paycheck,Checking
,8/4/2018,Pizza Place,7.02,credit,Alcohol & Bars,Platinum Card
,1/25/2019,Japanese Restaurant,20.76,debit,Groceries,Silver Card
,11/7/2018,Phone Company,39.95,debit,Home Improvement,Platinum Card
,11/16/2019,Credit Card Payment,49.45,debit,Groceries,Platinum Card
,1/13/2019,BP,65.31,debit,Groceries,Platinum Card
,5/31/2019,Whole Foods Market,198.06,debit,Groceries,Silver Card
,4/10/2018,Brewing Company,85.06,credit,Utilities,Silver Card
,10/18/2019,Grocery Store,129.92,debit,Restaurants,Platinum Card
,4/5/2019,Credit Card Payment,134.72,debit,Restaurants,Checking
,2/5/2019,Brewing Company,136.71,credit,Shopping,Platinum Card
,1/21/2019,Starbucks,108.81,debit,Mobile Phone,Silver Card
,9/19/2019,Spotify,125.33,credit,Restaurants,Checking
,9/14/2018,Hardware Store,90.36,debit,Shopping,Platinum Card
,4/13/2019,TechCorp Salary,78.49,debit,Restaurants,Silver Card
,8/30/2018,Netflix Subscription,18.39,credit,Haircut,Platinum Card
,6/9/2018,Credit Card Payment,138.77,debit,Gas & Fuel,Silver Card
,8/2/2018,Grocery Store,8.33,debit,Paycheck,Checking
,1/20/2019,Biweekly Paycheck,136.87,credit,Shopping,Platinum Card
,12/18/2018,Credit Card Payment,117.27,credit,Groceries,Platinum Card
,3/1/2018,Spotify,85.22,debit,Gas & Fuel,Silver Card
,6/29/2018,American Tavern,31.68,credit,Restaurants,Checking
,7/11/2018,Credit Card Payment,157.31,credit,Credit Card Payment,Checking
,2/24/2019,Movie Theater,23.2,debit,Home Improvement,Checking
,11/7/2019,Credit Card Payment,98.7,credit,Gas & Fuel,Checking
,11/17/2019,Biweekly Paycheck,16.85,debit,Fast Food,Silver Card
,4/25/2018,City Water Charges,156.74,credit,Groceries,Silver Card
,2/3/2018,Latin Restaurant,183.02,credit,Haircut,Platinum Card
,3/28/2018,Best Buy,130.41,credit,Groceries,Checking
,4/9/2018,Grocery Store,86.78,debit,Mortgage & Rent,Platinum Card
,3/9/2018,Brewing Company,61.54,debit,Groceries,Checking
,7/27/2019,Spotify,136.2,credit,Alcohol & Bars,Platinum Card
,10/21/2018,Credit Card Payment,78.47,debit,Credit Card Payment,Platinum Card
,6/5/2018,Phone Company,2.48,debit,Internet,Platinum Card
,5/1/2018,Power Company,136.86,credit,Movies & DVDs,Platinum Card
,5/19/2019,Grocery Store,112.71,debit,Credit Card Payment,Silver Card
,7/26/2019,Italian Restaurant,9.18,debit,Auto Insurance,Platinum Card
,2/15/2019,Food Truck,152.93,credit,Credit Card Payment,Platinum Card
,5/27/2018,Mexican Restaurant,23.67,credit,Movies & DVDs,Silver Card
,5/28/2018,Credit Card Payment,139.22,debit,Utilities,Platinum Card
,5/28/2018,State Farm,35.53,debit,Restaurants,Platinum Card
,11/2/2018,Gas Company,114.98,credit,Mobile Phone,Platinum Card
,7/20/2018,State Farm,45.6,credit,Restaurants,Platinum Card
,11/2/2018,TechCorp Salary,195.39,debit,Credit Card Payment,Checking
,9/19/2018,Home Depot Hardware,159.62,credit,Paycheck,Platinum Card
,9/21/2018,Hardware Store,79.05,credit,Utilities,Checking
,10/26/2018,Credit Card Payment,36.93,credit,Gas & Fuel,Platinum Card
,12/30/2018,Amazon,131.46,credit,Utilities,Platinum Card
,7/1/2019,Grocery Store,98.32,credit,Coffee Shops,Platinum Card
,7/1/2018,Belgian Restaurant,150.23,debit,Credit Card Payment,Checking
,12/13/2018,Amazon,63.4,debit,Internet,Silver Card
,6/29/2019,Starbucks,108.99,credit,Mortgage & Rent,Silver Card
,6/1/2019,Movie Theater,147.44,credit,Alcohol & Bars,Platinum Card
,10/9/2019,Phone Company,69.58,credit,Utilities,Platinum Card
,9/11/2019,Amazon,34.82,debit,Gas & Fuel,Platinum Card
,5/30/2018,BP,96.62,debit,Alcohol & Bars,Platinum Card
,4/1/2019,Netflix Subscription,80.05,debit,Electronics & Software,Platinum Card
,2/27/2018,Roadside Diner,25.93,debit,Groceries,Silver Card
,5/22/2018,Barbershop,37.42,credit,Movies & DVDs,Platinum Card
,10/3/2019,Whole Foods Market,50.8,credit,Credit Card Payment,Platinum Card
,7/25/2018,Credit Card Payment,169.08,credit,Shopping,Platinum Card
,5/9/2019,American Tavern,146.85,credit,Credit Card Payment,Platinum Card
,9/18/2019,Credit Card Payment,190.9,debit,Utilities,Silver Card
,6/24/2019,Credit Card Payment,46.84,credit,Haircut,Checking
,11/21/2018,Spotify,42.31,credit,Mortgage & Rent,Platinum Card
,1/10/2019,Belgian Restaurant,183.56,credit,Shopping,Platinum Card
,7/4/2019,Credit Card Payment,52.9,debit,Haircut,Silver Card
,9/24/2019,TechCorp Salary,14.78,credit,Fast Food,Platinum Card
,6/3/2019,Brewing Company,21.46,debit,Mobile Phone,Checking
,8/4/2019,American Tavern,172.8,debit,Home Improvement,Checking
,12/3/2018,Credit Card Payment,10.25,credit,Utilities,Silver Card
,9/4/2019,Gas Company,34.88,debit,Credit Card Payment,Platinum Card
,5/16/2019,Grocery Store,111.66,debit,Utilities,Platinum Card
,1/30/2018,American Tavern,113.24,credit,Restaurants,Checking
,6/20/2018,Power Company,125.88,credit,Haircut,Platinum Card
,1/20/2019,Brewing Company,94.83,credit,Mobile Phone,Checking
,8/23/2019,Whole Foods Market,132.04,credit,Coffee Shops,Platinum Card
,4/8/2019,Starbucks,97.26,debit,Credit Card Payment,Silver Card
,5/29/2019,American Tavern,119.33,debit,Internet,Platinum Card
,8/22/2019,Gas Company,183.2,credit,Internet,Checking
,8/6/2018,Whole Foods Market,136.12,debit,Restaurants,Platinum Card
,3/25/2019,Spotify,171.21,credit,Paycheck,Platinum Card
,5/13/2018,Credit Card Payment,157.95,debit,Shopping,Checking
,6/28/2018,Credit Card Payment,35.08,credit,Paycheck,Platinum Card
,5/22/2018,Gas Company,107.4,debit,Credit Card Payment,Silver Card
,4/16/2018,Gas Company,102.42,credit,Mobile Phone,Checking
,8/13/2019,Credit Card Payment,28.97,debit,Groceries,Platinum Card
,9/9/2019,Grocery Store,181.33,credit,Shopping,Platinum Card
,9/24/2018,Phone Company,107.96,credit,Utilities,Platinum Card
,4/8/2018,Credit Card Payment,66.36,credit,Home Improvement,Checking
,3/24/2018,Credit Card Payment,61.55,credit,Utilities,Platinum Card
,1/30/2019,Credit Card Payment,23.7,debit,Credit Card Payment,Checking
,6/13/2018,Credit Card Payment,144.61,debit,Shopping,Platinum Card
,5/11/2018,City Water Charges,169.74,credit,Haircut,Platinum Card
,10/18/2018,Internet Service Provider,119.98,credit,Credit Card Payment,Platinum Card
,11/17/2019,Whole Foods Market,168.97,debit,Paycheck,Platinum Card
,7/21/2019,Credit Card Payment,3.55,credit,Internet,Platinum Card
,2/26/2019,Credit Card Payment,50.68,credit,Utilities,Checking
,8/16/2019,Grocery Store,72.21,credit,Mortgage & Rent,Checking
,7/16/2018,Chick-Fil-A,57.08,debit,Mobile Phone,Platinum Card
,3/19/2018,Gas Company,99.52,credit,Credit Card Payment,Silver Card
,6/27/2018,City Water Charges,73.03,debit,Utilities,Silver Card
,8/23/2018,Credit Card Payment,36.02,debit,Home Improvement,Platinum Card
,9/6/2019,Grocery Store,50.89,credit,Paycheck,Checking
,11/15/2018,Spotify,19.51,credit,Auto Insurance,Checking
,2/20/2018,Credit Card Payment,175.74,debit,Shopping,Checking
,7/9/2018,Phone Company,12.92,credit,Coffee Shops,Silver Card
,12/21/2018,Netflix Subscription,132.86,debit,Haircut,Checking
,11/20/2018,Amazon,115.97,debit,Mobile Phone,Silver Card
,4/29/2018,Grocery Store,169.29,credit,Groceries,Platinum Card
,3/10/2019,Power Company,162.55,debit,Mortgage & Rent,Checking
,1/30/2019,Credit Card Payment,31.79,debit,Coffee Shops,Checking
,5/5/2018,Movie Theater,198.46,credit,Music,Checking
,8/3/2018,Internet Service Provider,102.1,debit,Credit Card Payment,Platinum Card
,4/7/2019,Brewing Company,5.29,debit,Coffee Shops,Silver Card
,4/1/2018,Wendy's,63.26,credit,Coffee Shops,Platinum Card
,3/20/2018,Phone Company,189.79,debit,Home Improvement,Platinum Card
,10/6/2019,Grocery Store,16.99,credit,Utilities,Platinum Card
,8/30/2018,Credit Card Payment,32.32,credit,Paycheck,Silver Card
,9/27/2018,American Tavern,114.68,debit,Paycheck,Silver Card
,9/4/2018,Pizza Place,78.39,debit,Gas & Fuel,Platinum Card
,10/22/2018,Biweekly Paycheck,35.23,credit,Credit Card Payment,Checking
,5/28/2018,Internet Service Provider,12.61,debit,Credit Card Payment,Platinum Card
,4/11/2018,Starbucks Coffee,90.65,debit,Restaurants,Platinum Card
,7/23/2018,Phone Company,183.5,credit,Gas & Fuel,Platinum Card
,8/16/2018,Grocery Store,176.38,credit,Credit Card Payment,Silver Card
,8/26/2018,Brunch Restaurant,125.81,debit,Credit Card Payment,Platinum Card
,10/11/2019,Netflix,27.02,credit,Utilities,Checking
,7/15/2018,Spotify,99.6,debit,Utilities,Checking
,6/25/2019,Biweekly Paycheck,60.35,credit,Gas & Fuel,Checking
,10/30/2019,Credit Card Payment,2.53,credit,Gas & Fuel,Platinum Card
,6/10/2019,Internet Service Provider,120.25,debit,Internet,Platinum Card
,3/10/2018,Credit Card Payment,146.62,debit,Fast Food,Silver Card
,6/2/2019,Phone Company,42.18,debit,Shopping,Platinum Card
,7/26/2018,Credit Card Payment,81.02,debit,Shopping,Silver Card
,7/10/2018,Starbucks Coffee,150.54,credit,Mortgage & Rent,Checking
,3/6/2018,City Water Charges,171.21,debit,Utilities,Platinum Card
,6/14/2019,Whole Foods Market,147.47,credit,Utilities,Platinum Card
,11/13/2018,Amazon,152.58,debit,Restaurants,Platinum Card
,3/14/2018,BP,189.89,credit,Groceries,Checking
,4/8/2018,Grocery Store,191.35,debit,Haircut,Platinum Card
,9/29/2018,Phone Company,195.25,credit,Groceries,Checking
,8/16/2018,Gas Company,118.01,debit,Credit Card Payment,Silver Card
,10/23/2018,Grocery Store,177.06,debit,Credit Card Payment,Platinum Card
,8/7/2019,Grocery Store,163.49,debit,Fast Food,Silver Card
,10/12/2018,QuikTrip,121.55,debit,Haircut,Checking
,6/23/2018,Brewing Company,83.07,credit,Groceries,Silver Card
,9/16/2018,Amazon,118.32,debit,Credit Card Payment,Platinum Card
,4/27/2018,Credit Card Payment,58.35,credit,Utilities,Platinum Card
,3/6/2019,Credit Card Payment,154.67,credit,Paycheck,Checking
,8/11/2019,Fancy Restaurant,8.15,debit,Shopping,Silver Card
,11/24/2018,Movie Theater,93.62,debit,Home Improvement,Silver Card
,12/22/2018,Thai Restaurant,88.01,debit,Utilities,Checking
,11/2/2018,American Tavern,41.55,debit,Credit Card Payment,Platinum Card
,6/25/2019,Credit Card Payment,176.26,credit,Restaurants,Platinum Card
,9/23/2018,Whole Foods Market,134.28,debit,Groceries,Silver Card
,5/22/2018,City Water Charges,81.55,credit,Shopping,Checking
,7/29/2019,Credit Card Payment,46.08,debit,Auto Insurance,Checking
,12/10/2018,Credit Card Payment,145.35,debit,Paycheck,Checking
,11/15/2019,Credit Card Payment,102.58,credit,Credit Card Payment,Silver Card
,6/26/2019,Biweekly Paycheck,76.0,credit,Credit Card Payment,Checking
,8/29/2019,American Tavern,87.93,credit,Mobile Phone,Platinum Card
,4/8/2018,QuikTrip,55.93,debit,Home Improvement,Checking
,4/5/2019,Credit Card Payment,113.41,credit,Television,Platinum Card
,10/30/2018,Shell,23.19,debit,Utilities,Silver Card
,10/6/2019,Whole Foods Market,147.24,debit,Credit Card Payment,Platinum Card
,7/31/2019,Amazon,36.64,credit,Groceries,Silver Card
,3/13/2018,Mortgage Payment,109.33,credit,Credit Card Payment,Platinum Card
,5/27/2019,Starbucks,175.34,credit,Credit Card Payment,Platinum Card
,11/18/2018,State Farm,19.92,debit,Mobile Phone,Silver Card
,4/12/2018,Grocery Store,154.89,credit,Utilities,Checking
,3/25/2018,Mike's Construction Co.,190.13,credit,Movies & DVDs,Platinum Card
,10/11/2018,Chick-Fil-A,21.9,debit,Restaurants,Checking
,8/14/2019,Spotify,184.56,debit,Utilities,Platinum Card
,11/11/2018,Barbershop,164.01,debit,Shopping,Platinum Card
,7/29/2018,Grocery Store,149.57,debit,Utilities,Silver Card
,8/18/2018,Grocery Store,176.18,debit,Groceries,Platinum Card
,3/8/2018,Whole Foods Market,30.75,debit,Utilities,Checking
,11/11/2018,Netflix Subscription,71.23,credit,Auto Insurance,Platinum Card
,3/31/2018,Credit Card Payment,172.82,debit,Restaurants,Checking
,1/26/2019,Chili's,38.13,credit,Restaurants,Silver Card
,1/2/2019,Biweekly Paycheck,192.44,debit,Groceries,Platinum Card
,4/26/2018,American Tavern,66.01,debit,Utilities,Platinum Card
,6/3/2019,Credit Card Payment,128.29,credit,Credit Card Payment,Silver Card
,8/17/2019,Brewing Company,109.74,credit,Credit Card Payment,Platinum Card
,2/27/2018,Credit Card Payment,156.3,debit,Restaurants,Platinum Card
,12/15/2018,Grocery Store,94.61,debit,Credit Card Payment,Platinum Card
,5/31/2019,Credit Card Payment,180.57,credit,Gas & Fuel,Platinum Card
,9/14/2018,Mortgage Payment,176.42,credit,Mobile Phone,Platinum Card
,12/12/2018,Power Company,120.51,credit,Credit Card Payment,Checking
,5/3/2018,Internet Service Provider,39.75,credit,Utilities,Platinum Card
,2/9/2019,Netflix Subscription,4.68,debit,Mortgage & Rent,Silver Card
,10/12/2019,BP,142.31,debit,Credit Card Payment,Checking
,4/18/2019,Greek Restaurant,31.96,credit,Alcohol & Bars,Platinum Card
,4/17/2018,American Tavern,7.14,credit,Credit Card Payment,Checking
,4/13/2019,German Restaurant,26.2,debit,Shopping,Platinum Card
,8/27/2019,QuikTrip,71.76,credit,Utilities,Platinum Card
,11/26/2018,BP,106.68,debit,Coffee Shops,Platinum Card
,1/10/2019,Mortgage Payment,122.73,debit,Restaurants,Silver Card
,5/2/2019,American Tavern,64.19,credit,Gas & Fuel,Silver Card
,5/27/2018,Spotify,92.34,debit,Credit Card Payment,Platinum Card
,4/19/2019,Credit Card Payment,109.9,credit,Credit Card Payment,Checking
,4/10/2019,Barbershop,167.94,debit,Utilities,Checking
,5/16/2018,Thai Restaurant,13.48,debit,Gas & Fuel,Checking
,8/27/2018,Netflix,50.75,credit,Gas & Fuel,Platinum Card
,4/28/2019,Thai Restaurant,66.8,credit,Home Improvement,Silver Card
,10/31/2018,Power Company,60.17,debit,Haircut,Silver Card
,7/12/2018,Movie Theater,94.01,credit,Coffee Shops,Silver Card
,11/18/2018,Credit Card Payment,135.96,debit,Alcohol & Bars,Platinum Card
,4/5/2019,American Tavern,69.16,credit,Shopping,Checking
,6/25/2019,Credit Card Payment,152.6,debit,Credit Card Payment,Platinum Card
,8/25/2018,Grocery Store,104.04,credit,Credit Card Payment,Platinum Card
,5/24/2018,Chick-Fil-A,183.28,debit,Credit Card Payment,Platinum Card
,8/4/2018,Credit Card Payment,192.82,debit,Shopping,Checking
,8/11/2019,Whole Foods Market,167.81,credit,Utilities,Platinum Card
,10/28/2018,Credit Card Payment,159.56,debit,Restaurants,Platinum Card
,8/31/2018,Gas Company,104.56,debit,Credit Card Payment,Silver Card
,11/27/2018,TechCorp Salary,100.88,credit,Credit Card Payment,Platinum Card
,5/14/2018,Credit Card Payment,110.21,credit,Auto Insurance,Platinum Card
,7/31/2019,Whole Foods Market,18.88,debit,Shopping,Platinum Card
,12/10/2018,Amazon,18.8,debit,Credit Card Payment,Checking
,3/20/2018,Credit Card Payment,59.94,credit,Shopping,Platinum Card
,4/13/2018,Grocery Store,35.69,credit,Internet,Platinum Card
,8/20/2018,City Water Charges,24.33,debit,Paycheck,Platinum Card
,6/13/2019,Netflix,158.49,credit,Shopping,Silver Card
,4/21/2018,Roadside Diner,97.44,debit,Internet,Platinum Card
,12/21/2018,Brewing Company,8.68,debit,Credit Card Payment,Silver Card
,8/19/2019,Credit Card Payment,121.49,debit,Groceries,Platinum Card
,4/3/2019,Mediterranean Restaurant,49.37,debit,Paycheck,Silver Card
,4/12/2019,Credit Card Payment,89.18,debit,Shopping,Silver Card
,3/20/2018,Credit Card Payment,25.56,credit,Internet,Platinum Card
,8/4/2019,Starbucks Coffee,68.21,credit,Groceries,Platinum Card
,6/17/2019,Barbershop,120.26,debit,Internet,Platinum Card
,7/23/2018,Internet Service Provider,25.45,credit,Paycheck,Silver Card
,10/7/2018,City Water Charges,186.9,credit,Auto Insurance,Silver Card
,5/5/2018,Vietnamese Restaurant,41.35,debit,Credit Card Payment,Platinum Card
,7/13/2019,Internet Service Provider,71.62,debit,Auto Insurance,Checking
,8/4/2018,Brunch Restaurant,184.43,debit,Groceries,Platinum Card
,4/2/2018,Credit Card Payment,155.82,credit,Movies & DVDs,Platinum Card
,11/26/2018,Mortgage Payment,191.84,credit,Shopping,Silver Card
,4/19/2019,Credit Card Payment,55.01,debit,Music,Platinum Card
,6/27/2019,Biweekly Paycheck,135.57,debit,Paycheck,Platinum Card
,10/5/2019,Pizza Place,60.86,debit,Utilities,Checking
,7/11/2019,Japanese Restaurant,154.23,debit,Haircut,Silver Card
,5/30/2018,Credit Card Payment,49.45,debit,Credit Card Payment,Silver Card
,3/17/2018,Phone Company,50.39,credit,Mortgage & Rent,Silver Card
,9/10/2019,Credit Card Payment,195.41,credit,Restaurants,Platinum Card
,5/31/2019,TechCorp Salary,126.79,debit,Shopping,Platinum Card
,11/29/2018,Grocery Store,80.77,debit,Credit Card Payment,Platinum Card
,2/1/2018,Credit Card Payment,166.9,credit,Credit Card Payment,Platinum Card
,9/25/2018,Mediterranean Restaurant,147.55,debit,Auto Insurance,Checking
,4/17/2018,Grocery Store,90.17,credit,Groceries,Platinum Card
,12/3/2019,State Farm,89.77,credit,Credit Card Payment,Platinum Card
,11/28/2018,Starbucks,39.32,debit,Haircut,Platinum Card
,4/25/2018,Starbucks Coffee,101.89,credit,Groceries,Silver Card
,3/29/2018,Mediterranean Restaurant,166.83,debit,Credit Card Payment,Platinum Card
,10/27/2019,Phone Company,25.78,credit,Groceries,Checking
,12/3/2018,Grocery Store,55.95,credit,Shopping,Platinum Card
,12/22/2018,Netflix,6.2,debit,Auto Insurance,Checking
,10/1/2019,Whole Foods Market,91.52,credit,Shopping,Platinum Card
,6/3/2019,QuikTrip,15.09,credit,Utilities,Checking
,1/12/2019,Netflix Subscription,115.72,credit,Groceries,Platinum Card
,1/25/2019,Barbershop,112.8,debit,Credit Card Payment,Platinum Card
,5/25/2019,Starbucks Coffee,147.06,credit,Credit Card Payment,Platinum Card
,8/21/2018,Internet Service Provider,154.97,debit,Alcohol & Bars,Checking
,8/6/2018,Credit Card Payment,101.6,debit,Home Improvement,Platinum Card
,1/6/2019,Go Mart,9.11,debit,Shopping,Checking
,8/5/2019,Biweekly Paycheck,199.72,credit,Utilities,Checking
,7/22/2018,Credit Card Payment,126.55,credit,Restaurants,Platinum Card
,4/10/2018,Phone Company,184.53,credit,Internet,Platinum Card
,3/25/2018,Netflix Subscription,60.04,debit,Credit Card Payment,Platinum Card
,7/24/2018,Credit Card Payment,54.59,credit,Entertainment,Platinum Card
,11/2/2019,Biweekly Paycheck,142.52,credit,Credit Card Payment,Platinum Card
,6/7/2018,Barbershop,13.42,credit,Groceries,Platinum Card
,5/19/2019,Credit Card Payment,170.93,credit,Groceries,Platinum Card
,4/22/2018,Internet Service Provider,166.51,debit,Home Improvement,Silver Card
,12/28/2018,State Farm,196.81,credit,Shopping,Platinum Card
,4/1/2018,State Farm,121.67,debit,Utilities,Platinum Card
,7/15/2018,Power Company,168.22,credit,Coffee Shops,Silver Card
,6/12/2018,Brunch Restaurant,91.84,credit,Alcohol & Bars,Platinum Card
,4/27/2019,Credit Card Payment,55.68,debit,Shopping,Checking
,10/25/2019,TechCorp Salary,111.06,debit,Shopping,Silver Card
,1/14/2019,Whole Foods Market,76.64,debit,Groceries,Checking
,7/31/2019,Whole Foods Market,95.23,debit,Coffee Shops,Platinum Card
,8/27/2018,City Water Charges,68.68,debit,Restaurants,Silver Card
,9/6/2019,Amazon,95.92,credit,Paycheck,Platinum Card
,6/14/2019,Amazon,27.62,debit,Restaurants,Platinum Card
,11/21/2018,Credit Card Payment,16.66,credit,Credit Card Payment,Platinum Card
,5/14/2018,American Tavern,160.38,debit,Utilities,Checking
,9/9/2019,State Farm,170.5,credit,Home Improvement,Platinum Card
,4/15/2019,Amazon,49.21,debit,Restaurants,Silver Card
,12/22/2018,American Tavern,28.07,credit,Groceries,Platinum Card
,6/19/2019,Netflix Subscription,187.22,debit,Coffee Shops,Platinum Card
,9/25/2019,Home Depot Hardware,97.51,debit,Credit Card Payment,Silver Card
,6/10/2019,Credit Card Payment,169.76,credit,Restaurants,Platinum Card
,6/23/2018,Grocery Store,119.5,credit,Paycheck,Checking
,8/29/2018,State Farm,111.59,debit,Groceries,Platinum Card
,3/13/2018,Biweekly Paycheck,83.14,credit,Utilities,Platinum Card
,8/8/2019,American Tavern,170.98,debit,Restaurants,Platinum Card
,4/29/2019,Credit Card Payment,94.94,debit,Internet,Checking
,5/21/2018,Brewing Company,186.43,credit,Utilities,Checking
,1/13/2019,Credit Card Payment,106.84,credit,Credit Card Payment,Platinum Card
,11/1/2018,Mortgage Payment,198.95,debit,Restaurants,Platinum Card
,6/2/2018,American Tavern,71.35,credit,Restaurants,Platinum Card
,7/1/2018,Phone Company,52.32,debit,Restaurants,Platinum Card
,5/6/2019,Brewing Company,58.64,credit,Credit Card Payment,Checking
,1/12/2019,Amazon,149.71,credit,Gas & Fuel,Checking
,8/17/2019,Credit Card Payment,101.83,debit,Music,Platinum Card
,5/2/2018,Gas Company,21.55,credit,Mobile Phone,Checking
,3/12/2018,Phone Company,66.42,debit,Alcohol & Bars,Platinum Card
,9/2/2018,Brunch Restaurant,66.19,credit,Credit Card Payment,Platinum Card
,5/2/2019,BP,174.71,credit,Groceries,Silver Card
,8/28/2019,Bojangles,13.2,credit,Groceries,Silver Card
,8/30/2018,Power Company,170.93,credit,Mortgage & Rent,Platinum Card
,5/27/2019,Credit Card Payment,31.25,credit,Credit Card Payment,Checking
,4/22/2019,City Water Charges,93.06,credit,Internet,Platinum Card
,7/13/2018,Biweekly Paycheck,149.83,credit,Utilities,Checking
,3/30/2019,Internet Service Provider,80.85,credit,Groceries,Checking
,4/27/2019,Amazon,92.95,debit,Paycheck,Silver Card
,12/31/2018,Amazon,10.88,credit,Groceries,Platinum Card
,8/14/2019,State Farm,149.48,debit,Coffee Shops,Platinum Card
,9/30/2019,Internet Service Provider,52.91,debit,Credit Card Payment,Platinum Card
,4/1/2018,BP,158.17,credit,Paycheck,Silver Card
,5/28/2018,Shell,178.2,credit,Music,Checking
,5/27/2018,Credit Card Payment,93.04,credit,Coffee Shops,Checking
,1/20/2019,Power Company,45.75,debit,Mortgage & Rent,Platinum Card
,3/7/2018,Spotify,94.38,credit,Credit Card Payment,Silver Card
,2/9/2018,Whole Foods Market,87.23,debit,Mobile Phone,Platinum Card
,11/24/2018,Mediterranean Restaurant,17.37,credit,Restaurants,Platinum Card
,11/18/2019,Internet Service Provider,92.14,debit,Auto Insurance,Checking
,9/30/2019,Brewing Company,5.16,debit,Gas & Fuel,Checking
,6/17/2018,Mediterranean Restaurant,182.04,credit,Credit Card Payment,Silver Card
,10/26/2019,Greek Restaurant,163.11,debit,Paycheck,Checking
,2/23/2018,Brunch Restaurant,11.79,credit,Credit Card Payment,Platinum Card
,4/10/2018,Credit Card Payment,3.77,debit,Home Improvement,Platinum Card
,6/6/2019,Grocery Store,97.97,debit,Movies & DVDs,Platinum Card
,1/8/2019,Amazon,20.38,debit,Mortgage & Rent,Checking
,3/10/2018,Home Depot Hardware,155.57,debit,Groceries,Platinum Card
,6/20/2018,Gas Company,40.54,debit,Shopping,Platinum Card
,9/10/2019,Gas Company,176.14,credit,Home Improvement,Silver Card
,7/7/2018,Biweekly Paycheck,138.75,credit,Groceries,Checking
,1/8/2019,Credit Card Payment,106.44,debit,Utilities,Platinum Card
,11/21/2019,Grocery Store,179.14,debit,Shopping,Silver Card
,4/28/2019,Credit Card Payment,195.07,credit,Coffee Shops,Silver Card
,7/14/2019,Movie Theater,180.61,credit,Utilities,Platinum Card
,1/28/2019,Italian Restaurant,9.93,debit,Restaurants,Checking
,3/10/2019,Shell,160.79,debit,Alcohol & Bars,Silver Card
,2/10/2019,BP,153.39,credit,Shopping,Platinum Card
,5/16/2018,Credit Card Payment,77.03,debit,Credit Card Payment,Silver Card
,10/14/2018,Phone Company,179.12,credit,Shopping,Platinum Card
,10/9/2019,Credit Card Payment,58.23,debit,Shopping,Checking
,8/13/2018,Gas Company,42.15,credit,Groceries,Silver Card
,5/7/2018,Fancy Restaurant,64.59,credit,Television,Checking
,4/11/2019,Starbucks Coffee,123.19,credit,Gas & Fuel,Checking
,4/14/2018,Hardware Store,1.49,credit,Internet,Silver Card
,2/7/2019,Brunch Restaurant,160.4,debit,Auto Insurance,Checking
,10/27/2018,Credit Card Payment,110.44,credit,Paycheck,Silver Card
,4/17/2018,Brewing Company,20.51,credit,Restaurants,Platinum Card
,1/30/2019,Chick-Fil-A,35.39,debit,Credit Card Payment,Platinum Card
,4/12/2019,Credit Card Payment,168.26,debit,Credit Card Payment,Silver Card
,1/13/2019,Gas Company,130.79,credit,Coffee Shops,Platinum Card
,10/27/2019,State Farm,37.71,debit,Alcohol & Bars,Platinum Card
,6/19/2019,City Water Charges,83.95,debit,Gas & Fuel,Platinum Card
,8/8/2019,Amazon,162.95,debit,Credit Card Payment,Checking
,8/3/2018,Grocery Store,114.26,credit,Auto Insurance,Silver Card
,10/2/2019,QuikTrip,125.31,debit,Credit Card Payment,Silver Card
,11/19/2019,Mortgage Payment,77.35,credit,Groceries,Platinum Card
,7/11/2019,Grocery Store,177.16,debit,Internet,Silver Card
,9/10/2019,Biweekly Paycheck,172.6,debit,Credit Card Payment,Checking
,9/3/2019,Grocery Store,160.69,debit,Coffee Shops,Silver Card
,9/14/2019,American Tavern,74.09,debit,Groceries,Platinum Card
,12/6/2018,State Farm,170.88,debit,Paycheck,Silver Card
,10/11/2018,Whole Foods Market,66.62,credit,Utilities,Platinum Card
,8/25/2019,Whole Foods Market,124.17,credit,Credit Card Payment,Platinum Card
,12/31/2018,Whole Foods Market,37.44,credit,Auto Insurance,Silver Card
,5/5/2019,State Farm,188.35,debit,Auto Insurance,Platinum Card
,7/22/2018,Home Depot Hardware,29.07,debit,Restaurants,Checking
,11/26/2018,Credit Card Payment,170.54,credit,Shopping,Platinum Card
,10/14/2018,QuikTrip,70.22,credit,Alcohol & Bars,Checking
,7/24/2018,Amazon,112.44,credit,Home Improvement,Platinum Card
,5/22/2019,Grocery Store,196.06,debit,Groceries,Silver Card
,10/21/2019,Whole Foods Market,61.35,credit,Entertainment,Platinum Card
,5/15/2019,Grocery Store,78.16,debit,Home Improvement,Checking
,6/26/2019,Gas Company,180.73,debit,Groceries,Silver Card
,12/31/2018,Shell,3.34,credit,Coffee Shops,Platinum Card
,8/28/2019,Grocery Store,131.79,debit,Restaurants,Platinum Card
,6/3/2018,Credit Card Payment,28.4,debit,Television,Platinum Card
,4/22/2018,State Farm,183.5,credit,Movies & DVDs,Checking
,6/28/2018,TechCorp Salary,60.29,credit,Groceries,Checking
,10/9/2019,Netflix Subscription,88.7,debit,Restaurants,Platinum Card
,12/2/2018,Credit Card Payment,198.44,credit,Credit Card Payment,Silver Card
,3/21/2018,American Tavern,180.42,credit,Groceries,Platinum Card
,4/25/2019,Credit Card Payment,68.91,debit,Groceries,Silver Card
,10/25/2019,Hardware Store,36.62,credit,Groceries,Platinum Card
,11/6/2018,City Water Charges,185.88,debit,Music,Silver Card
,2/23/2018,American Tavern,182.08,debit,Credit Card Payment,Platinum Card
,9/22/2019,Whole Foods Market,42.88,debit,Groceries,Platinum Card
,1/27/2019,City Water Charges,170.08,credit,Groceries,Platinum Card
,12/3/2018,City Water Charges,72.27,credit,Gas & Fuel,Platinum Card
,6/4/2019,Grocery Store,74.69,credit,Restaurants,Silver Card
,4/26/2018,Starbucks Coffee,124.82,debit,Shopping,Checking
,8/22/2019,Netflix,119.41,debit,Restaurants,Silver Card
,2/18/2019,Grocery Store,162.24,debit,Mortgage & Rent,Platinum Card
,1/22/2018,State Farm,83.85,credit,Shopping,Silver Card
,3/28/2018,Credit Card Payment,155.86,credit,Gas & Fuel,Silver Card
,5/16/2019,Barbershop,123.1,debit,Groceries,Checking
,5/26/2018,Hardware Store,121.94,debit,Credit Card Payment,Platinum Card
,1/2/2019,Grocery Store,96.85,debit,Shopping,Platinum Card
,7/29/2018,Grocery Store,121.82,credit,Shopping,Silver Card
,6/4/2018,Starbucks Coffee,108.38,credit,Shopping,Platinum Card
,8/21/2019,Credit Card Payment,165.14,debit,Credit Card Payment,Platinum Card
,9/22/2019,Hardware Store,39.0,credit,Groceries,Checking
,1/29/2019,Credit Card Payment,115.67,credit,Auto Insurance,Checking
,2/19/2019,Credit Card Payment,75.38,credit,Restaurants,Platinum Card
,10/16/2019,Gas Company,12.64,debit,Haircut,Platinum Card
,7/23/2018,BP,83.36,debit,Paycheck,Checking
,9/15/2019,Grocery Store,14.58,debit,Coffee Shops,Silver Card
,8/28/2019,Credit Card Payment,145.27,credit,Home Improvement,Platinum Card
,11/1/2019,Credit Card Payment,145.36,credit,Shopping,Silver Card
,1/19/2019,QuikTrip,146.74,debit,Paycheck,Platinum Card
,7/23/2018,Starbucks Coffee,74.32,debit,Credit Card Payment,Checking
,1/1/2019,Starbucks Coffee,167.06,credit,Mortgage & Rent,Checking
,11/1/2018,TechCorp Salary,129.68,credit,Home Improvement,Silver Card
,10/19/2019,Whole Foods Market,37.53,credit,Restaurants,Checking
,2/4/2018,Mortgage Payment,121.8,debit,Groceries,Checking
,11/25/2018,Power Company,25.27,credit,Groceries,Checking
,10/21/2019,Grocery Store,50.43,credit,Coffee Shops,Checking
,7/20/2019,Grocery Store,47.37,debit,Paycheck,Platinum Card
,5/8/2018,Starbucks,183.83,debit,Music,Platinum Card
,8/1/2018,Credit Card Payment,81.77,debit,Movies & DVDs,Platinum Card
,3/28/2018,American Tavern,173.93,debit,Credit Card Payment,Platinum Card
,7/2/2019,Spotify,181.92,credit,Music,Silver Card
,12/22/2018,Amazon,171.47,debit,Haircut,Checking
,8/23/2018,Thai Restaurant,159.22,debit,Groceries,Platinum Card
,11/16/2018,Internet Service Provider,27.14,debit,Groceries,Platinum Card
,5/8/2018,Credit Card Payment,138.8,debit,Coffee Shops,Platinum Card
,9/4/2019,Mediterranean Restaurant,61.96,credit,Home Improvement,Checking
,8/5/2018,Starbucks Coffee,9.0,credit,Credit Card Payment,Platinum Card
,2/7/2018,TechCorp Salary,175.31,credit,Groceries,Platinum Card
,9/1/2018,Mortgage Payment,138.86,credit,Restaurants,Platinum Card
,8/30/2018,Credit Card Payment,177.47,debit,Credit Card Payment,Checking
,2/8/2019,Whole Foods Market,179.01,debit,Gas & Fuel,Silver Card
,1/14/2019,City Water Charges,9.81,debit,Auto Insurance,Platinum Card
,7/29/2019,Hardware Store,196.95,debit,Credit Card Payment,Platinum Card
,8/28/2018,Credit Card Payment,2.71,debit,Restaurants,Platinum Card
,7/15/2018,Amazon,191.06,debit,Groceries,Silver Card
,9/9/2019,TechCorp Salary,154.05,debit,Credit Card Payment,Platinum Card
,9/8/2019,Movie Theater,159.72,debit,Restaurants,Platinum Card
,12/13/2018,Whole Foods Market,142.4,debit,Groceries,Platinum Card
,5/2/2019,Grocery Store,104.52,credit,Credit Card Payment,Checking
,1/25/2019,Phone Company,187.79,credit,Paycheck,Silver Card
,4/12/2018,Brewing Company,33.36,debit,Auto Insurance,Platinum Card
,10/30/2018,Grocery Store,173.53,debit,Alcohol & Bars,Platinum Card
,8/30/2018,Whole Foods Market,46.54,debit,Mobile Phone,Checking
,4/27/2019,Credit Card Payment,162.76,debit,Restaurants,Platinum Card
,7/29/2018,Credit Card Payment,26.88,credit,Internet,Checking
,3/6/2018,Brunch Restaurant,32.01,debit,Credit Card Payment,Checking
,3/14/2019,Shell,193.33,credit,Gas & Fuel,Platinum Card
,9/30/2018,German Restaurant,7.64,debit,Mortgage & Rent,Platinum Card
,5/18/2018,Pizza Place,153.68,debit,Restaurants,Silver Card
,3/20/2019,State Farm,64.19,credit,Coffee Shops,Platinum Card
,4/28/2018,Mortgage Payment,16.21,debit,Utilities,Platinum Card
,2/6/2018,American Tavern,90.46,credit,Home Improvement,Checking
,4/15/2019,Amazon,17.84,debit,Mobile Phone,Silver Card
,9/18/2018,Grocery Store,168.52,credit,Mortgage & Rent,Silver Card
,1/29/2019,Amazon,7.57,credit,Credit Card Payment,Checking
,12/9/2018,Phone Company,77.81,credit,Shopping,Platinum Card
,6/2/2018,Brunch Restaurant,46.8,credit,Television,Platinum Card
,3/25/2019,Home Depot Hardware,164.51,credit,Mortgage & Rent,Checking
,5/21/2018,Amazon,110.45,credit,Credit Card Payment,Silver Card
,9/30/2018,Brewing Company,165.3,credit,Groceries,Silver Card
,3/23/2018,Belgian Restaurant,36.18,debit,Shopping,Checking
,5/24/2019,Brewing Company,39.81,credit,Groceries,Platinum Card
,6/22/2018,Internet Service Provider,160.12,debit,Gas & Fuel,Platinum Card
,9/23/2019,Mike's Construction Co.,103.62,credit,Paycheck,Silver Card
,1/27/2018,Credit Card Payment,36.94,credit,Credit Card Payment,Silver Card
,3/3/2019,Shell,127.13,debit,Shopping,Platinum Card
,3/13/2019,Shell,51.93,credit,Utilities,Silver Card
,3/4/2019,Credit Card Payment,119.33,credit,Groceries,Checking
,12/18/2018,Biweekly Paycheck,66.05,debit,Home Improvement,Platinum Card
,4/24/2018,Biweekly Paycheck,80.82,debit,Mortgage & Rent,Checking
,1/15/2019,TechCorp Salary,192.56,credit,Movies & DVDs,Checking
,6/29/2018,Credit Card Payment,64.08,debit,Utilities,Checking
,5/1/2019,Whole Foods Market,81.54,credit,Electronics & Software,Platinum Card
,4/22/2019,Credit Card Payment,46.45,debit,Utilities,Platinum Card
,10/11/2018,Mediterranean Restaurant,93.85,credit,Shopping,Platinum Card
,1/25/2019,Starbucks,183.59,credit,Credit Card Payment,Silver Card
,3/14/2018,Brewing Company,121.82,debit,Alcohol & Bars,Platinum Card
,2/21/2019,Wendy's,127.3,credit,Groceries,Platinum Card
,12/8/2018,Brunch Restaurant,86.44,debit,Groceries,Platinum Card
,8/20/2019,Amazon,19.26,debit,Credit Card Payment,Checking
,5/6/2019,Whole Foods Market,16.76,credit,Mobile Phone,Checking
,9/29/2018,Whole Foods Market,14.84,debit,Gas & Fuel,Platinum Card
,9/2/2018,Greek Restaurant,199.27,credit,Groceries,Checking
,5/30/2018,Phone Company,154.1,credit,Internet,Checking
,9/14/2019,Credit Card Payment,84.85,debit,Utilities,Platinum Card
,6/11/2018,Gas Company,17.69,debit,Home Improvement,Platinum Card
,1/29/2019,Starbucks,193.15,debit,Groceries,Platinum Card
,6/13/2018,TechCorp Salary,120.48,debit,Restaurants,Silver Card
,7/5/2018,Credit Card Payment,95.18,debit,Gas & Fuel,Silver Card
,9/19/2019,Shell,49.05,debit,Internet,Checking
,5/12/2018,Phone Company,37.68,credit,Coffee Shops,Checking
,4/6/2018,Spotify,185.43,debit,Mortgage & Rent,Silver Card
,3/3/2018,Brewing Company,169.25,debit,Groceries,Silver Card
,1/4/2019,Spotify,94.57,credit,Fast Food,Checking
,10/14/2019,Credit Card Payment,47.98,credit,Restaurants,Checking
,5/10/2018,Credit Card Payment,189.67,debit,Credit Card Payment,Silver Card
,7/10/2018,Barbershop,52.81,debit,Credit Card Payment,Silver Card
,10/4/2018,State Farm,67.78,debit,Gas & Fuel,Checking
,8/21/2019,Netflix,112.48,credit,Utilities,Platinum Card
,2/23/2018,Biweekly Paycheck,38.7,debit,Groceries,Platinum Card
,4/6/2019,Wendy's,155.23,debit,Groceries,Checking
,1/31/2019,TechCorp Salary,193.98,credit,Utilities,Checking
,4/24/2019,Credit Card Payment,152.86,credit,Shopping,Silver Card
,12/24/2018,American Tavern,157.21,credit,Shopping,Silver Card
,11/11/2018,Gas Company,109.42,credit,Auto Insurance,Platinum Card
,9/3/2018,Amazon,150.44,credit,Groceries,Silver Card
,5/22/2018,Mike's Construction Co.,42.89,credit,Credit Card Payment,Checking
,4/18/2018,Credit Card Payment,53.44,debit,Credit Card Payment,Platinum Card
,1/2/2019,Hardware Store,12.92,credit,Shopping,Checking
,2/24/2018,American Tavern,151.48,debit,Credit Card Payment,Checking
,7/9/2019,Hawaiian Grill,43.88,debit,Groceries,Silver Card
,3/15/2018,Hardware Store,104.8,credit,Restaurants,Platinum Card
,5/16/2018,Credit Card Payment,120.72,debit,Restaurants,Silver Card
,7/8/2018,Credit Card Payment,42.84,credit,Coffee Shops,Silver Card
,9/27/2018,Phone Company,172.51,credit,Internet,Platinum Card
,10/17/2018,Mike's Construction Co.,152.34,debit,Credit Card Payment,Checking
,4/17/2019,Credit Card Payment,87.64,credit,Utilities,Platinum Card
,5/12/2018,Credit Card Payment,47.24,debit,Utilities,Platinum Card
,6/22/2019,Brewing Company,90.38,debit,Credit Card Payment,Checking
,7/29/2018,Mortgage Payment,196.06,credit,Television,Platinum Card
,9/9/2019,Internet Service Provider,40.55,debit,Haircut,Platinum Card
,3/16/2018,Thai Restaurant,27.05,credit,Credit Card Payment,Platinum Card
,11/9/2018,Valero,103.46,debit,Utilities,Checking
,11/24/2018,Credit Card Payment,189.11,debit,Credit Card Payment,Platinum Card
,5/13/2018,Shell,22.48,credit,Credit Card Payment,Platinum Card
,8/12/2018,State Farm,66.72,debit,Music,Platinum Card
,6/13/2019,Grocery Store,152.7,debit,Credit Card Payment,Platinum Card
,6/17/2019,State Farm,23.94,credit,Auto Insurance,Checking
,10/22/2018,Vietnamese Restaurant,117.8,debit,Home Improvement,Platinum Card
,4/2/2018,Home Depot Hardware,17.06,debit,Groceries,Silver Card
,6/12/2018,Whole Foods Market,58.79,debit,Auto Insurance,Checking
,7/15/2018,Credit Card Payment,86.75,credit,Groceries,Checking
,5/23/2018,Mortgage Payment,79.4,credit,Home Improvement,Silver Card
,10/18/2019,Credit Card Payment,68.7,debit,Coffee Shops,Platinum Card
,10/1/2019,Thai Restaurant,62.71,debit,Credit Card Payment,Checking
,3/7/2018,Whole Foods Market,31.13,credit,Gas & Fuel,Checking
,2/2/2019,Internet Service Provider,161.03,debit,Utilities,Checking
,10/13/2018,Netflix Subscription,10.48,credit,Restaurants,Platinum Card
,8/18/2018,Whole Foods Market,138.52,credit,Groceries,Checking
,5/10/2019,Credit Card Payment,107.81,debit,Restaurants,Platinum Card
,2/27/2018,Biweekly Paycheck,54.45,debit,Credit Card Payment,Platinum Card
,2/26/2018,Mediterranean Restaurant,185.04,credit,Internet,Silver Card
,5/6/2018,Home Depot Hardware,122.38,debit,Paycheck,Silver Card
,4/5/2018,Biweekly Paycheck,3.75,credit,Utilities,Checking
,8/14/2018,Greek Restaurant,173.54,debit,Paycheck,Platinum Card
,9/5/2019,Starbucks Coffee,39.54,credit,Alcohol & Bars,Silver Card
,6/4/2018,Brewing Company,186.09,credit,Coffee Shops,Platinum Card
,10/22/2018,Internet Service Provider,35.44,debit,Utilities,Checking
,3/4/2018,State Farm,67.38,debit,Shopping,Silver Card
,1/21/2019,Brewing Company,61.36,credit,Credit Card Payment,Platinum Card
,5/29/2018,Belgian Restaurant,163.67,debit,Coffee Shops,Platinum Card
,1/20/2019,Shell,16.65,credit,Restaurants,Platinum Card
,1/8/2019,Brewing Company,148.28,debit,Restaurants,Silver Card
,4/2/2019,Barbershop,58.32,debit,Home Improvement,Silver Card
,1/20/2019,City Water Charges,125.15,credit,Haircut,Checking
,4/7/2019,TechCorp Salary,21.43,debit,Home Improvement,Silver Card
,9/28/2019,Internet Service Provider,194.47,debit,Home Improvement,Platinum Card
,2/4/2019,Amazon,71.99,credit,Mobile Phone,Silver Card
,11/14/2018,Credit Card Payment,176.24,debit,Mobile Phone,Platinum Card
,1/9/2019,Amazon,113.23,credit,Utilities,Checking
,9/8/2018,Phone Company,150.28,debit,Home Improvement,Checking
,10/4/2019,Power Company,29.55,credit,Mobile Phone,Checking
,7/31/2018,Roadside Diner,160.65,debit,Credit Card Payment,Silver Card
,6/14/2019,Amazon,135.57,credit,Home Improvement,Platinum Card
,10/5/2018,Credit Card Payment,109.13,debit,Restaurants,Silver Card
,5/8/2018,Gas Company,88.34,debit,Restaurants,Silver Card
,7/22/2018,Credit Card Payment,97.62,debit,Groceries,Platinum Card
,2/15/2018,Whole Foods Market,116.15,debit,Gas & Fuel,Silver Card
,7/8/2018,German Restaurant,27.09,credit,Groceries,Checking
,7/2/2018,Netflix,15.69,debit,Credit Card Payment,Platinum Card
,4/29/2019,Credit Card Payment,25.34,credit,Utilities,Silver Card
,6/21/2018,Whole Foods Market,147.56,debit,Paycheck,Checking
,3/23/2018,Gas Company,4.51,credit,Movies & DVDs,Silver Card
,8/24/2019,Credit Card Payment,157.88,debit,Credit Card Payment,Silver Card
,12/6/2018,TechCorp Salary,189.38,debit,Utilities,Platinum Card
,8/17/2018,Brewing Company,3.18,debit,Credit Card Payment,Checking
,10/24/2019,Whole Foods Market,156.2,debit,Electronics & Software,Checking
,8/4/2019,American Tavern,157.1,debit,Paycheck,Checking
,12/18/2018,Starbucks Coffee,81.42,credit,Auto Insurance,Platinum Card
,8/28/2019,Grocery Store,172.44,debit,Internet,Checking
,5/24/2019,Grocery Store,191.63,credit,Fast Food,Checking
,11/25/2018,Credit Card Payment,10.8,debit,Mobile Phone,Checking
,4/20/2019,Credit Card Payment,67.86,credit,Utilities,Platinum Card
,7/10/2018,Whole Foods Market,139.51,debit,Haircut,Silver Card
,6/12/2018,Home Depot Hardware,169.06,debit,Utilities,Checking
,7/19/2018,Thai Restaurant,61.83,credit,Internet,Platinum Card
,7/25/2018,Grocery Store,145.68,debit,Credit Card Payment,Platinum Card
,12/16/2018,Phone Company,1.97,credit,Paycheck,Platinum Card
,9/5/2019,Internet Service Provider,31.08,credit,Credit Card Payment,Platinum Card
,5/4/2018,Home Depot Hardware,22.27,debit,Credit Card Payment,Platinum Card
,4/30/2018,Phone Company,116.56,credit,Shopping,Checking
,12/9/2018,State Farm,123.32,credit,Movies & DVDs,Silver Card
,7/14/2018,Hardware Store,104.75,debit,Fast Food,Checking
,11/17/2019,Valero,114.43,debit,Coffee Shops,Checking
,2/2/2018,Gas Company,91.09,debit,Groceries,Platinum Card
,6/19/2019,Power Company,155.67,credit,Gas & Fuel,Silver Card
,5/3/2019,American Tavern,52.25,debit,Restaurants,Platinum Card
,5/17/2019,Grocery Store,184.88,debit,Restaurants,Silver Card
,7/21/2018,Pizza Place,108.53,credit,Auto Insurance,Checking
,11/9/2018,Best Buy,90.11,credit,Restaurants,Platinum Card
,4/6/2018,Amazon,127.03,debit,Restaurants,Platinum Card
,11/20/2018,Gas Company,118.53,credit,Auto Insurance,Platinum Card
,2/11/2019,City Water Charges,119.08,credit,Coffee Shops,Platinum Card
,4/25/2018,Grocery Store,6.08,credit,Groceries,Platinum Card
,12/14/2018,Grocery Store,9.83,credit,Groceries,Platinum Card
,9/17/2018,QuikTrip,1.73,debit,Movies & DVDs,Platinum Card
,4/3/2018,Brewing Company,45.22,debit,Coffee Shops,Checking
,8/23/2018,BBQ Restaurant,198.04,credit,Credit Card Payment,Checking
,11/2/2018,Shell,107.95,credit,Shopping,Platinum Card
,5/11/2018,Phone Company,153.78,debit,Television,Platinum Card
,5/30/2019,State Farm,175.82,debit,Utilities,Checking
,2/24/2018,Grocery Store,106.56,credit,Credit Card Payment,Platinum Card
,4/27/2018,Home Depot Hardware,123.09,debit,Restaurants,Platinum Card
,10/7/2019,Power Company,8.1,debit,Mobile Phone,Platinum Card
,6/3/2018,Brewing Company,53.09,debit,Groceries,Checking
,4/29/2019,Spotify,87.68,debit,Fast Food,Platinum Card
,8/5/2018,Credit Card Payment,54.13,credit,Groceries,Platinum Card
,4/25/2018,City Water Charges,194.39,debit,Groceries,Platinum Card
,8/27/2018,Internet Service Provider,128.46,credit,Coffee Shops,Silver Card
,7/5/2018,Credit Card Payment,16.12,credit,Groceries,Checking
,12/10/2018,Whole Foods Market,79.25,debit,Paycheck,Checking
,6/1/2018,Biweekly Paycheck,76.16,credit,Shopping,Platinum Card
,6/4/2018,Biweekly Paycheck,119.46,credit,Utilities,Checking
,9/19/2018,TechCorp Salary,136.06,debit,Credit Card Payment,Platinum Card
,1/28/2019,State Farm,26.38,debit,Utilities,Checking
,1/3/2019,Credit Card Payment,16.66,debit,Groceries,Checking
,5/26/2018,Whole Foods Market,86.54,credit,Groceries,Silver Card
,5/10/2018,Gas Company,137.06,debit,Groceries,Platinum Card
,4/24/2019,Whole Foods Market,198.26,debit,Mobile Phone,Platinum Card
,4/28/2018,Credit Card Payment,190.92,debit,Internet,Platinum Card
,9/2/2018,Shell,153.01,debit,Credit Card Payment,Checking
,12/23/2018,TechCorp Salary,36.61,debit,Electronics & Software,Platinum Card
,7/3/2018,Grocery Store,19.88,credit,Credit Card Payment,Silver Card
,5/11/2018,Thai Restaurant,187.61,debit,Utilities,Platinum Card
,1/22/2018,Credit Card Payment,99.5,credit,Paycheck,Platinum Card
,5/27/2019,Credit Card Payment,122.41,credit,Gas & Fuel,Platinum Card
,10/10/2019,Credit Card Payment,152.36,debit,Credit Card Payment,Silver Card
,4/17/2019,TechCorp Salary,139.52,debit,Credit Card Payment,Checking
,5/13/2019,Grocery Store,109.31,credit,Groceries,Silver Card
,2/25/2019,Grocery Store,135.25,credit,Auto Insurance,Silver Card
,10/10/2019,Internet Service Provider,157.87,credit,Restaurants,Platinum Card
,10/16/2019,Gas Company,68.92,credit,Home Improvement,Silver Card
,12/22/2018,Credit Card Payment,66.19,debit,Groceries,Checking
,11/7/2018,Roadside Diner,133.38,debit,Groceries,Platinum Card
,8/15/2019,TechCorp Salary,166.6,debit,Mobile Phone,Platinum Card
,7/8/2018,QuikTrip,66.91,credit,Auto Insurance,Platinum Card
,8/4/2019,Biweekly Paycheck,79.78,credit,Paycheck,Checking
,1/21/2019,Mortgage Payment,162.09,credit,Groceries,Platinum Card
,8/25/2019,Thai Restaurant,160.03,debit,Credit Card Payment,Platinum Card
,10/29/2019,Belgian Restaurant,115.63,debit,Gas & Fuel,Platinum Card
,1/20/2019,Mortgage Payment,7.66,debit,Credit Card Payment,Silver Card
,8/22/2018,Amazon,48.67,credit,Credit Card Payment,Platinum Card
,8/15/2018,City Water Charges,87.97,debit,Restaurants,Checking
,9/23/2019,Internet Service Provider,161.35,credit,Auto Insurance,Silver Card
,5/15/2018,Gas Company,2.22,debit,Restaurants,Checking
,12/24/2018,City Water Charges,12.41,credit,Groceries,Checking
,5/20/2018,Gas Company,170.81,credit,Auto Insurance,Checking
,12/7/2018,BP,87.8,credit,Internet,Checking
,1/1/2019,Barbershop,15.47,debit,Gas & Fuel,Silver Card
,1/28/2019,Brewing Company,76.07,debit,Utilities,Checking
,8/5/2018,Starbucks Coffee,132.02,debit,Home Improvement,Platinum Card
,3/16/2018,Mike's Construction Co.,146.55,credit,Credit Card Payment,Silver Card
,10/16/2019,Hardware Store,168.05,debit,Groceries,Platinum Card
,8/17/2019,Best Buy,75.77,credit,Credit Card Payment,Checking
,2/14/2019,Netflix,143.37,credit,Gas & Fuel,Platinum Card
,8/27/2018,Grocery Store,170.69,credit,Utilities,Checking
,1/22/2019,Credit Card Payment,59.16,debit,Utilities,Checking
,12/19/2018,American Tavern,2.19,debit,Restaurants,Silver Card
,6/1/2018,Whole Foods Market,172.74,debit,Credit Card Payment,Platinum Card
,6/18/2018,Netflix,139.3,debit,Shopping,Platinum Card
,1/2/2019,Whole Foods Market,130.21,credit,Groceries,Platinum Card
,8/11/2018,Grocery Store,68.36,credit,Shopping,Checking
,5/15/2018,Hardware Store,90.96,debit,Restaurants,Platinum Card
,7/19/2018,Amazon,104.82,credit,Coffee Shops,Checking
,1/31/2019,Movie Theater,122.89,debit,Restaurants,Platinum Card
,5/17/2018,Biweekly Paycheck,93.14,credit,Auto Insurance,Platinum Card
,10/18/2019,Gas Company,196.23,debit,Shopping,Platinum Card
,12/19/2018,Starbucks,84.39,debit,Alcohol & Bars,Checking
,2/7/2019,Home Depot Hardware,29.44,debit,Shopping,Platinum Card
,12/4/2018,Power Company,176.24,credit,Fast Food,Silver Card
,1/21/2019,QuikTrip,91.71,debit,Alcohol & Bars,Platinum Card
,4/10/2018,QuikTrip,155.53,debit,Credit Card Payment,Platinum Card
,3/31/2018,Starbucks,50.53,debit,Home Improvement,Checking
,8/22/2019,Pizza Place,131.34,credit,Groceries,Platinum Card
,4/6/2018,Gas Company,69.03,credit,Gas & Fuel,Checking
,5/24/2018,State Farm,153.87,debit,Restaurants,Checking
,7/21/2018,Amazon,140.47,credit,Paycheck,Platinum Card
,3/17/2019,City Water Charges,42.29,debit,Gas & Fuel,Platinum Card
,7/10/2018,Grocery Store,24.14,credit,Utilities,Platinum Card
,3/4/2019,Credit Card Payment,163.1,debit,Mortgage & Rent,Platinum Card
,2/15/2018,Amazon,79.39,credit,Coffee Shops,Platinum Card
,8/31/2018,Brunch Restaurant,181.15,debit,Shopping,Platinum Card
,7/16/2018,Phone Company,70.9,credit,Utilities,Checking
,1/1/2019,Whole Foods Market,109.53,debit,Credit Card Payment,Silver Card
,12/27/2018,Brewing Company,170.58,debit,Shopping,Checking
,1/19/2018,Fancy Restaurant,70.38,credit,Mortgage & Rent,Checking
,4/17/2018,Credit Card Payment,30.64,debit,Utilities,Checking
,3/26/2018,Gas Company,150.28,credit,Movies & DVDs,Silver Card
,2/24/2018,Best Buy,174.45,debit,Gas & Fuel,Platinum Card
,4/13/2019,Gas Company,31.47,debit,Auto Insurance,Checking
,5/16/2018,Netflix Subscription,11.17,credit,Credit Card Payment,Silver Card
,7/15/2018,Whole Foods Market,138.47,debit,Mortgage & Rent,Platinum Card
,1/31/2019,Brunch Restaurant,76.13,credit,Restaurants,Platinum Card
,3/12/2018,Barbershop,8.58,credit,Credit Card Payment,Silver Card
,11/10/2019,Phone Company,7.28,credit,Shopping,Silver Card
,7/18/2019,Credit Card Payment,115.17,credit,Restaurants,Silver Card
,8/9/2018,Amazon,1.35,credit,Coffee Shops,Platinum Card
,4/18/2018,Brewing Company,40.93,debit,Restaurants,Silver Card
,4/5/2018,Thai Restaurant,55.92,debit,Groceries,Platinum Card
,4/27/2018,Chick-Fil-A,29.7,credit,Haircut,Platinum Card
,8/5/2018,Credit Card Payment,47.81,credit,Groceries,Platinum Card
,7/16/2018,Power Company,107.9,credit,Utilities,Checking
,11/3/2018,American Tavern,149.41,debit,Mortgage & Rent,Platinum Card
,6/10/2019,Amazon,33.92,debit,Restaurants,Platinum Card
,9/15/2018,American Tavern,159.98,credit,Restaurants,Checking
,4/26/2019,Grocery Store,107.17,credit,Utilities,Platinum Card
,3/1/2019,Mortgage Payment,157.0,credit,Credit Card Payment,Platinum Card
,6/19/2018,Credit Card Payment,111.58,credit,Shopping,Platinum Card
,11/26/2019,BP,178.46,debit,Shopping,Checking
,1/1/2019,American Tavern,5.47,credit,Groceries,Platinum Card
,10/15/2018,American Tavern,13.63,debit,Credit Card Payment,Platinum Card
,5/18/2019,TechCorp Salary,5.17,credit,Coffee Shops,Silver Card
,4/7/2018,Gas Company,102.92,credit,Utilities,Platinum Card
,8/7/2018,American Tavern,80.75,debit,Credit Card Payment,Platinum Card
,2/19/2019,Grocery Store,105.61,debit,Credit Card Payment,Checking
,4/26/2019,Credit Card Payment,58.12,credit,Shopping,Checking
,9/28/2018,Grocery Store,197.95,credit,Coffee Shops,Platinum Card
,3/20/2019,Credit Card Payment,15.46,credit,Electronics & Software,Silver Card
,9/26/2019,TechCorp Salary,54.53,debit,Groceries,Silver Card
,11/26/2019,QuikTrip,49.15,credit,Shopping,Checking
,9/21/2019,Whole Foods Market,19.13,debit,Credit Card Payment,Platinum Card
,1/31/2018,Grocery Store,101.62,debit,Internet,Checking
,8/12/2019,Mortgage Payment,177.76,credit,Utilities,Silver Card
,6/24/2018,Power Company,68.81,debit,Coffee Shops,Checking
,12/26/2018,Credit Card Payment,77.88,credit,Coffee Shops,Checking
,1/8/2019,Brewing Company,26.14,credit,Restaurants,Platinum Card
,9/12/2019,Whole Foods Market,163.69,credit,Groceries,Platinum Card
,3/28/2018,Latin Restaurant,114.32,debit,Home Improvement,Platinum Card
,1/28/2019,Mediterranean Restaurant,76.89,credit,Auto Insurance,Checking
,12/21/2018,Phone Company,21.24,debit,Utilities,Silver Card
,4/14/2019,Credit Card Payment,195.14,credit,Restaurants,Silver Card
,11/30/2018,Whole Foods Market,85.62,credit,Paycheck,Silver Card
,3/5/2018,Grocery Store,18.76,credit,Coffee Shops,Platinum Card
,9/27/2019,BP,10.28,debit,Utilities,Checking
,4/18/2018,Amazon,105.9,debit,Credit Card Payment,Platinum Card
,11/8/2019,Credit Card Payment,111.21,debit,Credit Card Payment,Silver Card
,11/4/2019,Gas Company,164.49,debit,Restaurants,Platinum Card
,5/21/2018,Best Buy,39.64,debit,Coffee Shops,Platinum Card
,6/26/2018,Amazon,73.94,credit,Groceries,Checking
,11/24/2018,American Tavern,93.56,debit,Paycheck,Checking
,6/29/2019,Spotify,31.04,credit,Restaurants,Platinum Card
,2/17/2019,Power Company,119.59,credit,Gas & Fuel,Platinum Card
,6/26/2019,Movie Theater,153.06,debit,Fast Food,Checking
,3/10/2019,Credit Card Payment,178.51,debit,Gas & Fuel,Checking
,5/9/2019,Grocery Store,25.3,credit,Internet,Platinum Card
,7/10/2019,Whole Foods Market,133.12,credit,Coffee Shops,Platinum Card
,3/4/2018,Power Company,18.55,debit,Restaurants,Platinum Card
,1/24/2019,State Farm,135.59,credit,Alcohol & Bars,Platinum Card
,6/20/2019,Home Depot Hardware,158.44,credit,Gas & Fuel,Checking
,9/20/2018,TechCorp Salary,154.52,debit,Movies & DVDs,Silver Card
,7/30/2018,Blue Sky Market,109.62,debit,Internet,Platinum Card
,6/3/2018,Mediterranean Restaurant,39.55,credit,Shopping,Platinum Card
,1/24/2018,Brewing Company,54.94,credit,Shopping,Platinum Card
,5/19/2019,Whole Foods Market,18.57,credit,Paycheck,Platinum Card
,4/13/2018,Credit Card Payment,81.16,credit,Credit Card Payment,Checking
,4/19/2018,Starbucks,45.95,credit,Restaurants,Checking
,8/27/2018,Amazon,166.61,credit,Credit Card Payment,Silver Card
,6/19/2019,Mediterranean Restaurant,120.81,debit,Alcohol & Bars,Checking
,12/29/2018,BP,154.1,debit,Restaurants,Platinum Card
,12/15/2018,Amazon,15.73,credit,Credit Card Payment,Platinum Card
,4/16/2018,Grocery Store,172.91,debit,Credit Card Payment,Checking
,5/8/2018,Thai Restaurant,52.55,credit,Restaurants,Platinum Card
,6/24/2018,Credit Card Payment,68.89,debit,Paycheck,Platinum Card
,6/8/2019,Brewing Company,9.31,debit,Shopping,Platinum Card
,4/19/2018,Starbucks,195.09,credit,Alcohol & Bars,Platinum Card
,8/18/2019,TechCorp Salary,81.62,credit,Gas & Fuel,Platinum Card
,1/1/2019,American Tavern,188.28,debit,Mobile Phone,Checking
,2/9/2019,City Water Charges,163.59,credit,Credit Card Payment,Checking
,12/14/2018,City Water Charges,91.79,debit,Auto Insurance,Platinum Card
,10/19/2018,Starbucks Coffee,9.34,credit,Groceries,Platinum Card
,9/30/2019,BP,149.0,credit,Groceries,Silver Card
,12/5/2018,Steakhouse,82.47,debit,Utilities,Silver Card
,12/30/2018,Credit Card Payment,92.11,credit,Credit Card Payment,Silver Card
,5/13/2019,Thai Restaurant,67.31,credit,Coffee Shops,Checking
,4/14/2019,Grocery Store,166.44,credit,Credit Card Payment,Platinum Card
,4/30/2018,Brewing Company,111.38,credit,Credit Card Payment,Silver Card
,9/6/2018,Wendy's,165.51,credit,Credit Card Payment,Platinum Card
,7/17/2018,TechCorp Salary,20.47,credit,Groceries,Platinum Card
,1/15/2019,Credit Card Payment,103.29,debit,Credit Card Payment,Platinum Card
,9/4/2018,Brewing Company,43.75,debit,Credit Card Payment,Checking
,4/25/2019,Power Company,67.45,credit,Groceries,Platinum Card
,8/13/2019,American Tavern,166.75,credit,Internet,Platinum Card
,5/28/2018,Credit Card Payment,2.53,credit,Fast Food,Platinum Card
,1/11/2019,Whole Foods Market,138.41,debit,Credit Card Payment,Checking
,5/20/2018,City Water Charges,98.37,credit,Gas & Fuel,Platinum Card
,7/25/2018,American Tavern,28.64,credit,Gas & Fuel,Platinum Card
,10/30/2019,Biweekly Paycheck,150.94,credit,Electronics & Software,Platinum Card
,4/23/2019,TechCorp Salary,7.74,credit,Credit Card Payment,Silver Card
,9/15/2018,Credit Card Payment,179.89,credit,Shopping,Silver Card
,2/27/2018,Shell,132.61,credit,Credit Card Payment,Checking
,4/24/2018,TechCorp Salary,13.55,debit,Coffee Shops,Platinum Card
,7/27/2019,Grocery Store,105.45,debit,Mobile Phone,Platinum Card
,6/15/2019,Biweekly Paycheck,31.89,debit,Restaurants,Checking
,2/3/2018,Barbershop,30.64,credit,Shopping,Silver Card
,12/21/2018,Amazon,16.05,debit,Restaurants,Platinum Card
,5/25/2019,Brewing Company,55.83,debit,Food & Dining,Checking
,2/18/2019,Power Company,85.73,credit,Groceries,Silver Card
,7/14/2018,Credit Card Payment,1.02,debit,Coffee Shops,Platinum Card
,5/12/2018,Amazon,98.38,credit,Gas & Fuel,Platinum Card
,8/7/2018,Biweekly Paycheck,95.62,debit,Alcohol & Bars,Silver Card
,9/18/2018,Starbucks Coffee,116.45,debit,Credit Card Payment,Checking
,1/2/2019,Amazon,135.58,debit,Credit Card Payment,Platinum Card
,3/14/2018,Internet Service Provider,161.76,credit,Gas & Fuel,Checking
,10/3/2019,BP,126.96,credit,Restaurants,Checking
,9/10/2019,Credit Card Payment,144.13,debit,Paycheck,Checking
,10/30/2018,Biweekly Paycheck,192.44,credit,Restaurants,Platinum Card
,3/25/2018,Credit Card Payment,173.78,debit,Paycheck,Silver Card
,9/16/2018,Credit Card Payment,123.68,debit,Auto Insurance,Silver Card
,9/22/2018,Credit Card Payment,135.65,credit,Groceries,Silver Card
,2/22/2019,American Tavern,86.75,debit,Credit Card Payment,Checking
,5/30/2018,Pizza Place,38.75,debit,Haircut,Checking
,9/18/2018,Credit Card Payment,199.42,debit,Restaurants,Platinum Card
,9/29/2019,Brunch Restaurant,26.18,credit,Credit Card Payment,Checking
,7/27/2018,Credit Card Payment,28.22,debit,Utilities,Silver Card
,6/23/2018,Biweekly Paycheck,169.86,debit,Paycheck,Silver Card
,8/25/2019,TechCorp Salary,33.37,credit,Shopping,Silver Card
,4/12/2018,Barbershop,193.23,credit,Electronics & Software,Platinum Card
,7/19/2019,City Water Charges,110.88,credit,Groceries,Platinum Card
,2/24/2018,Chick-Fil-A,156.38,credit,Groceries,Platinum Card
,7/8/2018,Wendy's,198.47,credit,Haircut,Checking
,11/13/2018,Starbucks,117.89,debit,Utilities,Silver Card
,3/8/2018,Hardware Store,5.19,credit,Groceries,Platinum Card
,3/26/2018,Grocery Store,40.89,debit,Groceries,Checking
,11/7/2019,Amazon,185.1,debit,Gas & Fuel,Silver Card
,5/4/2019,Netflix,81.22,credit,Credit Card Payment,Silver Card
,5/25/2018,Grocery Store,172.05,debit,Shopping,Checking
,7/15/2018,Grocery Store,17.26,debit,Coffee Shops,Checking
,4/8/2018,Amazon,123.85,debit,Groceries,Checking
,7/8/2018,Power Company,111.23,debit,Music,Checking
,2/21/2019,BP,46.31,credit,Credit Card Payment,Checking
,5/17/2018,Thai Restaurant,157.1,credit,Credit Card Payment,Checking
,2/23/2018,Whole Foods Market,102.64,debit,Shopping,Platinum Card
,10/19/2018,Credit Card Payment,176.29,debit,Groceries,Platinum Card
,3/14/2018,German Restaurant,195.26,credit,Gas & Fuel,Checking
,1/11/2018,State Farm,76.06,credit,Shopping,Checking
,6/21/2019,Phone Company,146.79,debit,Gas & Fuel,Checking
,4/7/2019,Credit Card Payment,24.76,credit,Movies & DVDs,Checking
,8/11/2019,Hardware Store,155.31,credit,Paycheck,Platinum Card
,12/18/2018,Netflix Subscription,145.76,debit,Groceries,Checking
,12/30/2018,Home Depot Hardware,152.13,debit,Coffee Shops,Checking
,7/23/2018,Internet Service Provider,184.87,credit,Groceries,Silver Card
,5/24/2018,Credit Card Payment,73.94,credit,Gas & Fuel,Checking
,3/27/2018,Whole Foods Market,27.2,debit,Groceries,Platinum Card
,5/31/2018,Amazon,2.79,credit,Restaurants,Platinum Card
,5/7/2018,City Water Charges,83.94,debit,Music,Checking
,8/8/2019,Phone Company,99.17,credit,Shopping,Checking
,3/15/2018,American Tavern,31.59,credit,Utilities,Platinum Card
,5/28/2018,Whole Foods Market,190.05,debit,Groceries,Checking
,7/2/2019,Internet Service Provider,183.44,debit,Groceries,Silver Card
,11/9/2019,American Tavern,88.4,debit,Restaurants,Checking
,10/4/2018,Mediterranean Restaurant,2.84,debit,Shopping,Silver Card
,11/16/2018,TechCorp Salary,9.48,credit,Credit Card Payment,Checking
,6/16/2018,Credit Card Payment,152.78,credit,Mortgage & Rent,Silver Card
,6/14/2018,BP,74.54,debit,Alcohol & Bars,Platinum Card
,9/30/2019,Whole Foods Market,53.33,credit,Credit Card Payment,Silver Card
,2/19/2018,American Tavern,99.81,credit,Restaurants,Silver Card
,4/11/2019,Credit Card Payment,144.63,debit,Auto Insurance,Checking
,10/7/2018,Thai Restaurant,46.71,debit,Shopping,Platinum Card
,2/13/2019,BP,187.46,credit,Coffee Shops,Silver Card
,6/6/2019,Starbucks Coffee,140.42,debit,Credit Card Payment,Checking
,4/22/2019,Credit Card Payment,11.64,debit,Groceries,Platinum Card
,12/16/2018,Hardware Store,27.44,debit,Haircut,Silver Card
,9/11/2018,Credit Card Payment,82.15,credit,Groceries,Platinum Card
,1/1/2019,Home Depot Hardware,124.71,credit,Coffee Shops,Checking
,4/11/2018,Credit Card Payment,104.29,debit,Paycheck,Silver Card
,8/21/2018,Biweekly Paycheck,129.69,credit,Gas & Fuel,Platinum Card
,6/15/2018,Gas Company,49.96,debit,Groceries,Platinum Card
,2/7/2019,Whole Foods Market,135.57,credit,Credit Card Payment,Silver Card
,2/20/2018,Credit Card Payment,197.92,debit,Paycheck,Silver Card
,11/9/2019,Credit Card Payment,110.44,credit,Utilities,Silver Card
,5/16/2019,Amazon,45.6,debit,Restaurants,Checking
,6/24/2018,Brewing Company,33.85,credit,Gas & Fuel,Silver Card
,4/23/2019,Starbucks Coffee,68.34,credit,Groceries,Silver Card
,4/26/2018,Whole Foods Market,68.28,debit,Credit Card Payment,Silver Card
,9/25/2018,Grocery Store,133.01,credit,Groceries,Platinum Card
,4/15/2018,Phone Company,142.29,debit,Utilities,Silver Card
,1/17/2018,Mediterranean Restaurant,3.46,credit,Coffee Shops,Platinum Card
,10/2/2019,BP,194.01,credit,Internet,Checking
,6/21/2019,Credit Card Payment,153.12,credit,Mortgage & Rent,Checking
,6/19/2018,German Restaurant,118.68,debit,Alcohol & Bars,Silver Card
,11/18/2018,Power Company,116.72,debit,Utilities,Platinum Card
,11/21/2018,Whole Foods Market,148.24,debit,Shopping,Platinum Card
,2/12/2018,Valero,111.72,credit,Groceries,Platinum Card
,8/2/2019,BBQ Restaurant,1.43,debit,Auto Insurance,Platinum Card
,1/19/2019,Amazon,57.87,debit,Groceries,Silver Card
,9/20/2018,Amazon,68.24,debit,Mortgage & Rent,Platinum Card
,9/21/2018,American Tavern,72.92,debit,Alcohol & Bars,Platinum Card
,9/9/2019,Grocery Store,10.87,credit,Groceries,Checking
,2/11/2019,Credit Card Payment,57.13,credit,Credit Card Payment,Checking
,11/7/2018,Whole Foods Market,90.57,debit,Utilities,Silver Card
,1/21/2019,Amazon,88.46,credit,Paycheck,Platinum Card
,6/7/2018,Netflix,29.05,credit,Groceries,Checking
,10/15/2019,State Farm,62.28,credit,Gas & Fuel,Platinum Card
,4/2/2018,Credit Card Payment,128.88,debit,Groceries,Checking
,3/14/2018,State Farm,27.89,debit,Shopping,Silver Card
,8/26/2018,Grocery Store,118.14,debit,Restaurants,Checking
,8/18/2018,Power Company,164.16,credit,Groceries,Platinum Card
,7/27/2019,Credit Card Payment,38.64,credit,Gas & Fuel,Platinum Card
,5/25/2018,Greek Restaurant,163.85,debit,Credit Card Payment,Checking
,11/13/2018,Whole Foods Market,130.56,debit,Credit Card Payment,Platinum Card
,8/28/2018,Credit Card Payment,163.67,debit,Gas & Fuel,Checking
,12/24/2018,Amazon,38.91,debit,Restaurants,Platinum Card
,8/4/2018,BP,133.73,debit,Auto Insurance,Platinum Card
,11/1/2019,Mike's Construction Co.,166.75,debit,Music,Silver Card
,6/27/2019,Home Depot Hardware,170.45,credit,Shopping,Checking
,5/13/2018,Spotify,183.38,debit,Credit Card Payment,Platinum Card
,11/22/2018,Grocery Store,25.7,debit,Coffee Shops,Platinum Card
,3/15/2019,BP,20.18,debit,Groceries,Platinum Card
,1/23/2019,BP,133.63,debit,Coffee Shops,Platinum Card
,3/25/2018,BP,71.5,debit,Credit Card Payment,Checking
,4/30/2018,Grocery Store,174.64,debit,Utilities,Platinum Card
,11/15/2018,Starbucks,138.51,credit,Alcohol & Bars,Platinum Card
,8/16/2018,Mediterranean Restaurant,12.59,credit,Restaurants,Checking
,1/14/2019,Starbucks Coffee,178.21,credit,Restaurants,Silver Card
,5/12/2019,Brunch Restaurant,197.81,credit,Credit Card Payment,Platinum Card
,7/1/2018,Credit Card Payment,59.88,credit,Credit Card Payment,Platinum Card
,7/5/2018,Brewing Company,126.04,debit,Utilities,Platinum Card
,12/23/2018,Credit Card Payment,162.14,debit,Auto Insurance,Platinum Card
,7/2/2019,Home Depot Hardware,168.06,credit,Groceries,Silver Card
,4/11/2019,Spotify,163.69,credit,Internet,Platinum Card
,1/2/2019,Credit Card Payment,76.81,credit,Credit Card Payment,Platinum Card
,3/7/2019,Credit Card Payment,159.05,debit,Mobile Phone,Platinum Card
,8/15/2018,Credit Card Payment,186.73,credit,Credit Card Payment,Checking
,12/29/2018,American Tavern,163.56,debit,Auto Insurance,Checking
,8/22/2019,Grocery Store,43.0,debit,Shopping,Silver Card
,10/27/2019,State Farm,88.37,debit,Groceries,Platinum Card
,12/15/2018,German Restaurant,5.35,debit,Restaurants,Checking
,6/8/2019,Credit Card Payment,73.86,debit,Restaurants,Silver Card
,9/29/2018,Credit Card Payment,16.96,credit,Music,Platinum Card
,12/1/2018,City Water Charges,141.16,debit,Utilities,Silver Card
,8/10/2018,Whole Foods Market,89.97,debit,Paycheck,Platinum Card
,6/7/2019,Credit Card Payment,77.71,debit,Credit Card Payment,Platinum Card
,7/3/2019,Grocery Store,72.1,debit,Internet,Checking
,4/29/2018,Sushi Restaurant,169.47,credit,Mortgage & Rent,Silver Card
,6/21/2019,Amazon,98.21,debit,Paycheck,Checking
,12/19/2018,Power Company,68.6,credit,Utilities,Silver Card
,11/3/2018,Credit Card Payment,44.84,debit,Auto Insurance,Checking
,12/4/2019,American Tavern,189.71,debit,Shopping,Checking
,11/27/2018,Power Company,63.07,debit,Credit Card Payment,Silver Card
,6/6/2019,Irish Restaurant,146.83,debit,Restaurants,Platinum Card
,4/7/2019,Brewing Company,16.15,debit,Credit Card Payment,Platinum Card
,10/18/2018,Starbucks Coffee,120.5,credit,Shopping,Platinum Card
,8/14/2019,Roadside Diner,136.66,debit,Groceries,Platinum Card
,7/22/2018,Spotify,195.02,debit,Movies & DVDs,Platinum Card
,11/30/2019,City Water Charges,179.54,debit,Coffee Shops,Checking
,10/27/2018,Valero,60.0,credit,Restaurants,Silver Card
,10/5/2019,Grocery Store,122.83,debit,Groceries,Checking
,4/14/2018,Mortgage Payment,64.41,credit,Credit Card Payment,Platinum Card
,9/15/2018,Shell,105.25,debit,Haircut,Checking
,4/8/2019,QuikTrip,60.45,debit,Groceries,Checking
,5/25/2018,Whole Foods Market,129.64,credit,Music,Platinum Card
,1/30/2018,Credit Card Payment,87.71,debit,Music,Silver Card
,8/21/2018,Biweekly Paycheck,70.65,debit,Haircut,Silver Card
,8/24/2019,TechCorp Salary,131.49,credit,Auto Insurance,Silver Card
,8/31/2018,Phone Company,144.38,debit,Paycheck,Platinum Card
,8/14/2019,Gas Company,170.91,debit,Credit Card Payment,Platinum Card
,7/8/2018,Sushi Restaurant,72.9,credit,Utilities,Silver Card
,10/31/2019,QuikTrip,35.08,debit,Utilities,Platinum Card
,9/1/2018,Credit Card Payment,112.85,debit,Credit Card Payment,Platinum Card
,8/8/2018,American Tavern,53.49,debit,Auto Insurance,Checking
,11/17/2019,Amazon,181.99,debit,Credit Card Payment,Checking
,6/27/2019,Barbershop,173.43,credit,Haircut,Platinum Card
,8/31/2018,Roadside Diner,152.17,credit,Mortgage & Rent,Checking
,8/17/2018,Mediterranean Restaurant,10.83,credit,Home Improvement,Platinum Card
,10/26/2019,Brewing Company,160.15,debit,Auto Insurance,Checking
,11/30/2019,Credit Card Payment,16.76,debit,Restaurants,Checking
,10/12/2018,Bojangles,80.13,credit,Home Improvement,Silver Card
,9/9/2019,Gas Company,11.91,credit,Music,Silver Card
,5/22/2019,Credit Card Payment,178.62,debit,Coffee Shops,Silver Card
,4/17/2019,Grocery Store,48.96,credit,Groceries,Checking
,10/31/2018,Credit Card Payment,17.1,credit,Shopping,Platinum Card
,11/21/2018,Starbucks,178.98,debit,Groceries,Platinum Card
,4/19/2018,State Farm,13.0,debit,Restaurants,Checking
,8/29/2018,Credit Card Payment,73.39,debit,Groceries,Checking
,3/12/2018,Grocery Store,19.03,debit,Home Improvement,Platinum Card
,4/6/2018,Whole Foods Market,8.06,credit,Credit Card Payment,Checking
,10/24/2018,Brunch Restaurant,77.37,debit,Utilities,Silver Card
,4/26/2019,Whole Foods Market,176.12,credit,Shopping,Checking
,12/31/2018,Grocery Store,65.93,debit,Credit Card Payment,Platinum Card
,10/16/2018,Gas Company,65.86,debit,Electronics & Software,Checking
,1/20/2019,Hardware Store,60.72,debit,Haircut,Checking
,10/7/2018,Gas Company,22.79,debit,Credit Card Payment,Silver Card
,11/4/2019,Italian Restaurant,30.2,debit,Credit Card Payment,Platinum Card
,1/18/2019,Whole Foods Market,151.55,credit,Utilities,Silver Card
,3/23/2019,Mortgage Payment,186.59,credit,Movies & DVDs,Checking
,8/24/2018,State Farm,13.57,credit,Utilities,Platinum Card
,7/20/2019,Gas Company,136.67,credit,Auto Insurance,Checking
,9/27/2019,Barbershop,113.94,debit,Restaurants,Platinum Card
,6/2/2018,BP,7.41,credit,Restaurants,Silver Card
,5/9/2018,Movie Theater,136.6,credit,Mortgage & Rent,Checking
,10/5/2019,American Tavern,36.37,credit,Alcohol & Bars,Checking
,10/27/2018,Starbucks Coffee,45.22,debit,Groceries,Platinum Card
,9/28/2019,Japanese Restaurant,189.1,debit,Utilities,Checking
,11/5/2018,Biweekly Paycheck,58.98,debit,Utilities,Checking
,2/23/2019,Greek Restaurant,43.41,credit,Shopping,Checking
,11/10/2018,BP,73.97,debit,Auto Insurance,Silver Card
,9/30/2018,Credit Card Payment,180.21,credit,Paycheck,Silver Card
,11/17/2019,Vietnamese Restaurant,49.76,credit,Utilities,Checking
,5/6/2018,Grocery Store,54.7,debit,Groceries,Silver Card
,4/10/2018,American Tavern,21.08,credit,Auto Insurance,Checking
,12/23/2018,Credit Card Payment,109.46,credit,Internet,Platinum Card
,6/6/2018,Brewing Company,25.37,debit,Restaurants,Platinum Card
,3/8/2019,Credit Card Payment,110.88,credit,Credit Card Payment,Silver Card
,4/7/2019,Best Buy,106.93,credit,Credit Card Payment,Checking
,9/5/2018,Biweekly Paycheck,190.18,credit,Restaurants,Silver Card
,4/29/2018,Belgian Restaurant,172.35,credit,Credit Card Payment,Silver Card
,2/7/2019,Credit Card Payment,196.11,debit,Paycheck,Platinum Card
,12/14/2018,Credit Card Payment,51.71,credit,Credit Card Payment,Silver Card
,9/22/2018,American Tavern,106.47,debit,Groceries,Platinum Card
,12/3/2018,State Farm,168.37,debit,Paycheck,Silver Card
,8/6/2019,Starbucks,176.86,credit,Groceries,Platinum Card
,8/10/2019,Mike's Construction Co.,73.4,debit,Restaurants,Silver Card
,1/18/2018,Grocery Store,122.5,debit,Groceries,Platinum Card
,9/1/2019,Roadside Diner,1.08,credit,Restaurants,Checking
,3/7/2019,Amazon,35.91,debit,Gas & Fuel,Checking
,4/8/2018,Grocery Store,2.04,debit,Alcohol & Bars,Platinum Card
,9/15/2019,Movie Theater,198.16,credit,Coffee Shops,Checking
,2/26/2018,Biweekly Paycheck,20.15,credit,Restaurants,Platinum Card
,9/2/2018,Credit Card Payment,124.99,debit,Groceries,Checking
,9/15/2019,Netflix,155.52,credit,Credit Card Payment,Checking
,1/16/2019,Credit Card Payment,128.34,credit,Mortgage & Rent,Platinum Card
,10/3/2019,Credit Card Payment,24.02,debit,Shopping,Platinum Card
,3/11/2018,City Water Charges,143.6,debit,Restaurants,Checking
,12/13/2018,American Tavern,25.67,debit,Groceries,Checking
,1/11/2019,Brunch Restaurant,9.74,debit,Gas & Fuel,Platinum Card
,12/6/2019,Greek Restaurant,185.02,debit,Alcohol & Bars,Silver Card
,5/18/2018,Mortgage Payment,42.44,debit,Auto Insurance,Checking
,1/12/2019,Internet Service Provider,53.27,credit,Restaurants,Checking
,10/29/2019,Seafood Restaurant,118.71,debit,Coffee Shops,Checking
,10/22/2019,Credit Card Payment,149.82,debit,Paycheck,Checking
,9/12/2019,Grocery Store,106.39,debit,Mortgage & Rent,Checking
,10/21/2019,Whole Foods Market,161.61,debit,Credit Card Payment,Checking
,2/28/2018,Phone Company,183.59,credit,Gas & Fuel,Checking
,2/22/2018,Gas Company,140.12,debit,Credit Card Payment,Platinum Card
,3/21/2019,Gas Company,104.21,credit,Internet,Platinum Card
,5/5/2019,Power Company,67.03,debit,Utilities,Silver Card
,10/1/2019,Gas Company,53.78,debit,Home Improvement,Platinum Card
,7/20/2018,Whole Foods Market,135.16,credit,Auto Insurance,Silver Card
,5/20/2019,Mexican Restaurant,4.08,credit,Utilities,Platinum Card
,4/19/2019,Credit Card Payment,3.1,debit,Shopping,Checking
,5/23/2018,Credit Card Payment,124.25,credit,Groceries,Platinum Card
,4/10/2018,Hardware Store,150.35,debit,Credit Card Payment,Platinum Card
,11/24/2018,Vietnamese Restaurant,157.81,debit,Credit Card Payment,Checking
,3/31/2018,Biweekly Paycheck,2.93,credit,Credit Card Payment,Platinum Card
,11/23/2018,Biweekly Paycheck,18.48,credit,Electronics & Software,Platinum Card
,5/13/2019,Hardware Store,117.14,credit,Coffee Shops,Checking
,9/27/2019,Seafood Restaurant,88.22,credit,Music,Checking
,3/16/2018,State Farm,175.69,debit,Credit Card Payment,Checking
,3/30/2019,Brunch Restaurant,133.27,debit,Gas & Fuel,Platinum Card
,9/15/2018,American Tavern,14.82,debit,Internet,Platinum Card
,12/29/2018,Credit Card Payment,169.06,credit,Shopping,Checking
,5/6/2019,Amazon,180.69,credit,Paycheck,Platinum Card
,11/14/2018,State Farm,120.2,credit,Credit Card Payment,Platinum Card
,7/27/2019,State Farm,135.64,credit,Haircut,Platinum Card
,8/19/2018,Amazon,150.21,debit,Utilities,Checking
,5/21/2018,Grocery Store,35.3,credit,Credit Card Payment,Platinum Card
,6/5/2019,Starbucks,104.24,debit,Restaurants,Platinum Card
,6/16/2018,Credit Card Payment,138.85,credit,Restaurants,Checking
,4/26/2018,American Tavern,148.42,credit,Utilities,Checking
,9/15/2018,BP,174.43,credit,Groceries,Checking
,2/12/2019,Chick-Fil-A,151.75,debit,Paycheck,Silver Card
,12/26/2018,Brewing Company,44.42,debit,Shopping,Checking
,12/15/2018,Grocery Store,4.59,debit,Haircut,Platinum Card
,3/2/2018,Home Depot Hardware,64.27,credit,Credit Card Payment,Silver Card
,12/9/2018,Amazon,120.64,debit,Utilities,Platinum Card
,3/18/2018,Starbucks,102.53,debit,Home Improvement,Platinum Card
,8/18/2019,Gas Company,118.62,debit,Groceries,Platinum Card
,10/24/2018,American Tavern,46.09,credit,Internet,Checking
,10/16/2019,Credit Card Payment,27.92,credit,Groceries,Platinum Card
,11/24/2019,Grocery Store,29.15,debit,Credit Card Payment,Checking
,4/18/2019,Home Depot Hardware,90.89,credit,Credit Card Payment,Checking
,2/26/2019,Credit Card Payment,62.76,credit,Utilities,Checking
,11/30/2019,Credit Card Payment,138.35,credit,Haircut,Platinum Card
,5/15/2018,Credit Card Payment,24.02,debit,Mobile Phone,Checking
,6/6/2018,City Water Charges,68.46,credit,Credit Card Payment,Platinum Card
,10/12/2018,Home Depot Hardware,119.62,debit,Fast Food,Platinum Card
,8/30/2018,Gas Company,39.17,credit,Groceries,Platinum Card
,8/1/2019,BP,21.84,debit,Groceries,Platinum Card
,8/6/2018,Power Company,192.74,credit,Groceries,Silver Card
,5/2/2018,Shell,77.08,debit,Utilities,Platinum Card
,11/15/2018,Credit Card Payment,84.68,debit,Utilities,Platinum Card
,8/2/2018,Credit Card Payment,140.63,credit,Gas & Fuel,Platinum Card
,2/17/2019,TechCorp Salary,101.85,debit,Gas & Fuel,Platinum Card
,6/24/2018,Hardware Store,198.43,credit,Restaurants,Platinum Card
,3/5/2019,Amazon,154.8,credit,Electronics & Software,Platinum Card
,3/12/2018,Shell,157.57,debit,Paycheck,Platinum Card
,9/1/2018,Starbucks,137.32,credit,Movies & DVDs,Checking
,2/14/2019,Credit Card Payment,35.44,debit,Groceries,Silver Card
,7/3/2019,TechCorp Salary,8.73,debit,Credit Card Payment,Checking
,6/22/2019,American Tavern,190.98,credit,Groceries,Silver Card
,10/27/2019,State Farm,88.93,credit,Coffee Shops,Platinum Card
,1/27/2019,Amazon,96.43,credit,Coffee Shops,Checking
,11/3/2018,Credit Card Payment,123.68,credit,Electronics & Software,Silver Card
,9/2/2019,Chick-Fil-A,99.45,credit,Shopping,Checking
,5/18/2018,Amazon,198.82,credit,Electronics & Software,Platinum Card
,11/13/2018,Gas Company,19.48,credit,Alcohol & Bars,Checking
,5/27/2018,American Tavern,52.29,debit,Alcohol & Bars,Silver Card
,12/25/2018,Amazon,134.61,credit,Credit Card Payment,Platinum Card
,1/10/2019,Credit Card Payment,130.04,debit,Alcohol & Bars,Platinum Card
,4/11/2018,Grocery Store,35.5,debit,Restaurants,Checking
,8/15/2018,Credit Card Payment,48.07,debit,Gas & Fuel,Silver Card
,8/8/2019,Thai Restaurant,138.94,credit,Fast Food,Checking
,12/31/2019,American Tavern,84.98,credit,Gas & Fuel,Platinum Card
,9/22/2018,Mortgage Payment,66.12,debit,Restaurants,Platinum Card
,8/14/2018,Credit Card Payment,153.92,debit,Groceries,Platinum Card
,6/30/2018,Whole Foods Market,67.9,credit,Gas & Fuel,Platinum Card
,8/7/2018,Shell,34.55,debit,Auto Insurance,Checking
,2/20/2019,Power Company,111.94,debit,Credit Card Payment,Platinum Card
,1/10/2019,Fancy Restaurant,43.22,credit,Utilities,Platinum Card
,4/4/2018,Phone Company,95.24,credit,Credit Card Payment,Checking
,6/27/2018,Whole Foods Market,56.0,credit,Electronics & Software,Checking
,6/4/2019,Gas Company,128.85,debit,Gas & Fuel,Checking
,12/22/2018,Internet Service Provider,181.73,credit,Credit Card Payment,Checking
,5/31/2019,Wendy's,62.1,debit,Mobile Phone,Checking
,10/11/2019,Whole Foods Market,52.19,credit,Credit Card Payment,Checking
,3/21/2019,Amazon,109.6,credit,Utilities,Checking
,6/5/2019,Gas Company,141.69,debit,Credit Card Payment,Checking
,10/14/2018,Credit Card Payment,99.29,debit,Credit Card Payment,Platinum Card
,4/23/2019,Mortgage Payment,138.84,debit,Groceries,Checking
,7/11/2018,Grocery Store,173.63,debit,Movies & DVDs,Checking
,1/8/2019,Grocery Store,137.81,debit,Groceries,Platinum Card
,4/19/2018,Phone Company,13.02,credit,Utilities,Silver Card
,3/1/2018,Credit Card Payment,145.5,debit,Fast Food,Platinum Card
,8/9/2019,Mediterranean Restaurant,91.19,credit,Gas & Fuel,Silver Card
,9/2/2018,Shell,67.87,debit,Coffee Shops,Checking
,4/8/2018,Whole Foods Market,108.99,credit,Utilities,Checking
,10/23/2019,Phone Company,66.05,debit,Groceries,Silver Card
,7/1/2019,Grocery Store,60.13,credit,Groceries,Checking
,4/13/2019,Internet Service Provider,199.95,debit,Restaurants,Silver Card
,3/31/2019,Grocery Store,108.34,credit,Utilities,Checking
,8/18/2018,Amazon,157.89,debit,Mobile Phone,Checking
,8/23/2019,Brunch Restaurant,3.4,credit,Shopping,Silver Card
,9/27/2019,Starbucks Coffee,177.3,credit,Credit Card Payment,Silver Card
,1/13/2019,Biweekly Paycheck,162.27,debit,Restaurants,Platinum Card
,1/11/2019,Wendy's,86.12,debit,Mortgage & Rent,Checking
,5/13/2018,Netflix Subscription,124.82,credit,Gas & Fuel,Checking
,5/22/2019,Credit Card Payment,14.45,debit,Paycheck,Silver Card
,7/17/2019,State Farm,101.99,debit,Credit Card Payment,Checking
,3/1/2018,American Tavern,5.73,debit,Utilities,Checking
,6/23/2019,QuikTrip,45.31,debit,Internet,Platinum Card
,8/11/2018,Netflix Subscription,132.3,debit,Groceries,Checking
,5/8/2019,BP,74.0,credit,Groceries,Platinum Card
,5/6/2018,Biweekly Paycheck,16.37,debit,Paycheck,Checking
,4/2/2019,Vietnamese Restaurant,136.66,debit,Credit Card Payment,Checking
,3/28/2018,Thai Restaurant,108.64,debit,Gas & Fuel,Platinum Card
,6/27/2019,Netflix Subscription,27.7,debit,Groceries,Checking
,1/29/2018,Mortgage Payment,97.09,debit,Paycheck,Platinum Card
,5/3/2018,Shell,88.5,debit,Groceries,Platinum Card
,2/12/2019,State Farm,174.17,debit,Paycheck,Platinum Card
,5/12/2018,Amazon,122.75,debit,Coffee Shops,Silver Card
,6/27/2018,BP,52.9,credit,Mortgage & Rent,Checking
,10/31/2019,American Tavern,32.24,debit,Utilities,Platinum Card
,7/23/2018,Netflix,115.76,credit,Alcohol & Bars,Platinum Card
,6/1/2019,Credit Card Payment,30.2,debit,Paycheck,Platinum Card
,5/6/2019,Home Depot Hardware,187.98,credit,Music,Platinum Card
,6/9/2019,Mediterranean Restaurant,32.62,debit,Paycheck,Platinum Card
,9/1/2019,City Water Charges,104.02,credit,Paycheck,Checking
,8/30/2018,Gas Company,19.06,debit,Internet,Checking
,6/9/2018,Brunch Restaurant,121.63,credit,Restaurants,Platinum Card
,11/19/2019,Amazon,109.91,debit,Credit Card Payment,Checking
,2/19/2019,Credit Card Payment,152.49,credit,Food & Dining,Platinum Card
,10/22/2019,Biweekly Paycheck,63.39,credit,Groceries,Checking
,7/15/2018,Internet Service Provider,117.39,credit,Credit Card Payment,Platinum Card
,2/27/2019,Credit Card Payment,107.98,debit,Coffee Shops,Checking
,6/29/2018,Internet Service Provider,96.15,credit,Shopping,Platinum Card
,8/12/2018,American Tavern,29.86,debit,Credit Card Payment,Platinum Card
,2/3/2019,Barbershop,55.55,credit,Movies & DVDs,Checking
,8/2/2019,Credit Card Payment,102.12,debit,Alcohol & Bars,Platinum Card
,8/23/2019,Valero,113.94,debit,Fast Food,Silver Card
,8/12/2019,TechCorp Salary,127.05,credit,Groceries,Platinum Card
,4/24/2018,Gas Company,152.36,credit,Groceries,Checking
,6/25/2018,Credit Card Payment,31.77,debit,Credit Card Payment,Platinum Card
,1/28/2018,Power Company,155.47,credit,Paycheck,Checking
,12/24/2018,City Water Charges,174.45,debit,Shopping,Platinum Card
,10/14/2019,Credit Card Payment,136.56,credit,Paycheck,Silver Card
,7/18/2018,Movie Theater,158.38,credit,Restaurants,Platinum Card
,8/3/2019,American Tavern,156.6,debit,Paycheck,Checking
,10/1/2019,Spotify,63.64,debit,Restaurants,Platinum Card
,6/5/2018,Amazon,157.34,debit,Restaurants,Checking
,1/31/2019,Grocery Store,151.36,debit,Shopping,Silver Card
,4/19/2019,Phone Company,76.83,debit,Utilities,Platinum Card
,10/8/2018,Biweekly Paycheck,13.03,credit,Groceries,Checking
,3/2/2018,Credit Card Payment,171.23,debit,Groceries,Silver Card
,4/20/2019,Credit Card Payment,36.86,credit,Credit Card Payment,Platinum Card
,12/29/2018,Brunch Restaurant,116.5,debit,Gas & Fuel,Platinum Card
,11/13/2018,Brunch Restaurant,102.23,credit,Mobile Phone,Platinum Card
,1/26/2019,American Tavern,89.0,debit,Shopping,Platinum Card
,6/6/2018,Best Buy,106.11,debit,Shopping,Platinum Card
,9/17/2018,Brewing Company,4.43,credit,Mobile Phone,Checking
,12/19/2018,Grocery Store,108.83,credit,Credit Card Payment,Platinum Card
,7/22/2018,Starbucks Coffee,171.02,credit,Shopping,Platinum Card
,8/3/2019,Gas Company,100.91,debit,Utilities,Checking
,6/3/2018,Grocery Store,37.24,debit,Credit Card Payment,Checking
,5/11/2019,Internet Service Provider,103.67,credit,Mobile Phone,Silver Card
,5/12/2019,City Water Charges,35.95,debit,Utilities,Checking
,5/4/2019,Power Company,121.37,debit,Credit Card Payment,Platinum Card
,5/4/2018,Grocery Store,39.19,debit,Coffee Shops,Checking
,10/7/2019,Amazon,29.47,debit,Shopping,Platinum Card
,2/2/2018,Italian Restaurant,182.38,debit,Movies & DVDs,Silver Card
,12/16/2018,BP,30.88,debit,Fast Food,Silver Card
,9/2/2018,Gas Company,80.23,credit,Credit Card Payment,Platinum Card
,6/24/2018,State Farm,80.86,credit,Internet,Platinum Card
,5/18/2019,BP,16.65,credit,Auto Insurance,Checking
,12/21/2018,Barbershop,24.36,debit,Restaurants,Silver Card
,9/11/2019,Grocery Store,157.67,credit,Groceries,Platinum Card
,4/26/2019,American Tavern,30.82,credit,Groceries,Platinum Card
,3/20/2019,Spotify,166.93,credit,Haircut,Platinum Card
,7/23/2018,TechCorp Salary,133.56,debit,Groceries,Platinum Card
,4/23/2019,Amazon,179.13,credit,Groceries,Silver Card
,9/28/2018,Home Depot Hardware,46.14,credit,Gas & Fuel,Platinum Card
,6/14/2019,Grocery Store,76.01,credit,Restaurants,Platinum Card
,8/2/2019,Shell,197.47,credit,Utilities,Checking
,5/26/2018,Whole Foods Market,62.45,debit,Gas & Fuel,Checking
,4/25/2019,Credit Card Payment,137.84,debit,Mortgage & Rent,Checking
,10/3/2019,Grocery Store,41.3,credit,Credit Card Payment,Platinum Card
,1/7/2019,Credit Card Payment,130.5,debit,Shopping,Silver Card
,3/29/2019,Credit Card Payment,119.51,credit,Coffee Shops,Silver Card
,2/6/2019,Starbucks Coffee,164.38,credit,Groceries,Checking
,2/25/2019,Phone Company,133.72,debit,Shopping,Checking
,11/29/2018,Brewing Company,40.47,credit,Groceries,Checking
,10/14/2019,Whole Foods Market,155.8,debit,Credit Card Payment,Checking
,3/27/2018,Credit Card Payment,188.27,credit,Credit Card Payment,Checking
,10/24/2019,Shell,44.72,debit,Credit Card Payment,Checking
,6/28/2019,Whole Foods Market,132.32,debit,Restaurants,Silver Card
,6/22/2018,BP,147.7,debit,Auto Insurance,Platinum Card
,5/24/2018,Shell,148.65,debit,Shopping,Checking
,6/13/2018,Credit Card Payment,184.67,credit,Internet,Checking
,9/26/2019,Credit Card Payment,31.39,credit,Restaurants,Checking
,5/2/2018,Brewing Company,36.83,debit,Gas & Fuel,Silver Card
,6/22/2018,Grocery Store,69.48,credit,Credit Card Payment,Silver Card
,3/8/2019,Whole Foods Market,199.25,debit,Credit Card Payment,Platinum Card
,6/17/2019,City Water Charges,22.54,debit,Groceries,Checking
,3/30/2018,Barbershop,94.53,credit,Home Improvement,Platinum Card
,4/4/2018,New York Deli,174.69,debit,Credit Card Payment,Checking
,4/25/2019,Credit Card Payment,138.85,credit,Restaurants,Silver Card
,7/4/2018,Movie Theater,124.24,debit,Restaurants,Platinum Card
,8/22/2018,Brewing Company,188.36,debit,Home Improvement,Checking
,5/26/2019,Credit Card Payment,189.94,credit,Auto Insurance,Checking
,3/28/2018,Shell,1.63,debit,Restaurants,Checking
,7/19/2019,Netflix Subscription,112.8,debit,Credit Card Payment,Checking
,7/31/2019,Brunch Restaurant,102.05,credit,Utilities,Checking
,12/16/2018,Credit Card Payment,91.67,credit,Credit Card Payment,Silver Card
,7/13/2018,City Water Charges,8.67,credit,Auto Insurance,Silver Card
,6/15/2019,Credit Card Payment,14.12,credit,Shopping,Platinum Card
,4/16/2018,Grocery Store,127.09,debit,Paycheck,Silver Card
,3/3/2019,Grocery Store,154.29,debit,Groceries,Platinum Card
,10/27/2018,Greek Restaurant,166.35,credit,Restaurants,Platinum Card
,1/7/2019,City Water Charges,165.14,credit,Restaurants,Platinum Card
,12/9/2019,Whole Foods Market,68.94,credit,Music,Checking
,2/16/2018,Power Company,35.1,credit,Haircut,Checking
,4/12/2018,Amazon,136.85,debit,Gas & Fuel,Silver Card
,10/11/2018,Credit Card Payment,72.48,credit,Credit Card Payment,Platinum Card
,4/18/2018,Mortgage Payment,136.77,credit,Paycheck,Checking
,6/22/2018,Hardware Store,31.02,debit,Credit Card Payment,Silver Card
,4/30/2019,American Tavern,112.48,credit,Groceries,Platinum Card
,10/2/2018,City Water Charges,98.13,debit,Credit Card Payment,Platinum Card
,5/5/2019,Gas Company,82.66,debit,Movies & DVDs,Platinum Card
,10/11/2018,Gas Company,80.0,debit,Paycheck,Platinum Card
,4/27/2019,Credit Card Payment,26.86,debit,Gas & Fuel,Checking
,10/21/2019,Grocery Store,93.94,credit,Utilities,Platinum Card
,12/25/2018,Grocery Store,122.79,credit,Credit Card Payment,Platinum Card
,1/4/2019,BP,83.82,credit,Restaurants,Checking
,5/25/2018,Credit Card Payment,66.36,credit,Restaurants,Checking
,7/13/2018,Credit Card Payment,20.98,debit,Restaurants,Silver Card
,6/28/2019,Starbucks,156.88,debit,Shopping,Silver Card
,3/23/2018,Whole Foods Market,167.58,debit,Restaurants,Platinum Card
,12/3/2018,State Farm,184.44,credit,Shopping,Silver Card
,3/14/2018,Mike's Construction Co.,188.9,credit,Utilities,Platinum Card
,9/6/2018,Credit Card Payment,199.76,credit,Mobile Phone,Silver Card
,10/21/2018,Shell,22.07,debit,Restaurants,Platinum Card
,6/15/2018,Credit Card Payment,180.98,debit,Fast Food,Checking
,4/26/2018,Roadside Diner,177.12,debit,Fast Food,Platinum Card
,1/27/2019,State Farm,73.93,credit,Credit Card Payment,Platinum Card
,12/30/2018,Grocery Store,47.8,credit,Movies & DVDs,Platinum Card
,12/14/2018,Phone Company,140.21,credit,Movies & DVDs,Checking
,10/23/2018,Home Depot Hardware,163.67,credit,Restaurants,Platinum Card
,2/13/2019,Whole Foods Market,133.37,debit,Restaurants,Silver Card
,5/2/2019,Grocery Store,43.71,debit,Coffee Shops,Platinum Card
,12/16/2018,Home Depot Hardware,136.74,debit,Credit Card Payment,Silver Card
,12/27/2018,State Farm,114.19,debit,Utilities,Checking
,2/8/2019,QuikTrip,134.61,debit,Movies & DVDs,Checking
,7/16/2018,Power Company,129.39,credit,Gas & Fuel,Checking
,12/25/2018,Amazon,41.59,credit,Home Improvement,Platinum Card
,2/8/2019,Credit Card Payment,100.94,credit,Groceries,Platinum Card
,12/25/2018,Starbucks Coffee,146.98,credit,Internet,Platinum Card
,8/15/2019,Hardware Store,18.81,credit,Internet,Platinum Card
,3/14/2018,Movie Theater,111.28,credit,Credit Card Payment,Platinum Card
,10/23/2018,Whole Foods Market,117.23,debit,Credit Card Payment,Platinum Card
,9/25/2019,Netflix Subscription,125.89,debit,Gas & Fuel,Silver Card
,2/17/2019,Grocery Store,110.57,credit,Restaurants,Checking
,5/20/2018,American Tavern,4.14,credit,Credit Card Payment,Checking
,7/1/2019,TechCorp Salary,90.62,debit,Groceries,Checking
,4/27/2018,Whole Foods Market,106.71,debit,Restaurants,Silver Card
,8/15/2019,Food Truck,155.1,credit,Credit Card Payment,Platinum Card
,10/6/2019,Mike's Construction Co.,162.51,debit,Credit Card Payment,Checking
,5/3/2018,Best Buy,163.97,credit,Mortgage & Rent,Platinum Card
,6/10/2018,Whole Foods Market,185.99,credit,Coffee Shops,Platinum Card
,7/20/2018,Spotify,74.39,debit,Shopping,Platinum Card
,4/13/2019,Internet Service Provider,134.74,credit,Utilities,Checking
,12/3/2018,Shell,39.09,debit,Groceries,Platinum Card
,1/31/2019,Shell,91.11,credit,Credit Card Payment,Platinum Card
,7/21/2018,Biweekly Paycheck,112.17,debit,Groceries,Silver Card
,11/19/2019,Internet Service Provider,75.31,credit,Groceries,Platinum Card
,3/3/2018,Grocery Store,198.58,credit,Shopping,Checking
,5/2/2018,Barbershop,30.3,debit,Shopping,Platinum Card
,12/19/2018,Mike's Construction Co.,145.25,debit,Restaurants,Checking
,2/27/2018,Whole Foods Market,183.49,debit,Groceries,Silver Card
,9/2/2019,Brunch Restaurant,145.69,credit,Utilities,Silver Card
,5/1/2018,Brunch Restaurant,150.62,credit,Credit Card Payment,Platinum Card
,5/30/2019,City Water Charges,88.73,credit,Groceries,Silver Card
,7/1/2019,Starbucks,166.01,credit,Credit Card Payment,Platinum Card
,11/10/2019,TechCorp Salary,155.73,credit,Utilities,Checking
,1/18/2019,Brunch Restaurant,22.06,credit,Mobile Phone,Platinum Card
,7/13/2018,Credit Card Payment,111.72,debit,Credit Card Payment,Platinum Card
,1/16/2019,Biweekly Paycheck,68.82,debit,Groceries,Checking
,3/5/2019,Credit Card Payment,131.78,credit,Shopping,Checking
,5/7/2018,Power Company,36.11,debit,Coffee Shops,Checking
,5/19/2018,Grocery Store,143.83,debit,Shopping,Platinum Card
,11/14/2018,Starbucks Coffee,12.36,debit,Gas & Fuel,Platinum Card
,3/7/2019,Starbucks Coffee,143.95,debit,Coffee Shops,Platinum Card
,3/13/2018,Grocery Store,104.92,credit,Paycheck,Checking
,9/25/2018,Credit Card Payment,25.26,debit,Credit Card Payment,Platinum Card
,12/17/2018,Mortgage Payment,82.7,credit,Credit Card Payment,Silver Card
,10/17/2018,Barbershop,57.19,credit,Paycheck,Platinum Card
,9/19/2018,Sushi Restaurant,22.92,credit,Gas & Fuel,Platinum Card
,10/8/2018,Home Depot Hardware,33.63,credit,Restaurants,Platinum Card
,10/28/2019,Spotify,51.46,credit,Restaurants,Silver Card
,2/9/2019,Credit Card Payment,49.81,debit,Restaurants,Checking
,2/19/2018,American Tavern,176.28,debit,Haircut,Checking
,7/22/2019,Home Depot Hardware,161.76,debit,Utilities,Checking
,1/15/2018,Credit Card Payment,125.95,credit,Groceries,Platinum Card
,10/19/2019,Gas Company,133.42,credit,Shopping,Checking
,9/20/2019,Credit Card Payment,114.42,credit,Shopping,Platinum Card
,12/19/2018,Credit Card Payment,22.18,debit,Gas & Fuel,Platinum Card
,9/1/2018,Starbucks,44.93,credit,Utilities,Platinum Card
,6/19/2018,Credit Card Payment,63.52,credit,Electronics & Software,Platinum Card
,3/28/2018,Amazon,182.05,debit,Restaurants,Checking
,9/24/2018,Credit Card Payment,128.85,credit,Haircut,Platinum Card
,9/23/2019,Best Buy,56.11,credit,Credit Card Payment,Platinum Card
,9/10/2018,Whole Foods Market,189.38,debit,Restaurants,Checking
,6/6/2018,Fancy Restaurant,108.77,credit,Restaurants,Checking
,6/23/2019,TechCorp Salary,113.62,credit,Shopping,Platinum Card
,11/26/2019,American Tavern,190.62,credit,Credit Card Payment,Platinum Card
,5/23/2018,Amazon,9.13,credit,Alcohol & Bars,Platinum Card
,3/19/2019,Credit Card Payment,21.26,credit,Restaurants,Platinum Card
,10/24/2018,City Water Charges,199.05,credit,Mobile Phone,Checking
,7/11/2019,Credit Card Payment,126.74,debit,Utilities,Platinum Card
,6/2/2018,Hardware Store,43.36,debit,Utilities,Checking
,1/4/2019,Home Depot Hardware,39.51,debit,Home Improvement,Platinum Card
,7/19/2018,Grocery Store,189.76,debit,Alcohol & Bars,Checking
,9/18/2018,Thai Restaurant,161.36,credit,Credit Card Payment,Platinum Card
,10/11/2018,Gas Company,144.54,debit,Utilities,Checking
,1/16/2020,Home Depot Hardware,113.5,credit,Home Improvement,Silver Card
,12/31/2018,State Farm,170.92,debit,Credit Card Payment,Checking
,8/5/2018,City Water Charges,71.33,debit,Credit Card Payment,Checking
,4/24/2018,Home Depot Hardware,49.55,debit,Home Improvement,Platinum Card
,6/10/2019,TechCorp Salary,141.71,credit,Paycheck,Checking
,7/20/2018,Credit Card Payment,148.69,credit,Credit Card Payment,Silver Card
,11/28/2018,Latin Restaurant,49.04,debit,Restaurants,Checking
,8/14/2018,Credit Card Payment,110.95,debit,Mortgage & Rent,Silver Card
,7/15/2018,Gas Company,104.81,credit,Groceries,Platinum Card
,1/5/2019,Netflix Subscription,59.77,debit,Utilities,Platinum Card
,7/5/2018,Credit Card Payment,64.43,credit,Credit Card Payment,Checking
,8/19/2019,Netflix,91.05,debit,Shopping,Checking
,2/26/2019,Best Buy,109.33,credit,Gas & Fuel,Platinum Card
,5/17/2019,Whole Foods Market,80.71,debit,Groceries,Platinum Card
,10/7/2019,Power Company,109.67,debit,Utilities,Platinum Card
,8/31/2019,Power Company,2.71,debit,Credit Card Payment,Checking
,5/23/2018,State Farm,31.8,debit,Paycheck,Silver Card
,8/19/2018,Credit Card Payment,60.09,debit,Mobile Phone,Checking
,6/19/2018,Whole Foods Market,136.59,credit,Gas & Fuel,Silver Card
,10/14/2018,Credit Card Payment,38.92,credit,Mortgage & Rent,Platinum Card
,2/17/2019,Mortgage Payment,73.64,credit,Movies & DVDs,Platinum Card
,4/28/2018,BP,129.8,debit,Auto Insurance,Platinum Card
,4/15/2019,Internet Service Provider,187.45,debit,Coffee Shops,Platinum Card
,10/20/2019,Credit Card Payment,62.57,debit,Credit Card Payment,Platinum Card
,4/27/2018,Gas Company,168.81,debit,Auto Insurance,Checking
,3/24/2018,Roadside Diner,159.19,credit,Groceries,Platinum Card
,12/10/2018,Gas Company,26.35,debit,Restaurants,Checking
,2/9/2019,Thai Restaurant,70.19,credit,Alcohol & Bars,Checking
,3/29/2019,TechCorp Salary,173.47,credit,Gas & Fuel,Silver Card
,4/11/2019,Amazon,19.71,debit,Credit Card Payment,Platinum Card
,11/16/2018,Hardware Store,35.91,debit,Groceries,Platinum Card
,6/30/2018,Internet Service Provider,42.52,credit,Groceries,Platinum Card
,9/21/2018,Belgian Restaurant,49.84,debit,Groceries,Checking
,11/19/2018,Barbershop,117.06,credit,Credit Card Payment,Checking
,7/29/2019,Gas Company,77.85,credit,Auto Insurance,Silver Card
,10/11/2019,Credit Card Payment,80.36,debit,Utilities,Platinum Card
,3/13/2018,Phone Company,164.85,debit,Restaurants,Checking
,3/2/2018,Whole Foods Market,148.03,credit,Home Improvement,Checking
,9/27/2019,Credit Card Payment,65.95,debit,Mobile Phone,Platinum Card
,6/20/2018,American Tavern,68.15,debit,Paycheck,Checking
,9/12/2019,Gas Company,14.65,credit,Fast Food,Platinum Card
,2/6/2019,Shell,9.47,debit,Groceries,Platinum Card
,8/27/2019,Credit Card Payment,21.27,debit,Restaurants,Platinum Card
,1/10/2019,Internet Service Provider,147.89,credit,Shopping,Silver Card
,8/3/2018,Barbershop,60.07,debit,Credit Card Payment,Platinum Card
,12/22/2018,Tiny Deli,133.33,credit,Restaurants,Platinum Card
,10/18/2019,Grocery Store,174.46,credit,Shopping,Checking
,11/18/2018,Brunch Restaurant,77.22,credit,Groceries,Silver Card
,1/25/2019,Whole Foods Market,108.7,debit,Credit Card Payment,Platinum Card
,4/27/2018,Netflix,85.53,credit,Groceries,Silver Card
,6/12/2018,Credit Card Payment,136.65,debit,Credit Card Payment,Silver Card
,4/9/2018,TechCorp Salary,105.18,credit,Restaurants,Checking
,6/30/2019,Credit Card Payment,50.57,debit,Restaurants,Checking
,8/7/2019,Barbershop,10.42,credit,Home Improvement,Platinum Card
,3/22/2018,Mike's Construction Co.,178.57,debit,Home Improvement,Silver Card
,10/19/2018,Whole Foods Market,142.67,credit,Credit Card Payment,Platinum Card
,1/22/2019,Thai Restaurant,170.94,credit,Gas & Fuel,Platinum Card
,11/3/2019,Starbucks,167.14,credit,Restaurants,Checking
,9/22/2018,Mortgage Payment,49.56,debit,Credit Card Payment,Silver Card
,1/23/2019,Phone Company,153.82,debit,Haircut,Silver Card
,1/22/2019,State Farm,173.01,credit,Gas & Fuel,Silver Card
,11/1/2018,Hardware Store,179.73,credit,Movies & DVDs,Checking
,8/18/2018,Grocery Store,16.84,debit,Coffee Shops,Platinum Card
,10/3/2018,Internet Service Provider,121.01,credit,Groceries,Platinum Card
,9/10/2019,American Tavern,65.98,credit,Movies & DVDs,Checking
,4/1/2018,Internet Service Provider,78.48,credit,Coffee Shops,Silver Card
,8/17/2018,Netflix,177.0,debit,Internet,Silver Card
,7/15/2018,Grocery Store,57.52,debit,Restaurants,Checking
,7/21/2018,Grocery Store,32.48,credit,Fast Food,Platinum Card
,9/11/2018,Credit Card Payment,51.59,credit,Credit Card Payment,Silver Card
,5/18/2019,Whole Foods Market,170.07,debit,Gas & Fuel,Platinum Card
,11/10/2018,Brewing Company,57.85,credit,Shopping,Silver Card
,10/26/2018,Grocery Store,68.25,credit,Mortgage & Rent,Silver Card
,6/10/2018,Home Depot Hardware,68.11,debit,Credit Card Payment,Platinum Card
,10/21/2019,Credit Card Payment,67.31,debit,Entertainment,Silver Card
,10/9/2019,Biweekly Paycheck,160.24,debit,Groceries,Platinum Card
,1/30/2019,TechCorp Salary,199.79,credit,Shopping,Platinum Card
,5/16/2018,Grocery Store,102.86,credit,Credit Card Payment,Silver Card
,10/31/2018,Amazon Video,10.22,debit,Shopping,Checking
,11/20/2018,Mortgage Payment,167.92,credit,Shopping,Checking
,5/17/2018,Power Company,173.8,credit,Coffee Shops,Silver Card
,6/7/2018,Starbucks Coffee,8.84,debit,Fast Food,Silver Card
,6/16/2018,State Farm,154.81,credit,Movies & DVDs,Checking
,1/4/2019,Netflix,88.96,debit,Restaurants,Platinum Card
,1/3/2019,City Water Charges,189.19,debit,Credit Card Payment,Checking
,8/4/2018,Credit Card Payment,16.5,debit,Shopping,Platinum Card
,5/24/2019,Brewing Company,61.11,debit,Groceries,Platinum Card
,6/12/2018,Credit Card Payment,23.92,credit,Shopping,Platinum Card
,8/17/2018,TechCorp Salary,28.39,debit,Groceries,Platinum Card
,6/10/2019,Brewing Company,146.05,credit,Internet,Checking
,5/20/2019,Credit Card Payment,117.47,credit,Shopping,Silver Card
,9/7/2019,Gas Company,139.01,credit,Credit Card Payment,Platinum Card
,8/21/2018,Credit Card Payment,85.21,debit,Auto Insurance,Silver Card
,11/18/2019,Credit Card Payment,96.39,debit,Home Improvement,Silver Card
,7/4/2019,Movie Theater,63.8,credit,Coffee Shops,Checking
,6/7/2018,Bojangles,74.08,debit,Home Improvement,Checking
,6/17/2018,TechCorp Salary,167.01,debit,Coffee Shops,Checking
,11/4/2019,Credit Card Payment,46.79,debit,Music,Platinum Card
,1/7/2019,Starbucks Coffee,152.2,debit,Mobile Phone,Checking
,10/11/2018,Credit Card Payment,179.89,debit,Credit Card Payment,Platinum Card
,3/27/2019,Internet Service Provider,49.5,credit,Credit Card Payment,Platinum Card
,5/12/2018,Amazon,44.8,debit,Music,Checking
,1/30/2018,BP,170.42,debit,Paycheck,Checking
,1/16/2019,TechCorp Salary,144.35,debit,Shopping,Platinum Card
,1/10/2019,Grocery Store,36.53,credit,Utilities,Checking
,3/29/2018,Grocery Store,69.57,debit,Coffee Shops,Platinum Card
,5/11/2018,American Tavern,34.96,credit,Credit Card Payment,Checking
,5/20/2019,New York Deli,126.84,credit,Gas & Fuel,Platinum Card
,12/30/2018,Power Company,144.03,debit,Credit Card Payment,Checking
,10/17/2019,Credit Card Payment,86.41,debit,Electronics & Software,Platinum Card
,7/12/2018,Internet Service Provider,153.89,credit,Credit Card Payment,Silver Card
,3/26/2018,Starbucks,149.25,debit,Home Improvement,Silver Card
,6/26/2019,Gas Company,119.97,credit,Gas & Fuel,Platinum Card
,4/27/2019,Credit Card Payment,119.94,debit,Shopping,Platinum Card
,10/6/2018,Credit Card Payment,16.13,debit,Electronics & Software,Checking
,3/19/2018,Biweekly Paycheck,37.53,debit,Utilities,Platinum Card
,6/11/2019,Shell,68.04,credit,Restaurants,Checking
,5/12/2019,BP,157.54,credit,Shopping,Checking
,5/24/2018,Amazon,102.44,debit,Groceries,Platinum Card
,10/22/2018,Credit Card Payment,104.39,credit,Paycheck,Platinum Card
,3/31/2018,State Farm,98.94,credit,Groceries,Platinum Card
,12/6/2018,Mediterranean Restaurant,92.93,debit,Home Improvement,Silver Card
,11/22/2018,Whole Foods Market,141.49,credit,Auto Insurance,Checking
,11/20/2019,Credit Card Payment,47.14,credit,Alcohol & Bars,Platinum Card
,11/1/2018,Phone Company,2.96,credit,Paycheck,Platinum Card
,2/11/2019,Grocery Store,108.66,credit,Coffee Shops,Checking
,4/5/2018,City Water Charges,161.22,credit,Groceries,Platinum Card
,6/24/2019,State Farm,95.57,credit,Groceries,Platinum Card
,1/10/2019,Credit Card Payment,96.87,credit,Utilities,Platinum Card
,10/17/2018,Credit Card Payment,151.39,debit,Credit Card Payment,Platinum Card
,7/15/2019,Barbershop,104.85,debit,Credit Card Payment,Platinum Card
,6/24/2018,Power Company,9.67,credit,Mobile Phone,Checking
,6/13/2019,German Restaurant,63.25,credit,Auto Insurance,Silver Card
,6/20/2019,Starbucks Coffee,62.56,debit,Internet,Platinum Card
,9/23/2018,Credit Card Payment,164.4,credit,Credit Card Payment,Platinum Card
,2/24/2018,Netflix Subscription,39.08,debit,Shopping,Checking
,2/28/2018,Netflix Subscription,104.71,debit,Gas & Fuel,Platinum Card
,10/1/2019,Brewing Company,136.07,debit,Groceries,Platinum Card
,6/22/2018,Netflix Subscription,172.86,debit,Alcohol & Bars,Platinum Card
,12/24/2018,Gas Company,28.19,credit,Credit Card Payment,Silver Card
,11/22/2018,Circle K,60.2,debit,Internet,Silver Card
,11/26/2018,Power Company,7.42,credit,Utilities,Checking
,6/26/2019,Grocery Store,104.85,credit,Shopping,Platinum Card
,1/24/2019,Amazon,39.47,debit,Groceries,Checking
,1/26/2019,City Water Charges,75.11,credit,Mobile Phone,Platinum Card
,8/16/2018,Whole Foods Market,41.79,credit,Utilities,Platinum Card
,12/26/2018,Belgian Restaurant,114.39,debit,Restaurants,Platinum Card
,5/17/2019,QuikTrip,135.46,debit,Movies & DVDs,Platinum Card
,6/1/2019,State Farm,33.88,debit,Utilities,Platinum Card
,6/20/2018,Brunch Restaurant,121.15,debit,Mortgage & Rent,Checking
,6/6/2018,Credit Card Payment,50.88,debit,Coffee Shops,Checking
,6/3/2018,Mortgage Payment,118.79,debit,Coffee Shops,Silver Card
,5/11/2019,QuikTrip,17.66,credit,Shopping,Platinum Card
,4/3/2018,Greek Restaurant,4.53,debit,Mortgage & Rent,Silver Card
,8/20/2018,Whole Foods Market,86.9,debit,Home Improvement,Platinum Card
,6/12/2019,Shell,126.08,credit,Groceries,Checking
,4/22/2018,Mortgage Payment,187.08,credit,Gas & Fuel,Checking
,12/22/2018,Mediterranean Restaurant,55.1,debit,Gas & Fuel,Platinum Card
,1/27/2019,City Water Charges,32.67,debit,Utilities,Checking
,12/18/2018,Credit Card Payment,101.26,debit,Shopping,Checking
,11/3/2019,Whole Foods Market,103.28,debit,Mortgage & Rent,Silver Card
,4/23/2018,BP,29.13,credit,Shopping,Checking
,8/2/2018,Credit Card Payment,99.23,credit,Credit Card Payment,Checking
,5/12/2018,Blue Sky Market,23.76,debit,Credit Card Payment,Silver Card
,8/25/2019,Credit Card Payment,75.76,debit,Internet,Platinum Card
,10/25/2018,Whole Foods Market,20.16,debit,Shopping,Platinum Card
,5/10/2019,Biweekly Paycheck,31.73,credit,Gas & Fuel,Checking
,11/2/2019,Brunch Restaurant,42.44,credit,Haircut,Silver Card
,9/21/2019,Phone Company,14.39,debit,Restaurants,Silver Card
,1/27/2019,Gas Company,10.55,debit,Credit Card Payment,Checking
,1/11/2019,Credit Card Payment,25.8,debit,Music,Checking
,7/6/2019,Phone Company,166.86,debit,Utilities,Platinum Card
,6/22/2019,Hardware Store,64.48,credit,Mobile Phone,Checking
,10/9/2019,Gas Company,171.45,credit,Credit Card Payment,Checking
,4/23/2018,Home Depot Hardware,5.43,debit,Haircut,Checking
,9/24/2019,City Water Charges,188.8,debit,Shopping,Checking
,8/12/2019,Internet Service Provider,193.39,credit,Restaurants,Checking
,8/3/2018,Biweekly Paycheck,190.77,credit,Credit Card Payment,Platinum Card
,5/21/2019,City Water Charges,124.27,credit,Utilities,Platinum Card
,3/10/2018,Gas Company,69.03,debit,Credit Card Payment,Checking
,1/26/2018,City Water Charges,58.18,credit,Restaurants,Platinum Card
,3/30/2018,Phone Company,139.65,debit,Coffee Shops,Platinum Card
,12/12/2019,Shell,28.03,debit,Home Improvement,Checking
,9/28/2019,QuikTrip,181.87,credit,Credit Card Payment,Checking
,5/11/2018,Mediterranean Restaurant,73.96,debit,Fast Food,Platinum Card
,5/21/2018,Starbucks,184.8,debit,Coffee Shops,Platinum Card
,1/20/2019,Credit Card Payment,58.83,debit,Utilities,Checking
,12/24/2018,State Farm,97.66,credit,Music,Silver Card
,8/9/2019,Starbucks Coffee,69.76,debit,Utilities,Silver Card
,8/5/2018,Grocery Store,133.7,credit,Home Improvement,Platinum Card
,2/23/2019,Phone Company,113.61,debit,Gas & Fuel,Platinum Card
,4/25/2018,Credit Card Payment,90.71,credit,Groceries,Checking
,12/1/2018,Credit Card Payment,154.15,debit,Shopping,Silver Card
,3/17/2018,Credit Card Payment,190.97,credit,Restaurants,Checking
,10/10/2019,City Water Charges,175.76,debit,Restaurants,Silver Card
,9/26/2019,Whole Foods Market,163.41,debit,Restaurants,Checking
,2/22/2018,Latin Restaurant,7.67,debit,Gas & Fuel,Platinum Card
,10/25/2019,Credit Card Payment,136.55,debit,Home Improvement,Silver Card
,8/24/2019,Credit Card Payment,8.93,credit,Mobile Phone,Checking
,7/16/2019,Starbucks,178.31,credit,Credit Card Payment,Platinum Card
,6/29/2018,TechCorp Salary,61.61,credit,Paycheck,Silver Card
,4/22/2019,Gas Company,96.38,credit,Restaurants,Platinum Card
,1/29/2019,Home Depot Hardware,107.49,credit,Coffee Shops,Platinum Card
,12/19/2018,Whole Foods Market,140.41,debit,Gas & Fuel,Platinum Card
,7/6/2018,QuikTrip,95.1,debit,Groceries,Checking
,3/25/2018,City Water Charges,79.09,debit,Credit Card Payment,Platinum Card
,10/24/2018,Chick-Fil-A,46.99,debit,Credit Card Payment,Silver Card
,9/12/2018,City Water Charges,155.83,credit,Utilities,Silver Card
,8/11/2019,Belgian Restaurant,39.33,debit,Gas & Fuel,Platinum Card
,5/23/2018,Amazon,80.79,debit,Credit Card Payment,Silver Card
,8/1/2018,Credit Card Payment,38.78,debit,Internet,Silver Card
,10/1/2019,Whole Foods Market,117.75,debit,Credit Card Payment,Platinum Card
,2/1/2018,Amazon,164.1,debit,Credit Card Payment,Platinum Card
,2/7/2019,Barbershop,1.8,credit,Television,Platinum Card
,10/7/2018,Japanese Restaurant,152.55,debit,Home Improvement,Checking
,12/3/2019,Phone Company,72.45,credit,Credit Card Payment,Silver Card
,1/20/2019,Whole Foods Market,45.38,debit,Restaurants,Platinum Card
,8/31/2019,State Farm,46.89,credit,Groceries,Platinum Card
,1/6/2019,Credit Card Payment,110.36,debit,Restaurants,Checking
,9/19/2019,Pizza Place,60.2,debit,Groceries,Platinum Card
,8/29/2018,Grocery Store,189.91,debit,Electronics & Software,Silver Card
,10/30/2018,Credit Card Payment,122.92,credit,Mobile Phone,Silver Card
,10/17/2018,American Tavern,58.04,debit,Restaurants,Platinum Card
,10/1/2018,Valero,88.17,debit,Credit Card Payment,Platinum Card
,3/7/2019,Belgian Restaurant,152.07,credit,Mobile Phone,Platinum Card
,9/25/2018,Seafood Restaurant,102.36,debit,Credit Card Payment,Platinum Card
,2/5/2019,Home Depot Hardware,170.04,debit,Groceries,Platinum Card
,6/24/2019,Circle K,129.45,credit,Shopping,Platinum Card
,6/19/2018,American Tavern,138.26,debit,Auto Insurance,Platinum Card
,10/19/2019,American Tavern,1.06,credit,Mobile Phone,Platinum Card
,5/27/2019,Credit Card Payment,15.98,debit,Groceries,Platinum Card
,8/24/2019,Latin Restaurant,30.26,debit,Mortgage & Rent,Checking
,3/8/2019,Amazon,164.92,debit,Music,Platinum Card
,12/28/2018,Starbucks Coffee,112.9,debit,Mortgage & Rent,Platinum Card
,9/9/2019,Credit Card Payment,177.57,debit,Groceries,Checking
,12/2/2018,BBQ Restaurant,18.01,debit,Paycheck,Platinum Card
,8/16/2019,Brewing Company,132.55,credit,Internet,Platinum Card
,5/2/2018,Amazon,139.52,debit,Alcohol & Bars,Checking
,11/3/2018,Grocery Store,142.94,debit,Credit Card Payment,Silver Card
,9/18/2018,Credit Card Payment,95.66,credit,Haircut,Checking
,7/5/2019,State Farm,121.02,credit,Utilities,Platinum Card
,6/20/2019,American Tavern,121.28,debit,Auto Insurance,Checking
,9/7/2019,Biweekly Paycheck,45.34,credit,Shopping,Silver Card
,8/18/2019,Grocery Store,48.64,debit,Home Improvement,Silver Card
,5/14/2018,Brunch Restaurant,156.32,debit,Shopping,Platinum Card
,3/14/2019,Credit Card Payment,172.0,credit,Shopping,Checking
,6/22/2018,Grocery Store,86.64,credit,Credit Card Payment,Platinum Card
,11/28/2018,Mediterranean Restaurant,14.47,credit,Groceries,Silver Card
,3/9/2019,Amazon,153.7,debit,Mortgage & Rent,Platinum Card
,9/26/2018,Biweekly Paycheck,142.63,debit,Internet,Platinum Card
,12/24/2018,Credit Card Payment,103.86,debit,Auto Insurance,Silver Card
,6/15/2018,Credit Card Payment,182.41,credit,Mobile Phone,Platinum Card
,8/18/2018,BP,172.42,debit,Restaurants,Platinum Card
,10/22/2019,Hardware Store,123.49,credit,Utilities,Checking
,10/15/2019,Phone Company,168.4,debit,Internet,Checking
,7/1/2019,Credit Card Payment,81.83,credit,Auto Insurance,Platinum Card
,3/21/2018,Whole Foods Market,113.27,credit,Utilities,Platinum Card
,7/2/2018,Credit Card Payment,119.54,debit,Mobile Phone,Platinum Card
,7/30/2018,Whole Foods Market,166.84,credit,Groceries,Silver Card
,2/4/2019,Whole Foods Market,118.57,credit,Groceries,Platinum Card
,5/20/2018,Internet Service Provider,121.37,credit,Restaurants,Platinum Card
,4/13/2019,Fancy Restaurant,67.11,credit,Groceries,Checking
,1/5/2019,Whole Foods Market,66.45,debit,Paycheck,Checking
,10/10/2019,Netflix Subscription,98.63,debit,Coffee Shops,Silver Card
,6/24/2019,Fancy Restaurant,124.27,debit,Haircut,Platinum Card
,5/24/2019,Starbucks,89.27,debit,Credit Card Payment,Silver Card
,5/24/2018,Whole Foods Market,108.81,credit,Utilities,Checking
,12/17/2018,Credit Card Payment,163.57,debit,Credit Card Payment,Silver Card
,4/17/2019,Credit Card Payment,168.72,credit,Credit Card Payment,Checking
,5/15/2019,Whole Foods Market,131.57,credit,Utilities,Checking
,2/17/2019,Starbucks,154.02,debit,Auto Insurance,Silver Card
,11/2/2019,Credit Card Payment,139.92,credit,Utilities,Silver Card
,5/18/2019,Credit Card Payment,78.19,debit,Credit Card Payment,Silver Card
,2/8/2018,Starbucks Coffee,139.18,debit,Shopping,Platinum Card
,12/15/2018,Whole Foods Market,140.31,debit,Shopping,Silver Card
,6/14/2018,Mike's Construction Co.,191.07,credit,Gas & Fuel,Checking
,2/4/2019,Thai Restaurant,123.19,credit,Groceries,Checking
,8/9/2018,Mortgage Payment,87.2,debit,Groceries,Silver Card
,9/18/2018,Credit Card Payment,176.21,credit,Shopping,Silver Card
,4/23/2019,Amazon,194.22,credit,Groceries,Platinum Card
,6/13/2018,American Tavern,162.42,credit,Shopping,Silver Card
,8/8/2018,Credit Card Payment,103.02,credit,Shopping,Platinum Card
,10/10/2018,Credit Card Payment,167.73,credit,Paycheck,Silver Card
,1/2/2019,Spotify,136.11,debit,Credit Card Payment,Checking
,8/21/2019,Grocery Store,70.04,credit,Credit Card Payment,Platinum Card
,9/22/2019,State Farm,183.87,credit,Gas & Fuel,Platinum Card
,5/13/2019,State Farm,79.04,credit,Home Improvement,Platinum Card
,11/25/2018,Roadside Diner,160.75,credit,Restaurants,Checking
,3/24/2019,Brunch Restaurant,46.18,debit,Credit Card Payment,Checking
,1/21/2019,Grocery Store,18.2,debit,Utilities,Platinum Card
,5/13/2019,Brewing Company,179.61,credit,Restaurants,Platinum Card
,10/12/2018,Biweekly Paycheck,25.14,credit,Groceries,Platinum Card
,10/13/2018,Starbucks,46.18,debit,Paycheck,Checking
,12/4/2018,Credit Card Payment,130.89,debit,Credit Card Payment,Silver Card
,1/24/2019,City Water Charges,178.74,debit,Internet,Silver Card
,6/28/2019,Internet Service Provider,67.41,credit,Mortgage & Rent,Platinum Card
,8/5/2018,Credit Card Payment,190.49,credit,Paycheck,Platinum Card
,12/7/2018,Home Depot Hardware,72.66,debit,Credit Card Payment,Platinum Card
,9/10/2019,Credit Card Payment,147.87,debit,Paycheck,Silver Card
,1/2/2019,Hardware Store,1.24,credit,Restaurants,Checking
,8/30/2018,State Farm,176.04,debit,Movies & DVDs,Checking
,5/15/2019,Mexican Restaurant,6.27,credit,Utilities,Checking
,8/27/2019,Fancy Restaurant,86.92,debit,Alcohol & Bars,Checking
,4/23/2019,Internet Service Provider,98.7,credit,Music,Checking
,7/6/2019,State Farm,121.7,debit,Restaurants,Checking
,1/4/2019,Roadside Diner,103.31,credit,Auto Insurance,Silver Card
,10/19/2018,Power Company,109.49,debit,Gas & Fuel,Silver Card
,5/30/2018,American Tavern,69.49,debit,Coffee Shops,Platinum Card
,11/5/2018,Phone Company,138.91,debit,Restaurants,Platinum Card
,8/2/2018,City Water Charges,80.74,credit,Credit Card Payment,Silver Card
,11/14/2018,Whole Foods Market,58.79,credit,Credit Card Payment,Platinum Card
,7/20/2019,Gas Company,70.49,credit,Groceries,Platinum Card
,7/1/2018,Netflix,10.68,credit,Coffee Shops,Platinum Card
,12/26/2018,Credit Card Payment,103.46,credit,Shopping,Platinum Card
,4/30/2019,Grocery Store,192.13,debit,Movies & DVDs,Platinum Card
,11/8/2018,Gas Company,73.47,credit,Mortgage & Rent,Silver Card
,1/3/2019,Credit Card Payment,179.21,credit,Utilities,Checking
,5/1/2018,Starbucks Coffee,99.06,credit,Auto Insurance,Platinum Card
,4/14/2018,Mediterranean Restaurant,67.03,debit,Fast Food,Platinum Card
,9/4/2018,Greek Restaurant,177.48,debit,Credit Card Payment,Silver Card
,5/3/2019,QuikTrip,163.57,credit,Auto Insurance,Silver Card
,10/1/2019,State Farm,86.33,credit,Groceries,Silver Card
,9/12/2018,Home Depot Hardware,104.82,debit,Credit Card Payment,Platinum Card
,8/2/2018,Home Depot Hardware,76.33,credit,Paycheck,Checking
,3/7/2019,Whole Foods Market,145.61,debit,Groceries,Silver Card
,5/17/2019,Starbucks Coffee,25.35,debit,Movies & DVDs,Checking
,11/20/2018,Phone Company,183.91,credit,Credit Card Payment,Platinum Card
,4/29/2019,Gas Company,99.72,credit,Credit Card Payment,Checking
,9/13/2018,Credit Card Payment,98.15,debit,Paycheck,Platinum Card
,8/29/2018,Whole Foods Market,192.74,debit,Groceries,Platinum Card
,5/19/2018,Whole Foods Market,34.66,debit,Mortgage & Rent,Platinum Card
,12/1/2018,Whole Foods Market,132.88,credit,Utilities,Platinum Card
,1/23/2018,BP,140.06,credit,Groceries,Platinum Card
,8/12/2018,Internet Service Provider,48.7,debit,Haircut,Platinum Card
,4/17/2018,Credit Card Payment,179.4,debit,Restaurants,Checking
,8/26/2018,Whole Foods Market,59.27,credit,Movies & DVDs,Platinum Card
,2/2/2019,Credit Card Payment,26.96,credit,Movies & DVDs,Platinum Card
,9/19/2018,Biweekly Paycheck,83.14,debit,Home Improvement,Platinum Card
,10/14/2019,Thai Restaurant,130.64,credit,Groceries,Platinum Card
,6/22/2018,Credit Card Payment,66.88,debit,Credit Card Payment,Checking
,8/29/2019,Credit Card Payment,18.32,debit,Home Improvement,Checking
,1/26/2019,Credit Card Payment,127.31,credit,Home Improvement,Silver Card
,8/7/2018,Movie Theater,65.52,credit,Alcohol & Bars,Checking
,7/6/2018,Gas Company,79.74,credit,Shopping,Checking
,10/7/2018,Mediterranean Restaurant,96.57,debit,Internet,Checking
,1/30/2019,Japanese Restaurant,123.34,debit,Groceries,Platinum Card
,11/26/2018,Chick-Fil-A,119.1,debit,Alcohol & Bars,Checking
,10/26/2019,Credit Card Payment,40.44,credit,Paycheck,Checking
,10/26/2019,Starbucks Coffee,154.1,debit,Home Improvement,Platinum Card
,5/29/2019,Phone Company,82.39,credit,Credit Card Payment,Platinum Card
,2/19/2019,Biweekly Paycheck,170.41,credit,Groceries,Checking
,6/6/2018,Gas Company,75.47,credit,Utilities,Platinum Card
,7/24/2019,Whole Foods Market,127.78,debit,Utilities,Silver Card
,11/28/2018,Amazon,195.99,credit,Credit Card Payment,Platinum Card
,2/10/2018,Whole Foods Market,52.21,credit,Shopping,Platinum Card
,6/5/2018,Mediterranean Restaurant,165.02,credit,Haircut,Silver Card
,3/9/2019,City Water Charges,14.37,debit,Electronics & Software,Silver Card
,7/3/2019,Power Company,183.42,credit,Auto Insurance,Checking
,3/23/2019,City Water Charges,190.04,debit,Fast Food,Platinum Card
,4/8/2018,Japanese Restaurant,67.47,credit,Gas & Fuel,Silver Card
,3/4/2018,Wendy's,139.04,credit,Restaurants,Silver Card
,5/6/2019,QuikTrip,103.39,debit,Restaurants,Silver Card
,5/17/2019,Whole Foods Market,152.31,debit,Groceries,Platinum Card
,11/10/2018,Whole Foods Market,53.04,debit,Groceries,Platinum Card
,1/2/2019,Credit Card Payment,151.32,credit,Home Improvement,Platinum Card
,8/27/2019,Credit Card Payment,78.47,credit,Alcohol & Bars,Checking
,8/15/2018,TechCorp Salary,195.85,credit,Paycheck,Checking
,4/4/2019,Credit Card Payment,164.91,debit,Groceries,Checking
,2/15/2018,Internet Service Provider,44.67,debit,Utilities,Silver Card
,8/11/2018,Barbershop,100.35,debit,Credit Card Payment,Checking
,5/4/2018,Hardware Store,4.94,credit,Alcohol & Bars,Silver Card
,2/16/2018,Spotify,94.01,credit,Restaurants,Checking
,3/4/2019,Amazon,111.62,credit,Movies & DVDs,Checking
,4/28/2019,Phone Company,160.8,credit,Credit Card Payment,Checking
,4/18/2019,Grocery Store,166.37,debit,Credit Card Payment,Checking
,1/16/2018,TechCorp Salary,157.82,debit,Coffee Shops,Platinum Card
,9/20/2019,Grocery Store,159.77,debit,Paycheck,Checking
,5/27/2018,Power Company,70.87,credit,Credit Card Payment,Platinum Card
,3/9/2018,BBQ Restaurant,39.04,debit,Restaurants,Platinum Card
,4/17/2019,Credit Card Payment,146.89,credit,Credit Card Payment,Platinum Card
,5/30/2019,Brunch Restaurant,65.73,credit,Utilities,Platinum Card
,1/7/2019,Hardware Store,99.36,debit,Credit Card Payment,Checking
,11/28/2018,QuikTrip,129.44,debit,Home Improvement,Checking
,3/2/2019,Gas Company,186.88,credit,Utilities,Checking
,10/15/2019,Gas Company,118.45,debit,Utilities,Silver Card
,8/15/2018,Starbucks,98.41,credit,Auto Insurance,Checking
,4/22/2018,Starbucks Coffee,10.08,credit,Music,Platinum Card
,9/10/2019,Phone Company,86.44,credit,Groceries,Platinum Card
,7/22/2018,Grocery Store,168.64,credit,Groceries,Platinum Card
,6/4/2018,Credit Card Payment,111.09,debit,Mortgage & Rent,Silver Card
,9/6/2019,Gas Company,2.81,debit,Groceries,Checking
,1/14/2019,Netflix,48.99,credit,Credit Card Payment,Checking
,1/17/2018,TechCorp Salary,6.58,debit,Credit Card Payment,Platinum Card
,7/22/2019,QuikTrip,141.43,debit,Credit Card Payment,Checking
,6/19/2018,Biweekly Paycheck,134.0,debit,Groceries,Platinum Card
,6/28/2018,Amazon,4.57,credit,Credit Card Payment,Platinum Card
,10/8/2018,Spotify,134.83,credit,Internet,Platinum Card
,2/8/2019,Power Company,88.12,debit,Internet,Checking
,11/28/2018,Amazon,95.15,credit,Paycheck,Checking
,4/6/2018,Netflix,100.36,debit,Groceries,Checking
,11/30/2019,Internet Service Provider,41.06,credit,Mortgage & Rent,Checking
,1/22/2019,Credit Card Payment,80.97,debit,Home Improvement,Platinum Card
,5/18/2018,City Water Charges,93.96,credit,Credit Card Payment,Platinum Card
,7/13/2018,Bakery Place,7.91,debit,Utilities,Silver Card
,10/18/2019,Biweekly Paycheck,173.55,debit,Utilities,Platinum Card
,4/24/2019,City Water Charges,34.46,credit,Groceries,Platinum Card
,12/3/2018,Grocery Store,85.36,debit,Auto Insurance,Checking
,12/1/2018,Credit Card Payment,76.32,debit,Mobile Phone,Platinum Card
,11/26/2018,Roadside Diner,35.38,credit,Utilities,Platinum Card
,11/28/2018,Brunch Restaurant,135.46,credit,Electronics & Software,Platinum Card
,10/6/2019,Credit Card Payment,82.46,credit,Groceries,Silver Card
,7/1/2018,Brunch Restaurant,81.85,credit,Restaurants,Silver Card
,7/6/2019,Grocery Store,11.7,credit,Restaurants,Checking
,5/24/2019,Whole Foods Market,63.86,credit,Utilities,Checking
,8/2/2018,State Farm,167.5,debit,Credit Card Payment,Checking
,3/31/2018,Netflix,197.4,credit,Shopping,Silver Card
,6/9/2019,Whole Foods Market,155.89,debit,Groceries,Platinum Card
,7/20/2019,State Farm,106.06,debit,Credit Card Payment,Platinum Card
,9/2/2019,Credit Card Payment,87.21,debit,Credit Card Payment,Platinum Card
,12/7/2018,American Tavern,72.81,debit,Music,Platinum Card
,6/26/2018,Credit Card Payment,15.09,debit,Shopping,Platinum Card
,7/30/2019,American Tavern,169.41,credit,Alcohol & Bars,Checking
,1/7/2019,Whole Foods Market,120.91,debit,Music,Checking
,8/26/2019,QuikTrip,99.07,debit,Gas & Fuel,Silver Card
,8/24/2018,Gas Company,75.18,credit,Credit Card Payment,Silver Card
,9/3/2019,Credit Card Payment,7.08,credit,Shopping,Platinum Card
,1/2/2019,Credit Card Payment,86.19,credit,Restaurants,Platinum Card
,4/2/2019,Brewing Company,44.85,debit,Credit Card Payment,Platinum Card
,9/11/2019,Thai Restaurant,150.84,credit,Music,Silver Card
,2/14/2018,TechCorp Salary,32.5,debit,Restaurants,Platinum Card
,1/30/2019,Whole Foods Market,169.74,credit,Shopping,Checking
,5/12/2018,TechCorp Salary,139.92,credit,Mobile Phone,Platinum Card
,9/22/2019,Whole Foods Market,90.1,debit,Mortgage & Rent,Silver Card
,3/28/2019,Netflix Subscription,6.77,credit,Groceries,Checking
,1/16/2019,BP,75.74,credit,Credit Card Payment,Silver Card
,8/28/2019,Credit Card Payment,22.86,debit,Coffee Shops,Checking
,11/5/2019,Hardware Store,16.02,debit,Coffee Shops,Checking
,12/1/2018,Amazon,111.27,credit,Internet,Silver Card
,1/15/2019,Pizza Place,196.34,debit,Credit Card Payment,Checking
,3/17/2019,Amazon,177.42,credit,Credit Card Payment,Platinum Card
,4/8/2018,American Tavern,24.19,credit,Alcohol & Bars,Checking
,8/25/2018,Netflix,125.24,debit,Shopping,Checking
,4/11/2019,Barbershop,150.78,debit,Credit Card Payment,Platinum Card
,4/8/2018,Whole Foods Market,18.9,debit,Restaurants,Silver Card
,4/29/2019,Brewing Company,172.15,debit,Home Improvement,Checking
,10/17/2018,Starbucks Coffee,65.25,debit,Paycheck,Platinum Card
,2/14/2019,Credit Card Payment,87.87,debit,Shopping,Checking
,10/16/2018,Starbucks,113.44,debit,Restaurants,Platinum Card
,4/7/2018,Credit Card Payment,7.27,credit,Utilities,Silver Card
,9/5/2019,Spotify,179.46,credit,Paycheck,Platinum Card
,3/21/2018,Amazon,26.48,debit,Paycheck,Platinum Card
,1/10/2019,TechCorp Salary,63.65,debit,Credit Card Payment,Silver Card
,8/16/2019,Spotify,70.5,credit,Groceries,Platinum Card
,9/4/2018,Credit Card Payment,16.93,debit,Mortgage & Rent,Platinum Card
,9/19/2018,Grocery Store,155.15,credit,Coffee Shops,Silver Card
,2/26/2018,Mexican Restaurant,156.09,debit,Credit Card Payment,Silver Card
,4/2/2018,Whole Foods Market,34.55,debit,Credit Card Payment,Platinum Card
,1/28/2019,Barbershop,25.92,debit,Restaurants,Platinum Card
,6/28/2018,City Water Charges,93.53,debit,Mobile Phone,Checking
,6/29/2019,Grocery Store,22.43,credit,Auto Insurance,Silver Card
,4/26/2018,State Farm,6.01,debit,Groceries,Platinum Card
,7/8/2019,State Farm,130.87,credit,Paycheck,Platinum Card
,3/5/2019,Shell,35.61,credit,Auto Insurance,Checking
,7/9/2019,Credit Card Payment,11.3,credit,Gas & Fuel,Platinum Card
,4/28/2018,Brewing Company,139.58,credit,Shopping,Silver Card
,3/4/2018,Power Company,163.31,debit,Utilities,Silver Card
,8/23/2019,TechCorp Salary,31.08,debit,Restaurants,Checking
,6/14/2019,Credit Card Payment,26.71,credit,Alcohol & Bars,Platinum Card
,5/22/2019,Power Company,173.34,debit,Internet,Silver Card
,10/5/2018,Barbershop,47.62,debit,Haircut,Checking
,3/27/2018,American Tavern,127.03,debit,Alcohol & Bars,Checking
,11/8/2019,City Water Charges,100.6,credit,Coffee Shops,Checking
,3/29/2019,TechCorp Salary,115.15,credit,Coffee Shops,Silver Card
,6/23/2018,City Water Charges,113.4,debit,Credit Card Payment,Platinum Card
,3/12/2018,American Tavern,52.69,credit,Shopping,Checking
,4/2/2019,Power Company,35.98,debit,Groceries,Platinum Card
,6/22/2018,Grocery Store,139.22,debit,Credit Card Payment,Checking
,7/24/2018,Amazon,107.82,debit,Credit Card Payment,Platinum Card
,5/31/2018,Credit Card Payment,135.84,credit,Paycheck,Platinum Card
,9/10/2019,Wendy's,189.07,debit,Groceries,Checking
,6/13/2019,Mortgage Payment,199.48,credit,Credit Card Payment,Checking
,6/2/2018,Brunch Restaurant,121.74,debit,Paycheck,Checking
,9/21/2018,Phone Company,173.5,credit,Groceries,Checking
,12/21/2018,Whole Foods Market,45.93,credit,Credit Card Payment,Checking
,7/12/2018,Power Company,124.27,debit,Gas & Fuel,Checking
,1/11/2019,Credit Card Payment,3.61,credit,Utilities,Platinum Card
,6/3/2019,Spotify,193.96,debit,Gas & Fuel,Silver Card
,1/6/2019,Credit Card Payment,63.65,credit,Haircut,Platinum Card
,11/30/2018,Spotify,112.37,debit,Gas & Fuel,Platinum Card
,11/26/2018,Spotify,45.35,debit,Groceries,Platinum Card
,10/18/2019,Brewing Company,193.58,credit,Auto Insurance,Silver Card
,8/27/2018,Brunch Restaurant,8.11,debit,Groceries,Checking
,4/21/2018,Credit Card Payment,175.32,credit,Credit Card Payment,Platinum Card
,10/14/2019,Grocery Store,189.66,debit,Home Improvement,Checking
,8/12/2018,Netflix Subscription,116.89,credit,Auto Insurance,Platinum Card
,1/17/2018,Credit Card Payment,157.09,credit,Gas & Fuel,Platinum Card
,7/3/2019,Credit Card Payment,165.16,debit,Groceries,Checking
,9/28/2018,Grocery Store,157.85,credit,Music,Silver Card
,10/1/2018,Spotify,159.94,debit,Paycheck,Silver Card
,9/17/2019,Whole Foods Market,109.8,credit,Mobile Phone,Checking
,7/7/2018,Grocery Store,179.37,credit,Utilities,Platinum Card
,9/28/2018,State Farm,1.93,debit,Credit Card Payment,Checking
,12/20/2018,Internet Service Provider,141.33,debit,Alcohol & Bars,Platinum Card
,10/5/2019,Chick-Fil-A,39.81,debit,Credit Card Payment,Silver Card
,8/31/2018,City Water Charges,154.14,credit,Credit Card Payment,Silver Card
,11/8/2019,Grocery Store,177.44,debit,Shopping,Platinum Card
,3/1/2019,Credit Card Payment,46.11,credit,Haircut,Silver Card
,3/2/2018,Whole Foods Market,96.86,credit,Restaurants,Platinum Card
,3/17/2019,Brewing Company,177.05,debit,Home Improvement,Platinum Card
,10/28/2018,Brunch Restaurant,23.7,debit,Music,Platinum Card
,4/17/2018,Whole Foods Market,157.47,credit,Restaurants,Checking
,4/21/2018,American Tavern,89.04,debit,Internet,Platinum Card
,10/30/2018,Whole Foods Market,115.58,credit,Credit Card Payment,Platinum Card
,1/24/2020,Starbucks Coffee,43.52,debit,Restaurants,Platinum Card
,5/17/2018,Credit Card Payment,41.28,credit,Groceries,Platinum Card
,6/28/2019,Credit Card Payment,176.07,debit,Groceries,Silver Card
,4/17/2018,Shell,58.63,credit,Paycheck,Platinum Card
,6/24/2018,Credit Card Payment,39.0,credit,Alcohol & Bars,Silver Card
,9/16/2018,Credit Card Payment,36.19,credit,Restaurants,Checking
,6/16/2019,Credit Card Payment,52.22,debit,Paycheck,Checking
,5/19/2019,Belgian Restaurant,102.81,credit,Credit Card Payment,Silver Card
,3/9/2019,Credit Card Payment,2.4,credit,Shopping,Platinum Card
,11/11/2018,TechCorp Salary,21.45,credit,Gas & Fuel,Platinum Card
,3/20/2018,American Tavern,172.83,debit,Groceries,Platinum Card
,9/29/2019,Starbucks,142.18,credit,Credit Card Payment,Silver Card
,6/29/2018,Netflix,162.43,debit,Haircut,Silver Card
,2/14/2018,Grocery Store,121.88,debit,Shopping,Checking
,6/24/2019,Japanese Restaurant,103.69,debit,Utilities,Silver Card
,6/20/2019,TechCorp Salary,23.46,debit,Credit Card Payment,Platinum Card
,7/17/2019,BP,121.84,debit,Mortgage & Rent,Platinum Card
,6/27/2019,Credit Card Payment,197.37,credit,Shopping,Checking
,8/5/2018,Biweekly Paycheck,13.2,debit,Paycheck,Silver Card
,9/24/2018,Gas Company,155.1,credit,Paycheck,Platinum Card
,9/20/2019,Barbershop,175.83,credit,Home Improvement,Silver Card
,6/14/2018,BP,57.95,credit,Paycheck,Platinum Card
,3/20/2019,Netflix,199.02,debit,Shopping,Silver Card
,11/7/2018,Hardware Store,70.29,credit,Utilities,Platinum Card
,12/6/2018,Hardware Store,32.41,debit,Restaurants,Checking
,4/21/2018,Credit Card Payment,198.83,debit,Home Improvement,Platinum Card
,6/11/2018,Gas Company,25.9,credit,Movies & DVDs,Checking
,7/22/2018,Amazon,169.35,debit,Home Improvement,Silver Card
,12/19/2018,Mexican Restaurant,182.72,debit,Paycheck,Platinum Card
,10/17/2018,Netflix Subscription,117.7,credit,Mobile Phone,Checking
,5/4/2019,Shell,184.12,debit,Music,Platinum Card
,11/9/2018,Internet Service Provider,183.02,credit,Mobile Phone,Platinum Card
,6/25/2018,Brewing Company,90.12,credit,Internet,Platinum Card
,3/25/2018,Shell,55.57,debit,Auto Insurance,Checking
,7/25/2018,Credit Card Payment,173.65,debit,Paycheck,Platinum Card
,8/14/2018,Starbucks Coffee,135.22,credit,Credit Card Payment,Checking
,9/9/2018,Mortgage Payment,145.43,debit,Restaurants,Checking
,3/2/2019,BP,57.52,credit,Shopping,Platinum Card
,8/13/2019,Credit Card Payment,111.14,debit,Credit Card Payment,Checking
,4/2/2019,Phone Company,123.62,credit,Home Improvement,Platinum Card
,3/1/2018,Credit Card Payment,49.31,credit,Shopping,Platinum Card
,4/17/2019,Gas Company,114.99,credit,Utilities,Checking
,8/12/2019,Starbucks,44.02,debit,Credit Card Payment,Checking
,9/6/2019,Credit Card Payment,72.69,debit,Restaurants,Silver Card
,10/17/2018,Netflix Subscription,133.93,credit,Utilities,Silver Card
,3/29/2019,Whole Foods Market,139.34,debit,Television,Checking
,2/21/2019,Home Depot Hardware,101.71,debit,Internet,Silver Card
,7/17/2018,Credit Card Payment,194.11,debit,Home Improvement,Silver Card
,5/7/2018,State Farm,29.28,credit,Utilities,Platinum Card
,11/23/2018,Shell,85.14,credit,Utilities,Silver Card
,8/8/2019,Amazon,99.06,debit,Paycheck,Checking
,11/30/2019,Biweekly Paycheck,127.43,credit,Groceries,Platinum Card
,12/21/2018,Bojangles,11.13,debit,Credit Card Payment,Silver Card
,7/16/2019,TechCorp Salary,168.83,credit,Paycheck,Platinum Card
,7/23/2018,Mexican Restaurant,180.77,debit,Gas & Fuel,Platinum Card
,4/9/2018,BP,83.73,credit,Restaurants,Silver Card
,9/26/2019,Movie Theater,159.87,credit,Utilities,Platinum Card
,10/11/2019,State Farm,163.03,debit,Gas & Fuel,Platinum Card
,8/23/2018,Whole Foods Market,79.85,credit,Paycheck,Platinum Card
,9/24/2018,Credit Card Payment,87.01,credit,Mobile Phone,Checking
,4/5/2019,Pizza Place,83.15,debit,Utilities,Platinum Card
,11/1/2018,Credit Card Payment,98.6,debit,Utilities,Checking
,2/27/2019,Thai Restaurant,3.07,debit,Internet,Platinum Card
,8/23/2018,Shell,143.51,debit,Credit Card Payment,Checking
,2/26/2019,Phone Company,90.48,credit,Utilities,Silver Card
,9/20/2018,Biweekly Paycheck,193.49,debit,Home Improvement,Checking
,6/25/2018,Internet Service Provider,199.33,credit,Utilities,Platinum Card
,2/19/2018,Credit Card Payment,138.36,credit,Groceries,Platinum Card
,7/25/2019,Hardware Store,162.25,credit,Electronics & Software,Platinum Card
,3/11/2018,Amazon,148.48,debit,Internet,Silver Card
,5/12/2018,Credit Card Payment,196.67,debit,Shopping,Checking
,4/20/2018,City Water Charges,107.25,debit,Groceries,Checking
,6/5/2019,Starbucks Coffee,140.5,credit,Internet,Silver Card
,4/5/2018,Starbucks Coffee,111.0,credit,Haircut,Platinum Card
,11/18/2018,Internet Service Provider,183.58,debit,Groceries,Platinum Card
,6/26/2019,Starbucks,10.74,debit,Mortgage & Rent,Platinum Card
,8/17/2019,American Tavern,50.98,credit,Coffee Shops,Checking
,3/25/2018,Credit Card Payment,52.78,debit,Music,Platinum Card
,9/8/2019,BP,132.28,debit,Gas & Fuel,Platinum Card
,4/24/2019,Movie Theater,137.36,credit,Credit Card Payment,Platinum Card
,5/29/2019,Internet Service Provider,193.22,credit,Electronics & Software,Checking
,7/24/2019,Credit Card Payment,6.78,debit,Restaurants,Checking
,7/8/2018,Gas Company,71.94,debit,Gas & Fuel,Platinum Card
,4/4/2019,Greek Restaurant,187.81,debit,Restaurants,Platinum Card
,4/28/2018,Netflix,22.03,credit,Credit Card Payment,Platinum Card
,6/27/2018,State Farm,146.94,debit,Internet,Platinum Card
,6/22/2018,Barbershop,120.7,credit,Paycheck,Platinum Card
,5/8/2019,Amazon,69.71,credit,Internet,Platinum Card
,5/14/2019,Netflix,104.4,debit,Utilities,Checking
,5/8/2018,Credit Card Payment,132.31,debit,Credit Card Payment,Platinum Card
,8/30/2019,City Water Charges,127.38,credit,Credit Card Payment,Checking
,10/18/2018,Credit Card Payment,88.28,credit,Shopping,Checking
,10/12/2019,Roadside Diner,100.09,credit,Groceries,Silver Card
,11/25/2018,Biweekly Paycheck,194.13,debit,Home Improvement,Silver Card
,4/27/2018,Credit Card Payment,99.62,credit,Credit Card Payment,Platinum Card
,8/7/2018,Brunch Restaurant,53.38,credit,Utilities,Platinum Card
,10/16/2019,Gas Company,83.11,debit,Groceries,Checking
,11/22/2018,Netflix,74.71,credit,Paycheck,Checking
,8/21/2018,Wendy's,25.77,debit,Credit Card Payment,Platinum Card
,10/21/2019,City Water Charges,26.01,debit,Groceries,Checking
,12/14/2018,Starbucks,52.99,credit,Shopping,Platinum Card
,6/6/2018,Spotify,7.95,credit,Paycheck,Silver Card
,9/4/2019,Whole Foods Market,118.45,credit,Internet,Silver Card
,11/23/2019,Netflix Subscription,76.3,debit,Groceries,Checking
,11/1/2018,Phone Company,196.19,credit,Shopping,Checking
,9/25/2018,German Restaurant,190.03,debit,Credit Card Payment,Platinum Card
,3/18/2018,Gas Company,182.65,debit,Restaurants,Checking
,12/4/2018,Chick-Fil-A,154.41,debit,Paycheck,Silver Card
,8/29/2019,Whole Foods Market,183.07,credit,Restaurants,Silver Card
,4/27/2018,BP,181.35,debit,Groceries,Platinum Card
,3/14/2019,Brewing Company,59.45,credit,Restaurants,Checking
,12/14/2018,Starbucks,164.93,credit,Mobile Phone,Platinum Card
,5/3/2019,Movie Theater,96.93,credit,Utilities,Silver Card
,1/22/2018,Brunch Restaurant,113.74,credit,Gas & Fuel,Silver Card
,8/24/2019,Credit Card Payment,144.38,debit,Groceries,Silver Card
,5/11/2018,Home Depot Hardware,63.25,debit,Groceries,Platinum Card
,8/21/2018,American Tavern,43.61,credit,Credit Card Payment,Silver Card
,12/10/2018,Biweekly Paycheck,158.1,credit,Groceries,Platinum Card
,4/20/2018,Biweekly Paycheck,161.08,debit,Mobile Phone,Checking
,11/18/2018,Brewing Company,153.22,credit,Groceries,Checking
,7/28/2018,Power Company,85.74,debit,Restaurants,Silver Card
,1/26/2019,Mortgage Payment,98.88,credit,Groceries,Checking
,6/28/2018,Whole Foods Market,171.13,credit,Credit Card Payment,Platinum Card
,3/30/2018,Home Depot Hardware,100.55,debit,Mobile Phone,Silver Card
,11/15/2018,Credit Card Payment,52.09,debit,Groceries,Silver Card
,9/30/2019,Gas Company,25.97,debit,Home Improvement,Checking
,3/17/2019,Credit Card Payment,157.45,debit,Mobile Phone,Platinum Card
,5/29/2018,Credit Card Payment,142.09,debit,Coffee Shops,Platinum Card
,8/19/2019,Credit Card Payment,79.39,credit,Gas & Fuel,Platinum Card
,4/23/2018,Gas Company,141.67,credit,Shopping,Platinum Card
,11/14/2018,Latin Restaurant,21.82,credit,Food & Dining,Silver Card
,12/18/2018,City Water Charges,23.91,debit,Credit Card Payment,Silver Card
,11/11/2018,Whole Foods Market,30.32,debit,Restaurants,Platinum Card
,11/26/2019,Home Depot Hardware,131.01,credit,Credit Card Payment,Silver Card
,8/5/2018,Chevron,14.75,credit,Mortgage & Rent,Silver Card
,8/6/2019,Whole Foods Market,33.83,credit,Paycheck,Platinum Card
,7/21/2018,Brewing Company,134.32,credit,Utilities,Platinum Card
,6/10/2018,Credit Card Payment,94.1,credit,Gas & Fuel,Platinum Card
,12/23/2018,Barbershop,46.58,credit,Restaurants,Platinum Card
,9/23/2019,Power Company,182.19,credit,Alcohol & Bars,Platinum Card
,6/11/2018,Whole Foods Market,168.88,debit,Credit Card Payment,Checking
,8/12/2019,State Farm,120.12,credit,Credit Card Payment,Checking
,6/13/2018,Credit Card Payment,14.69,credit,Groceries,Platinum Card
,10/6/2018,Hardware Store,52.81,credit,Haircut,Checking
,5/23/2019,Netflix Subscription,101.64,debit,Mortgage & Rent,Silver Card
,9/5/2019,Barbershop,199.51,debit,Mobile Phone,Platinum Card
,12/7/2019,Home Depot Hardware,164.45,debit,Utilities,Platinum Card
,5/30/2018,Whole Foods Market,37.01,credit,Utilities,Checking
,7/24/2019,Whole Foods Market,75.28,credit,Credit Card Payment,Platinum Card
,6/21/2018,Spotify,134.31,credit,Restaurants,Platinum Card
,10/15/2018,American Tavern,155.84,debit,Auto Insurance,Silver Card
,6/9/2018,Credit Card Payment,186.76,debit,Groceries,Platinum Card
,11/9/2018,Credit Card Payment,127.63,credit,Haircut,Checking
,3/12/2019,State Farm,166.22,debit,Restaurants,Platinum Card
,10/12/2019,Credit Card Payment,28.52,credit,Paycheck,Checking
,5/3/2018,City Water Charges,8.66,credit,Credit Card Payment,Checking
,8/18/2019,Gas Company,17.37,debit,Shopping,Checking
,10/10/2019,Netflix Subscription,60.09,debit,Entertainment,Platinum Card
,6/23/2018,Credit Card Payment,175.71,credit,Paycheck,Platinum Card
,4/4/2019,Credit Card Payment,156.91,credit,Credit Card Payment,Platinum Card
,7/31/2018,American Tavern,83.03,credit,Auto Insurance,Platinum Card
,4/22/2018,City Water Charges,193.15,credit,Credit Card Payment,Checking
,9/1/2019,Barbershop,88.76,credit,Groceries,Checking
,5/13/2018,American Tavern,191.72,credit,Credit Card Payment,Platinum Card
,8/28/2019,Seafood Restaurant,28.11,credit,Alcohol & Bars,Platinum Card
,8/4/2018,BP,35.94,debit,Restaurants,Platinum Card
,7/21/2018,Phone Company,34.99,credit,Gas & Fuel,Platinum Card
,10/11/2019,Whole Foods Market,59.31,credit,Credit Card Payment,Platinum Card
,7/1/2018,Home Depot Hardware,77.44,credit,Auto Insurance,Silver Card
,6/26/2018,Gas Company,28.76,debit,Paycheck,Platinum Card
,9/15/2019,Internet Service Provider,64.45,debit,Gas & Fuel,Checking
,12/21/2018,Biweekly Paycheck,74.65,credit,Gas & Fuel,Silver Card
,6/20/2018,Spotify,159.15,credit,Shopping,Checking
,5/7/2019,Credit Card Payment,119.26,debit,Credit Card Payment,Platinum Card
,11/16/2019,Amazon,38.09,credit,Mobile Phone,Platinum Card
,7/1/2018,Grocery Store,95.49,debit,Groceries,Checking
,5/25/2018,Credit Card Payment,191.53,debit,Home Improvement,Silver Card
,10/23/2019,Credit Card Payment,190.61,credit,Coffee Shops,Checking
,5/30/2018,Internet Service Provider,78.24,credit,Mobile Phone,Platinum Card
,5/10/2019,Amazon,12.84,debit,Auto Insurance,Platinum Card
,6/4/2019,American Tavern,65.8,debit,Shopping,Checking
,9/18/2018,Gas Company,73.01,debit,Internet,Silver Card
,2/22/2018,City Water Charges,67.68,credit,Groceries,Platinum Card
,5/12/2018,Grocery Store,64.78,credit,Groceries,Silver Card
,7/19/2019,BBQ Restaurant,9.97,debit,Gas & Fuel,Checking
,7/5/2018,Grocery Store,132.12,debit,Electronics & Software,Platinum Card
,11/21/2018,Greek Restaurant,21.56,debit,Electronics & Software,Silver Card
,8/1/2018,Whole Foods Market,138.84,debit,Restaurants,Platinum Card
,10/8/2019,Internet Service Provider,133.24,debit,Credit Card Payment,Platinum Card
,11/20/2018,Spotify,82.67,debit,Groceries,Platinum Card
,9/19/2018,State Farm,118.96,debit,Home Improvement,Silver Card
,6/1/2019,Vietnamese Restaurant,150.28,credit,Shopping,Platinum Card
,4/22/2019,Power Company,103.65,debit,Restaurants,Silver Card
,6/27/2018,Amazon,85.84,debit,Gas & Fuel,Checking
,6/16/2019,Spotify,77.49,debit,Shopping,Platinum Card
,4/18/2019,Spotify,29.74,debit,Music,Checking
,8/26/2018,Greek Restaurant,155.68,credit,Restaurants,Checking
,5/12/2019,Whole Foods Market,23.64,credit,Credit Card Payment,Platinum Card
,2/23/2019,Amazon,126.15,debit,Gas & Fuel,Silver Card
,1/20/2019,Starbucks,166.42,debit,Utilities,Checking
,7/6/2018,Credit Card Payment,29.36,credit,Groceries,Checking
,11/16/2018,Credit Card Payment,165.96,debit,Credit Card Payment,Checking
,10/31/2018,Credit Card Payment,8.42,credit,Auto Insurance,Silver Card
,4/4/2019,Credit Card Payment,73.34,credit,Restaurants,Platinum Card
,10/29/2019,Credit Card Payment,184.39,debit,Coffee Shops,Platinum Card
,6/7/2019,Credit Card Payment,175.54,credit,Paycheck,Platinum Card
,6/21/2018,Latin Restaurant,148.97,credit,Credit Card Payment,Platinum Card
,4/4/2018,BP,106.1,debit,Gas & Fuel,Platinum Card
,1/12/2019,Credit Card Payment,84.7,credit,Alcohol & Bars,Platinum Card
,3/23/2019,Starbucks Coffee,140.08,credit,Groceries,Platinum Card
,12/21/2018,Whole Foods Market,175.42,credit,Shopping,Silver Card
,4/23/2019,Credit Card Payment,21.67,credit,Mobile Phone,Silver Card
,5/12/2018,Netflix,177.19,credit,Shopping,Checking
,4/4/2018,Whole Foods Market,56.71,debit,Utilities,Platinum Card
,6/26/2019,City Water Charges,21.57,credit,Restaurants,Platinum Card
,7/5/2018,Grocery Store,199.82,debit,Shopping,Silver Card
,7/10/2019,TechCorp Salary,90.29,credit,Restaurants,Silver Card
,12/16/2018,Brewing Company,194.46,credit,Groceries,Checking
,11/4/2018,Biweekly Paycheck,116.61,credit,Internet,Silver Card
,9/29/2019,American Tavern,177.46,credit,Gas & Fuel,Checking
,12/5/2018,BP,137.31,credit,Auto Insurance,Platinum Card
,7/25/2019,Whole Foods Market,55.64,debit,Credit Card Payment,Silver Card
,10/28/2019,Credit Card Payment,151.2,debit,Groceries,Platinum Card
,12/31/2018,Home Depot Hardware,110.75,credit,Coffee Shops,Platinum Card
,4/22/2019,American Tavern,98.64,credit,Credit Card Payment,Platinum Card
,1/14/2019,BP,87.87,debit,Home Improvement,Platinum Card
,6/3/2018,Brunch Restaurant,164.22,debit,Credit Card Payment,Silver Card
,7/8/2018,City Water Charges,105.58,debit,Credit Card Payment,Platinum Card
,12/24/2019,City Water Charges,117.14,credit,Gas & Fuel,Silver Card
,9/16/2018,Biweekly Paycheck,151.88,debit,Utilities,Platinum Card
,3/28/2019,Whole Foods Market,43.47,credit,Restaurants,Platinum Card
,6/29/2018,QuikTrip,104.76,credit,Movies & DVDs,Platinum Card
,10/3/2019,Greek Restaurant,130.49,debit,Internet,Platinum Card
,6/14/2018,Barbershop,163.87,debit,Mobile Phone,Platinum Card
,1/25/2019,Shell,121.71,credit,Credit Card Payment,Silver Card
,5/15/2019,Grocery Store,158.14,debit,Credit Card Payment,Checking
,9/15/2018,Credit Card Payment,89.36,credit,Internet,Platinum Card
,3/3/2018,Credit Card Payment,28.19,debit,Groceries,Checking
,11/23/2018,Credit Card Payment,10.3,debit,Credit Card Payment,Checking
,2/10/2019,Shell,108.17,debit,Mortgage & Rent,Checking
,12/30/2018,Brewing Company,144.5,credit,Credit Card Payment,Checking
,11/16/2019,Gas Company,84.9,credit,Music,Checking
,2/16/2018,State Farm,199.92,credit,Movies & DVDs,Checking
,10/26/2018,Phone Company,39.2,credit,Auto Insurance,Checking
,1/28/2019,Mediterranean Restaurant,45.79,credit,Movies & DVDs,Platinum Card
,2/20/2019,Credit Card Payment,140.97,credit,Mortgage & Rent,Checking
,10/6/2018,Credit Card Payment,106.6,credit,Coffee Shops,Platinum Card
,5/25/2018,Credit Card Payment,180.14,debit,Groceries,Checking
,5/21/2018,Starbucks Coffee,92.65,debit,Restaurants,Silver Card
,6/1/2019,Whole Foods Market,167.54,credit,Restaurants,Checking
,2/1/2018,Home Depot Hardware,177.36,credit,Groceries,Silver Card
,12/26/2018,Grocery Store,149.64,debit,Credit Card Payment,Checking
,7/20/2018,Credit Card Payment,167.03,credit,Fast Food,Platinum Card
,11/27/2019,Whole Foods Market,184.68,debit,Movies & DVDs,Platinum Card
,2/12/2018,Barbershop,157.28,debit,Alcohol & Bars,Platinum Card
,6/24/2018,Grocery Store,19.52,credit,Gas & Fuel,Platinum Card
,8/31/2018,Gas Company,116.9,credit,Utilities,Silver Card
,4/25/2018,Grocery Store,15.43,credit,Credit Card Payment,Silver Card
,5/23/2019,Gas Company,148.89,credit,Credit Card Payment,Platinum Card
,9/9/2019,Netflix Subscription,98.25,debit,Credit Card Payment,Platinum Card
,5/14/2019,Credit Card Payment,117.03,credit,Utilities,Platinum Card
,10/13/2019,Credit Card Payment,64.26,debit,Utilities,Platinum Card
,2/9/2019,Whole Foods Market,114.77,credit,Restaurants,Platinum Card
,9/19/2018,Starbucks Coffee,93.27,credit,Mortgage & Rent,Platinum Card
,4/13/2018,Credit Card Payment,35.59,debit,Restaurants,Platinum Card
,6/15/2019,Whole Foods Market,147.94,credit,Groceries,Checking
,10/22/2019,Valero,65.76,debit,Groceries,Checking
,9/1/2019,Whole Foods Market,7.72,credit,Credit Card Payment,Platinum Card
,10/4/2019,Credit Card Payment,128.68,debit,Gas & Fuel,Platinum Card
,10/20/2019,Grocery Store,138.1,credit,Utilities,Silver Card
,5/26/2018,Credit Card Payment,106.31,debit,Movies & DVDs,Platinum Card
,10/2/2019,Credit Card Payment,47.22,credit,Gas & Fuel,Checking
,5/24/2018,BP,71.3,debit,Electronics & Software,Platinum Card
,4/2/2018,Gas Company,23.43,credit,Restaurants,Platinum Card
,6/30/2019,Movie Theater,51.15,credit,Groceries,Platinum Card
,3/17/2018,Gas Company,48.8,debit,Credit Card Payment,Checking
,10/2/2019,Credit Card Payment,178.43,credit,Home Improvement,Platinum Card
,7/23/2018,Amazon,179.69,credit,Home Improvement,Silver Card
,4/10/2018,Credit Card Payment,99.5,credit,Home Improvement,Silver Card
,2/6/2019,Gas Company,113.51,credit,Home Improvement,Checking
,8/30/2019,Pizza Place,180.04,credit,Groceries,Silver Card
,3/23/2018,Gas Company,19.72,debit,Auto Insurance,Platinum Card
,1/6/2019,Gas Company,47.15,debit,Groceries,Platinum Card
,3/19/2019,Movie Theater,128.85,credit,Utilities,Platinum Card
,3/8/2019,American Tavern,126.86,debit,Auto Insurance,Checking
,8/28/2018,Credit Card Payment,68.56,debit,Fast Food,Platinum Card
,12/4/2018,Vietnamese Restaurant,39.08,credit,Credit Card Payment,Silver Card
,7/29/2019,American Tavern,190.81,credit,Restaurants,Checking
,8/14/2019,Amazon,145.27,debit,Groceries,Platinum Card
,9/18/2019,Spotify,128.94,debit,Fast Food,Silver Card
,11/2/2018,Credit Card Payment,44.84,debit,Groceries,Platinum Card
,8/27/2019,TechCorp Salary,126.4,credit,Haircut,Silver Card
,2/15/2018,TechCorp Salary,9.09,debit,Home Improvement,Platinum Card
,9/21/2018,Movie Theater,158.42,debit,Home Improvement,Checking
,9/23/2019,Credit Card Payment,120.62,debit,Fast Food,Checking
,1/8/2019,Barbershop,188.98,debit,Groceries,Platinum Card
,11/12/2018,Home Depot Hardware,45.85,debit,Restaurants,Platinum Card
,5/21/2018,Grocery Store,110.78,credit,Restaurants,Platinum Card
,9/6/2019,Whole Foods Market,140.96,credit,Credit Card Payment,Platinum Card
,6/28/2018,Biweekly Paycheck,96.43,credit,Restaurants,Silver Card
,7/20/2018,State Farm,14.91,credit,Shopping,Platinum Card
,9/1/2019,Grocery Store,110.3,debit,Shopping,Platinum Card
,10/15/2018,Netflix Subscription,43.45,credit,Shopping,Platinum Card
,1/31/2019,Whole Foods Market,92.22,debit,Credit Card Payment,Platinum Card
,7/21/2018,American Tavern,147.64,credit,Groceries,Silver Card
,11/14/2018,Home Depot Hardware,112.75,debit,Movies & DVDs,Platinum Card
,12/5/2018,Biweekly Paycheck,59.28,debit,Electronics & Software,Checking
,11/16/2019,Italian Restaurant,144.12,credit,Credit Card Payment,Checking
,5/20/2019,QuikTrip,58.48,debit,Credit Card Payment,Platinum Card
,1/26/2019,Whole Foods Market,75.3,credit,Shopping,Platinum Card
,8/23/2019,Movie Theater,21.51,debit,Home Improvement,Checking
,6/2/2018,Greek Restaurant,186.88,credit,Groceries,Silver Card
,3/14/2019,Credit Card Payment,61.07,credit,Gas & Fuel,Platinum Card
,12/21/2018,Gas Company,141.99,credit,Utilities,Checking
,9/13/2019,Netflix Subscription,141.7,debit,Groceries,Silver Card
,1/15/2019,Brunch Restaurant,41.55,debit,Restaurants,Checking
,2/11/2019,Movie Theater,8.32,debit,Credit Card Payment,Platinum Card
,1/18/2019,Amazon,179.88,debit,Mobile Phone,Platinum Card
,11/13/2019,Shell,140.92,credit,Shopping,Checking
,6/11/2019,Movie Theater,52.13,debit,Restaurants,Checking
,11/10/2019,Starbucks Coffee,155.09,credit,Credit Card Payment,Platinum Card
,4/19/2019,Internet Service Provider,143.33,credit,Home Improvement,Checking
,2/24/2019,Brunch Restaurant,62.43,debit,Restaurants,Silver Card
,11/5/2019,Starbucks Coffee,40.65,credit,Utilities,Platinum Card
,7/27/2019,Whole Foods Market,165.44,debit,Auto Insurance,Checking
,4/12/2019,State Farm,111.26,debit,Auto Insurance,Platinum Card
,5/21/2019,Phone Company,194.93,debit,Home Improvement,Checking
,4/11/2018,Shell,148.54,debit,Shopping,Checking
,3/10/2019,Brewing Company,77.57,credit,Utilities,Silver Card
,9/27/2019,Shell,117.95,credit,Credit Card Payment,Checking
,5/2/2018,Amazon,95.83,credit,Restaurants,Checking
,11/5/2018,Whole Foods Market,14.18,debit,Mortgage & Rent,Platinum Card
,6/24/2018,Starbucks Coffee,170.91,credit,Paycheck,Platinum Card
,7/25/2018,Grocery Store,79.68,credit,Shopping,Checking
,4/7/2018,Starbucks Coffee,74.54,credit,Groceries,Platinum Card
,8/16/2019,Chick-Fil-A,75.2,debit,Shopping,Platinum Card
,4/13/2019,Grocery Store,96.84,credit,Groceries,Platinum Card
,3/22/2019,Gas Company,7.61,credit,Restaurants,Checking
,7/13/2019,Hardware Store,159.93,debit,Credit Card Payment,Platinum Card
,5/8/2019,Whole Foods Market,37.14,credit,Alcohol & Bars,Platinum Card
,2/5/2018,Netflix,125.09,debit,Auto Insurance,Silver Card
,6/28/2018,Mediterranean Restaurant,133.11,debit,Credit Card Payment,Platinum Card
,1/22/2019,Chick-Fil-A,64.19,credit,Utilities,Platinum Card
,11/5/2018,Amazon,140.26,credit,Groceries,Silver Card
,11/1/2018,Credit Card Payment,90.63,credit,Fast Food,Platinum Card
,6/16/2018,Home Depot Hardware,142.87,credit,Internet,Platinum Card
,3/7/2019,Phone Company,173.97,credit,Credit Card Payment,Checking
,10/30/2018,Fancy Restaurant,2.1,debit,Movies & DVDs,Platinum Card
,5/10/2018,Brewing Company,29.63,debit,Paycheck,Platinum Card
,11/6/2019,Whole Foods Market,69.5,debit,Shopping,Platinum Card
,10/29/2019,QuikTrip,59.15,debit,Mortgage & Rent,Platinum Card
,1/16/2019,Internet Service Provider,93.62,debit,Utilities,Platinum Card
,4/21/2019,City Water Charges,60.0,credit,Gas & Fuel,Platinum Card
,6/3/2019,Phone Company,113.56,credit,Groceries,Checking
,9/7/2018,Credit Card Payment,97.06,debit,Restaurants,Silver Card
,4/14/2019,Roadside Diner,182.69,credit,Credit Card Payment,Silver Card
,4/19/2018,TechCorp Salary,93.65,debit,Credit Card Payment,Checking
,6/29/2018,Brunch Restaurant,23.23,debit,Home Improvement,Checking
,5/28/2018,Internet Service Provider,165.22,debit,Movies & DVDs,Platinum Card
,12/12/2018,City Water Charges,5.08,credit,Utilities,Platinum Card
,4/10/2018,American Tavern,193.84,debit,Mortgage & Rent,Checking
,6/24/2018,State Farm,126.23,debit,Credit Card Payment,Checking
,11/1/2018,Amazon,8.64,debit,Home Improvement,Platinum Card
,3/5/2019,City Water Charges,17.28,debit,Home Improvement,Silver Card
,6/21/2018,Whole Foods Market,42.6,debit,Credit Card Payment,Silver Card
,3/15/2019,Credit Card Payment,127.09,credit,Restaurants,Silver Card
,8/19/2018,Thai Restaurant,33.11,debit,Gas & Fuel,Platinum Card
,7/19/2019,Amazon,138.76,credit,Paycheck,Checking
,7/5/2018,Mediterranean Restaurant,75.56,credit,Shopping,Platinum Card
,5/16/2018,Brewing Company,139.71,credit,Alcohol & Bars,Platinum Card
,9/6/2019,Internet Service Provider,64.5,credit,Utilities,Platinum Card
,6/16/2018,Credit Card Payment,97.3,credit,Music,Platinum Card
,8/21/2019,Credit Card Payment,36.22,credit,Groceries,Platinum Card
,5/4/2018,Credit Card Payment,133.11,debit,Auto Insurance,Platinum Card
,7/8/2018,Credit Card Payment,30.24,debit,Shopping,Platinum Card
,12/21/2018,Phone Company,102.14,debit,Coffee Shops,Platinum Card
,4/5/2018,Grocery Store,182.57,debit,Utilities,Platinum Card
,10/26/2019,Grocery Store,127.51,debit,Gas & Fuel,Checking
,8/25/2019,Home Depot Hardware,21.69,debit,Credit Card Payment,Checking
,7/20/2018,Mortgage Payment,103.85,credit,Restaurants,Checking
,5/29/2019,American Tavern,108.1,credit,Coffee Shops,Platinum Card
,9/19/2019,Whole Foods Market,30.21,debit,Alcohol & Bars,Checking
,5/5/2018,Gas Company,87.89,credit,Auto Insurance,Checking
,2/21/2018,Starbucks Coffee,60.42,debit,Restaurants,Silver Card
,8/12/2018,Belgian Restaurant,124.57,credit,Auto Insurance,Silver Card
,4/21/2018,Power Company,29.64,debit,Home Improvement,Platinum Card
,2/3/2018,Amazon,169.24,debit,Coffee Shops,Silver Card
,10/19/2019,Netflix Subscription,44.1,credit,Paycheck,Checking
,9/20/2019,Gas Company,27.36,debit,Auto Insurance,Silver Card
,2/16/2018,State Farm,141.18,credit,Gas & Fuel,Silver Card
,7/23/2019,Liquor Store,19.3,debit,Shopping,Checking
,6/25/2018,Credit Card Payment,122.29,debit,Coffee Shops,Checking
,7/26/2018,City Water Charges,39.73,credit,Groceries,Checking
,9/12/2019,Amazon,154.75,debit,Music,Checking
,9/9/2018,Power Company,86.08,credit,Mortgage & Rent,Checking
,1/25/2019,Brunch Restaurant,143.35,credit,Credit Card Payment,Checking
,7/19/2018,Seafood Restaurant,132.78,debit,Restaurants,Platinum Card
,12/7/2018,Credit Card Payment,162.81,credit,Restaurants,Checking
,8/2/2019,Biweekly Paycheck,40.23,debit,Mobile Phone,Checking
,1/20/2019,Brewing Company,160.62,credit,Groceries,Platinum Card
,9/30/2018,Netflix Subscription,71.33,credit,Credit Card Payment,Checking
,9/12/2019,Gas Company,104.4,credit,Credit Card Payment,Checking
,9/15/2018,Roadside Diner,121.21,credit,Internet,Silver Card
,6/26/2019,Credit Card Payment,39.37,debit,Auto Insurance,Checking
,10/29/2018,Brewing Company,36.28,credit,Movies & DVDs,Checking
,4/27/2019,Barbershop,181.6,credit,Utilities,Platinum Card
,5/30/2018,Whole Foods Market,199.96,debit,Utilities,Silver Card
,10/17/2019,Fancy Restaurant,39.42,debit,Groceries,Checking
,11/3/2019,American Tavern,130.35,credit,Utilities,Silver Card
,7/21/2019,Credit Card Payment,39.06,credit,Alcohol & Bars,Silver Card
,8/28/2019,City Water Charges,184.99,credit,Utilities,Silver Card
,7/29/2019,Internet Service Provider,157.95,credit,Shopping,Checking
,4/5/2018,Phone Company,64.02,credit,Restaurants,Checking
,8/22/2019,Credit Card Payment,178.13,credit,Fast Food,Platinum Card
,2/27/2019,Whole Foods Market,187.3,credit,Utilities,Platinum Card
,11/20/2018,Power Company,73.07,debit,Auto Insurance,Platinum Card
,12/21/2018,Starbucks,54.01,debit,Groceries,Checking
,11/20/2018,Starbucks,191.55,debit,Auto Insurance,Checking
,8/29/2018,Credit Card Payment,131.8,credit,Alcohol & Bars,Checking
,2/3/2019,Credit Card Payment,141.56,debit,Gas & Fuel,Platinum Card
,7/3/2019,State Farm,10.12,debit,Restaurants,Checking
,4/27/2018,American Tavern,98.5,credit,Credit Card Payment,Platinum Card
,7/14/2019,BP,184.58,credit,Groceries,Checking
,6/1/2018,Credit Card Payment,150.0,credit,Music,Platinum Card
,2/22/2018,Amazon,180.12,debit,Shopping,Platinum Card
,10/9/2018,Credit Card Payment,97.83,credit,Internet,Silver Card
,2/1/2018,Whole Foods Market,168.13,debit,Utilities,Platinum Card
,11/27/2018,Credit Card Payment,164.49,credit,Restaurants,Platinum Card
,7/22/2018,Valero,30.87,debit,Groceries,Silver Card
,8/10/2019,Netflix Subscription,121.26,credit,Paycheck,Checking
,4/2/2019,Amazon,84.2,credit,Groceries,Platinum Card
,3/23/2019,Spotify,168.06,debit,Home Improvement,Platinum Card
,1/16/2019,Credit Card Payment,91.43,debit,Mobile Phone,Platinum Card
,9/7/2018,State Farm,127.94,credit,Gas & Fuel,Platinum Card
,6/9/2018,Chick-Fil-A,168.42,credit,Gas & Fuel,Platinum Card
,11/17/2019,Whole Foods Market,182.37,credit,Credit Card Payment,Platinum Card
,5/4/2018,TechCorp Salary,181.77,debit,Utilities,Silver Card
,10/7/2018,Spotify,156.07,credit,Fast Food,Checking
,8/2/2018,Internet Service Provider,167.68,debit,Groceries,Silver Card
,11/29/2018,Grocery Store,38.29,credit,Groceries,Platinum Card
,4/26/2018,Credit Card Payment,172.43,debit,Paycheck,Silver Card
,10/7/2019,Brewing Company,26.23,credit,Credit Card Payment,Platinum Card
,5/22/2018,Amazon,128.47,credit,Utilities,Platinum Card
,7/22/2019,Barbershop,144.77,credit,Coffee Shops,Platinum Card
,12/4/2018,Netflix Subscription,139.44,credit,Gas & Fuel,Silver Card
,12/14/2019,BP,50.73,credit,Paycheck,Platinum Card
,10/26/2019,State Farm,2.86,credit,Gas & Fuel,Platinum Card
,7/26/2019,QuikTrip,94.0,debit,Utilities,Platinum Card
,7/28/2019,Home Depot Hardware,171.84,debit,Credit Card Payment,Platinum Card
,7/7/2018,Netflix,57.28,debit,Utilities,Silver Card
,5/19/2019,Credit Card Payment,49.05,debit,Coffee Shops,Silver Card
,4/11/2019,Netflix Subscription,175.96,debit,Movies & DVDs,Silver Card
,8/12/2018,Biweekly Paycheck,137.91,debit,Restaurants,Silver Card
,8/30/2019,Brewing Company,11.13,debit,Restaurants,Platinum Card
,8/19/2018,Power Company,188.73,debit,Shopping,Platinum Card
,6/5/2019,Brunch Restaurant,24.67,credit,Shopping,Checking
,8/29/2019,Amazon,145.88,debit,Shopping,Platinum Card
,4/13/2019,Latin Restaurant,189.24,credit,Home Improvement,Platinum Card
,8/4/2018,Hardware Store,28.31,credit,Utilities,Checking
,10/29/2019,Hardware Store,112.97,debit,Home Improvement,Platinum Card
,1/28/2019,Phone Company,127.56,debit,Restaurants,Platinum Card
,9/20/2019,Credit Card Payment,57.71,debit,Credit Card Payment,Silver Card
,9/6/2019,Grocery Store,29.16,debit,Shopping,Checking
,10/25/2018,Credit Card Payment,51.25,credit,Utilities,Checking
,4/16/2018,Best Buy,183.1,credit,Auto Insurance,Platinum Card
,3/13/2018,Power Company,107.52,credit,Shopping,Checking
,1/17/2019,Seafood Restaurant,24.28,debit,Restaurants,Checking
,3/18/2018,Brewing Company,77.49,debit,Alcohol & Bars,Silver Card
,7/25/2018,Brewing Company,60.59,debit,Groceries,Platinum Card
,10/4/2018,American Tavern,87.85,debit,Groceries,Platinum Card
,10/24/2018,Whole Foods Market,108.66,debit,Paycheck,Checking
,9/18/2019,Brewing Company,67.44,credit,Restaurants,Checking
,11/13/2018,Credit Card Payment,10.08,credit,Shopping,Platinum Card
,8/5/2018,American Tavern,178.72,debit,Credit Card Payment,Silver Card
,8/27/2018,Whole Foods Market,194.65,debit,Movies & DVDs,Platinum Card
,9/15/2019,Credit Card Payment,14.44,credit,Fast Food,Platinum Card
,11/23/2018,Starbucks,32.09,debit,Shopping,Silver Card
,5/7/2019,Hardware Store,17.98,credit,Credit Card Payment,Silver Card
,11/19/2018,Amazon,30.54,debit,Movies & DVDs,Platinum Card
,8/25/2019,Internet Service Provider,98.38,credit,Internet,Platinum Card
,4/11/2019,Shell,161.08,debit,Restaurants,Checking
,2/26/2019,Credit Card Payment,67.56,credit,Utilities,Silver Card
,8/16/2019,Credit Card Payment,31.79,credit,Utilities,Checking
,7/3/2018,Gas Company,168.27,debit,Gas & Fuel,Platinum Card
,10/29/2018,Internet Service Provider,61.25,credit,Home Improvement,Platinum Card
,8/25/2018,Whole Foods Market,30.35,debit,Paycheck,Checking
,4/17/2018,Credit Card Payment,28.96,credit,Shopping,Checking
,6/19/2019,City Water Charges,60.77,credit,Restaurants,Silver Card
,10/11/2018,Brewing Company,39.83,credit,Credit Card Payment,Checking
,3/18/2019,Brunch Restaurant,190.37,credit,Restaurants,Platinum Card
,4/12/2018,Home Depot Hardware,45.82,credit,Groceries,Platinum Card
,12/7/2018,BP,102.13,debit,Utilities,Checking
,10/19/2018,Whole Foods Market,193.66,credit,Paycheck,Checking
,12/24/2018,Brewing Company,168.54,debit,Utilities,Checking
,4/22/2018,Wendy's,160.31,credit,Alcohol & Bars,Platinum Card
,3/5/2019,Spotify,26.74,credit,Credit Card Payment,Platinum Card
,10/28/2018,QuikTrip,185.37,credit,Home Improvement,Checking
,7/5/2018,Pizza Place,46.68,credit,Haircut,Silver Card
,11/7/2019,Credit Card Payment,119.69,debit,Auto Insurance,Silver Card
,4/14/2019,City Water Charges,20.02,credit,Utilities,Platinum Card
,10/23/2018,Greek Restaurant,2.68,credit,Coffee Shops,Platinum Card
,5/24/2019,Credit Card Payment,184.84,debit,Auto Insurance,Platinum Card
,10/2/2018,Brewing Company,49.71,debit,Utilities,Platinum Card
,9/21/2018,BP,76.19,credit,Groceries,Silver Card
,9/29/2019,Gas Company,21.09,credit,Paycheck,Platinum Card
,5/18/2019,Shell,136.88,credit,Credit Card Payment,Silver Card
,10/28/2018,Credit Card Payment,86.4,credit,Credit Card Payment,Checking
,12/16/2018,Mediterranean Restaurant,37.11,debit,Gas & Fuel,Platinum Card
,1/2/2019,Phone Company,113.3,credit,Utilities,Platinum Card
,1/31/2019,Credit Card Payment,15.29,credit,Groceries,Platinum Card
,12/29/2018,Credit Card Payment,169.22,debit,Restaurants,Platinum Card
,3/6/2018,Gas Company,27.73,debit,Shopping,Checking
,8/13/2019,Thai Restaurant,187.68,debit,Groceries,Checking
,7/16/2018,Amazon,98.19,debit,Restaurants,Platinum Card
,3/5/2018,Gas Company,97.8,debit,Credit Card Payment,Platinum Card
,8/27/2018,Credit Card Payment,162.51,debit,Electronics & Software,Platinum Card
,8/11/2018,Phone Company,41.51,debit,Groceries,Silver Card
,4/21/2018,Credit Card Payment,130.95,credit,Utilities,Platinum Card
,12/1/2018,Spotify,57.12,debit,Auto Insurance,Checking
,7/4/2019,QuikTrip,168.14,debit,Paycheck,Platinum Card
,1/13/2019,City Water Charges,195.68,credit,Electronics & Software,Platinum Card
,9/10/2019,Brewing Company,142.95,debit,Utilities,Checking
,8/22/2019,Credit Card Payment,12.71,credit,Home Improvement,Platinum Card
,8/3/2018,American Tavern,48.13,credit,Mortgage & Rent,Platinum Card
,6/4/2019,Thai Restaurant,48.62,credit,Groceries,Silver Card
,8/3/2018,Chick-Fil-A,175.31,credit,Mobile Phone,Platinum Card
,11/6/2018,Whole Foods Market,105.1,credit,Paycheck,Silver Card
,5/11/2018,Gas Company,19.55,credit,Groceries,Checking
,5/27/2019,Spotify,6.12,debit,Credit Card Payment,Checking
,1/8/2019,Chick-Fil-A,108.6,debit,Credit Card Payment,Platinum Card
,6/26/2019,State Farm,4.88,credit,Credit Card Payment,Platinum Card
,6/10/2019,Amazon,64.67,credit,Internet,Silver Card
,4/22/2019,Internet Service Provider,170.51,debit,Utilities,Checking
,5/10/2019,Brewing Company,125.56,credit,Gas & Fuel,Checking
,10/11/2019,Grocery Store,150.73,credit,Restaurants,Checking
,1/4/2019,TechCorp Salary,180.2,credit,Groceries,Platinum Card
,5/24/2019,Spotify,175.5,credit,Credit Card Payment,Platinum Card
,9/17/2019,Whole Foods Market,44.55,credit,Credit Card Payment,Platinum Card
,4/14/2019,Credit Card Payment,17.23,debit,Coffee Shops,Silver Card
,5/27/2018,Whole Foods Market,104.28,credit,Fast Food,Platinum Card
,9/17/2018,Grocery Store,165.08,credit,Restaurants,Silver Card
,1/12/2020,Bakery Place,97.75,debit,Paycheck,Platinum Card
,7/23/2019,Credit Card Payment,13.64,debit,Home Improvement,Checking
,3/26/2018,Brewing Company,3.05,credit,Paycheck,Platinum Card
,6/9/2019,Brewing Company,133.44,debit,Mobile Phone,Checking
,8/7/2019,Shell,178.43,debit,Fast Food,Silver Card
,6/27/2018,Biweekly Paycheck,124.81,credit,Shopping,Checking
,4/21/2019,BP,86.33,credit,Shopping,Platinum Card
,8/14/2018,Gas Company,178.51,credit,Paycheck,Platinum Card
,8/21/2018,Grocery Store,84.24,credit,Home Improvement,Platinum Card
,8/8/2018,Amazon,110.15,debit,Credit Card Payment,Platinum Card
,1/16/2019,State Farm,45.13,credit,Mortgage & Rent,Silver Card
,10/9/2018,Credit Card Payment,75.78,debit,Gas & Fuel,Platinum Card
,1/13/2019,Whole Foods Market,24.75,debit,Shopping,Silver Card
,5/13/2019,Power Company,84.85,debit,Home Improvement,Platinum Card
,10/4/2018,Biweekly Paycheck,7.63,debit,Mortgage & Rent,Silver Card
,5/27/2018,Thai Restaurant,108.91,debit,Coffee Shops,Silver Card
,9/3/2018,Credit Card Payment,126.72,credit,Shopping,Platinum Card
,8/17/2019,City Water Charges,131.87,debit,Paycheck,Platinum Card
,3/13/2018,American Tavern,9.75,debit,Internet,Silver Card
,12/12/2018,Credit Card Payment,134.0,credit,Coffee Shops,Platinum Card
,3/20/2018,Amazon,167.86,debit,Groceries,Silver Card
,4/12/2018,Phone Company,9.81,debit,Mobile Phone,Platinum Card
,3/12/2018,Starbucks,134.03,credit,Alcohol & Bars,Silver Card
,3/16/2018,Grocery Store,40.68,debit,Gas & Fuel,Checking
,4/22/2018,Credit Card Payment,96.11,debit,Paycheck,Platinum Card
,9/11/2019,Starbucks Coffee,90.32,debit,Shopping,Platinum Card
,6/24/2018,Whole Foods Market,89.69,credit,Groceries,Platinum Card
,8/30/2019,Whole Foods Market,60.82,debit,Paycheck,Silver Card
,10/11/2019,Thai Restaurant,110.93,debit,Haircut,Platinum Card
,12/4/2019,Gas Company,160.83,debit,Credit Card Payment,Platinum Card
,11/15/2018,Internet Service Provider,18.04,credit,Coffee Shops,Silver Card
,7/4/2019,Bakery Place,89.46,debit,Groceries,Platinum Card
,11/8/2018,Amazon,182.46,credit,Fast Food,Platinum Card
,8/1/2019,Biweekly Paycheck,138.06,credit,Credit Card Payment,Checking
,9/4/2018,Whole Foods Market,171.22,credit,Shopping,Platinum Card
,1/1/2019,Credit Card Payment,72.0,debit,Haircut,Platinum Card
,1/9/2019,Spotify,22.29,credit,Home Improvement,Silver Card
,10/3/2019,Barbershop,111.04,credit,Shopping,Platinum Card
,10/26/2018,Gas Company,81.28,debit,Home Improvement,Platinum Card
,11/24/2018,TechCorp Salary,89.43,credit,Credit Card Payment,Platinum Card
,9/4/2019,BP,8.68,debit,Shopping,Platinum Card
,6/15/2018,BP,34.63,debit,Shopping,Platinum Card
,5/1/2018,Credit Card Payment,196.39,credit,Shopping,Platinum Card
,10/8/2018,Gas Company,184.54,credit,Groceries,Checking
,9/13/2019,Hardware Store,19.77,debit,Shopping,Silver Card
,1/30/2018,Spotify,14.91,debit,Credit Card Payment,Platinum Card
,5/3/2018,BBQ Restaurant,143.76,credit,Shopping,Platinum Card
,3/26/2019,Credit Card Payment,66.14,credit,Groceries,Checking
,9/13/2019,Whole Foods Market,161.6,debit,Restaurants,Platinum Card
,5/24/2018,BP,126.34,debit,Shopping,Platinum Card
,9/23/2018,QuikTrip,102.99,debit,Restaurants,Checking
,4/4/2019,Grocery Store,140.18,debit,Credit Card Payment,Platinum Card
,5/18/2019,Mediterranean Restaurant,157.42,credit,Restaurants,Platinum Card
,2/5/2019,Credit Card Payment,137.37,debit,Coffee Shops,Checking
,11/24/2018,Credit Card Payment,30.4,credit,Internet,Platinum Card
,10/18/2018,Whole Foods Market,129.14,debit,Utilities,Silver Card
,5/8/2019,Home Depot Hardware,166.22,credit,Utilities,Platinum Card
,6/20/2019,Whole Foods Market,82.68,debit,Music,Checking
,9/24/2018,American Tavern,13.1,debit,Paycheck,Platinum Card
,5/5/2018,QuikTrip,98.59,credit,Shopping,Checking
,1/13/2019,Starbucks,81.4,credit,Coffee Shops,Silver Card
,9/25/2019,Power Company,114.01,credit,Internet,Platinum Card
,4/4/2019,TechCorp Salary,70.05,credit,Restaurants,Checking
,9/12/2018,Home Depot Hardware,190.89,debit,Restaurants,Platinum Card
,5/30/2019,Hardware Store,80.18,credit,Restaurants,Platinum Card
,3/27/2018,Brewing Company,42.12,credit,Credit Card Payment,Silver Card
,2/16/2018,Phone Company,112.38,credit,Credit Card Payment,Platinum Card
,4/22/2019,TechCorp Salary,120.44,debit,Auto Insurance,Platinum Card
,3/31/2019,Shell,187.09,credit,Auto Insurance,Silver Card
,3/21/2018,Credit Card Payment,35.44,debit,Haircut,Checking
,10/30/2018,Barbershop,114.65,credit,Gas & Fuel,Platinum Card
,10/17/2019,Phone Company,37.58,debit,Mobile Phone,Checking
,5/26/2019,City Water Charges,24.87,debit,Coffee Shops,Checking
,7/25/2018,State Farm,187.37,debit,Coffee Shops,Platinum Card
,12/5/2018,Amazon,32.67,credit,Gas & Fuel,Platinum Card
,11/25/2018,Amazon,86.45,debit,Credit Card Payment,Checking
,11/9/2018,Internet Service Provider,178.63,debit,Utilities,Checking
,8/25/2018,BP,195.43,credit,Home Improvement,Platinum Card
,1/29/2019,Phone Company,174.62,debit,Auto Insurance,Checking
,9/19/2019,Amazon,18.58,credit,Credit Card Payment,Checking
,1/22/2019,Amazon,108.15,credit,Gas & Fuel,Checking
,3/12/2018,Biweekly Paycheck,135.06,credit,Credit Card Payment,Checking
,10/20/2019,Credit Card Payment,34.28,credit,Groceries,Silver Card
,6/28/2018,Starbucks Coffee,137.58,debit,Restaurants,Checking
,1/28/2018,TechCorp Salary,63.4,credit,Home Improvement,Platinum Card
,6/16/2018,Credit Card Payment,193.88,credit,Coffee Shops,Platinum Card
,8/24/2019,TechCorp Salary,102.97,debit,Groceries,Silver Card
,4/27/2019,Home Depot Hardware,5.14,debit,Groceries,Platinum Card
,1/25/2019,Internet Service Provider,138.84,credit,Home Improvement,Platinum Card
,8/7/2018,Barbershop,57.59,debit,Credit Card Payment,Checking
,6/9/2019,Greek Restaurant,46.21,debit,Groceries,Platinum Card
,12/14/2018,Pizza Place,78.78,credit,Restaurants,Platinum Card
,7/16/2019,Chick-Fil-A,193.34,debit,Internet,Checking
,11/10/2018,BP,106.73,debit,Utilities,Platinum Card
,1/4/2019,Home Depot Hardware,40.66,credit,Credit Card Payment,Checking
,2/8/2019,Credit Card Payment,175.56,credit,Groceries,Platinum Card
,8/14/2019,Whole Foods Market,73.85,debit,Gas & Fuel,Checking
,5/31/2018,Shell,18.39,credit,Credit Card Payment,Silver Card
,11/22/2018,Blue Sky Market,193.25,credit,Utilities,Platinum Card
,12/11/2018,Amazon,78.8,debit,Shopping,Platinum Card
,9/17/2018,Biweekly Paycheck,23.77,debit,Coffee Shops,Silver Card
,9/7/2018,Netflix Subscription,131.74,credit,Haircut,Platinum Card
,1/4/2019,Amazon,84.03,debit,Credit Card Payment,Platinum Card
,4/16/2019,Gas Company,3.44,debit,Restaurants,Platinum Card
,7/16/2018,Credit Card Payment,57.37,debit,Home Improvement,Platinum Card
,8/3/2018,Credit Card Payment,176.75,debit,Utilities,Checking
,12/16/2018,Credit Card Payment,4.98,credit,Credit Card Payment,Silver Card
,9/13/2018,Brewing Company,28.78,credit,Gas & Fuel,Silver Card
,8/25/2018,Whole Foods Market,7.64,debit,Internet,Checking
,5/7/2018,Credit Card Payment,158.36,debit,Shopping,Platinum Card
,8/21/2018,Starbucks Coffee,49.36,debit,Shopping,Checking
,6/17/2018,Phone Company,87.76,credit,Gas & Fuel,Silver Card
,4/16/2019,Amazon,76.69,debit,Credit Card Payment,Silver Card
,5/3/2019,Brewing Company,158.14,credit,Gas & Fuel,Silver Card
,7/2/2018,Power Company,9.87,debit,Auto Insurance,Checking
,11/6/2018,Starbucks,60.74,credit,Home Improvement,Checking
,10/30/2019,Credit Card Payment,149.9,credit,Television,Checking
,7/23/2019,Credit Card Payment,96.36,credit,Restaurants,Checking
,5/12/2018,Grocery Store,24.41,credit,Restaurants,Checking
,5/24/2018,Credit Card Payment,60.42,debit,Groceries,Silver Card
,5/7/2019,Credit Card Payment,87.44,debit,Paycheck,Platinum Card
,9/26/2019,Internet Service Provider,86.76,debit,Groceries,Platinum Card
,12/20/2019,Roadside Diner,197.89,debit,Groceries,Platinum Card
,7/12/2019,Credit Card Payment,146.21,debit,Paycheck,Platinum Card
,4/14/2018,State Farm,53.84,debit,Credit Card Payment,Platinum Card
,6/25/2018,TechCorp Salary,101.6,credit,Auto Insurance,Silver Card
,1/13/2019,City Water Charges,150.96,debit,Credit Card Payment,Platinum Card
,10/8/2019,QuikTrip,127.82,credit,Haircut,Platinum Card
,4/18/2019,Grocery Store,91.36,credit,Credit Card Payment,Platinum Card
,1/24/2019,Barbershop,64.12,credit,Groceries,Platinum Card
,4/8/2019,Brunch Restaurant,186.81,debit,Music,Silver Card
,10/17/2019,American Tavern,36.12,debit,Credit Card Payment,Platinum Card
,7/10/2018,Internet Service Provider,15.64,debit,Credit Card Payment,Checking
,7/28/2018,Seafood Restaurant,14.78,credit,Restaurants,Platinum Card
,6/7/2019,Whole Foods Market,10.77,credit,Restaurants,Platinum Card
,6/1/2019,Starbucks Coffee,2.92,debit,Paycheck,Checking
,9/7/2019,Grocery Store,132.45,credit,Restaurants,Checking
,8/31/2018,Amazon,168.6,debit,Credit Card Payment,Silver Card
,6/13/2018,Credit Card Payment,143.84,credit,Credit Card Payment,Silver Card
,4/28/2019,Credit Card Payment,184.12,credit,Groceries,Checking
,3/29/2018,Starbucks Coffee,124.12,debit,Auto Insurance,Platinum Card
,2/1/2019,Brewing Company,138.08,debit,Credit Card Payment,Checking
,3/29/2018,Gas Company,139.89,debit,Credit Card Payment,Silver Card
,2/11/2019,Grocery Store,169.7,debit,Groceries,Checking
,5/23/2019,Credit Card Payment,183.31,debit,Gas & Fuel,Checking
,2/27/2019,Grocery Store,38.55,debit,Paycheck,Silver Card
,8/12/2019,Phone Company,157.23,debit,Groceries,Silver Card
,8/12/2018,Gas Company,191.83,credit,Paycheck,Platinum Card
,4/24/2018,Hardware Store,143.73,credit,Shopping,Platinum Card
,10/16/2018,Netflix,133.81,debit,Restaurants,Checking
,4/11/2019,Whole Foods Market,2.25,credit,Shopping,Silver Card
,3/30/2018,Barbershop,76.85,credit,Groceries,Checking
,10/19/2018,American Tavern,3.93,credit,Utilities,Silver Card
,11/17/2018,Phone Company,83.13,debit,Electronics & Software,Silver Card
,11/6/2018,Movie Theater,124.33,credit,Internet,Silver Card
,7/9/2018,Home Depot Hardware,133.24,credit,Electronics & Software,Checking
,9/7/2019,Starbucks,97.84,debit,Shopping,Silver Card
,10/24/2018,Whole Foods Market,124.65,credit,Restaurants,Checking
,1/8/2019,Shell,126.35,debit,Utilities,Platinum Card
,10/23/2019,Biweekly Paycheck,120.51,debit,Entertainment,Platinum Card
,5/6/2019,State Farm,105.54,credit,Credit Card Payment,Platinum Card
,6/2/2019,Barbershop,72.58,debit,Credit Card Payment,Platinum Card
,7/26/2018,Thai Restaurant,104.38,credit,Groceries,Checking
,4/24/2019,Internet Service Provider,131.88,credit,Utilities,Platinum Card
,5/5/2019,Starbucks,17.27,debit,Restaurants,Checking
,12/6/2019,Credit Card Payment,121.6,debit,Groceries,Checking
,7/23/2018,Phone Company,3.97,credit,Groceries,Platinum Card
,7/3/2018,Grocery Store,11.01,credit,Internet,Silver Card
,5/31/2018,Grocery Store,186.3,debit,Credit Card Payment,Platinum Card
,5/9/2019,Netflix Subscription,11.85,debit,Shopping,Checking
,6/3/2018,Grocery Store,25.98,debit,Credit Card Payment,Platinum Card
,4/27/2019,Credit Card Payment,63.14,debit,Paycheck,Silver Card
,4/8/2018,Amazon,15.7,credit,Gas & Fuel,Platinum Card
,5/29/2018,Brunch Restaurant,157.55,debit,Shopping,Platinum Card
,8/3/2018,State Farm,107.6,debit,Auto Insurance,Platinum Card
,3/1/2019,Grocery Store,141.29,credit,Restaurants,Silver Card
,1/14/2019,Mortgage Payment,131.81,debit,Restaurants,Silver Card
,6/29/2018,Amazon,196.51,credit,Utilities,Platinum Card
,11/6/2018,Credit Card Payment,39.43,credit,Groceries,Platinum Card
,4/22/2019,Credit Card Payment,94.49,credit,Mobile Phone,Platinum Card
,4/23/2019,Gas Company,53.07,credit,Shopping,Platinum Card
,7/8/2018,Brewing Company,47.66,debit,Shopping,Silver Card
,5/6/2018,Home Depot Hardware,157.11,credit,Alcohol & Bars,Checking
,3/16/2019,Target,11.64,credit,Utilities,Checking
,7/6/2019,Phone Company,10.56,debit,Credit Card Payment,Platinum Card
,1/4/2019,Home Depot Hardware,16.9,debit,Credit Card Payment,Platinum Card
,10/28/2019,Belgian Restaurant,198.39,debit,Paycheck,Platinum Card
,11/11/2018,Roadside Diner,12.75,debit,Utilities,Checking
,9/15/2019,Credit Card Payment,3.34,debit,Credit Card Payment,Checking
,3/17/2018,Whole Foods Market,59.37,credit,Restaurants,Platinum Card
,5/31/2018,Amazon,79.72,credit,Credit Card Payment,Platinum Card
,8/10/2018,Amazon,144.06,debit,Gas & Fuel,Platinum Card
,5/11/2019,Starbucks,180.12,credit,Restaurants,Platinum Card
,9/10/2019,Home Depot Hardware,96.48,debit,Groceries,Platinum Card
,5/27/2018,Whole Foods Market,70.07,debit,Credit Card Payment,Platinum Card
,9/6/2018,Credit Card Payment,189.64,credit,Restaurants,Silver Card
,9/29/2018,Brewing Company,132.99,credit,Coffee Shops,Checking
,7/31/2018,Gas Company,172.48,credit,Restaurants,Checking
,4/21/2019,American Tavern,186.58,debit,Internet,Checking
,11/12/2018,Biweekly Paycheck,74.44,debit,Mortgage & Rent,Silver Card
,6/10/2018,Whole Foods Market,15.43,credit,Credit Card Payment,Platinum Card
,10/5/2019,Credit Card Payment,148.77,credit,Fast Food,Platinum Card
,4/23/2018,Mortgage Payment,36.72,credit,Shopping,Platinum Card
,9/16/2018,Barbershop,127.47,debit,Groceries,Platinum Card
,8/12/2019,Whole Foods Market,113.73,debit,Credit Card Payment,Checking
,9/4/2019,Spotify,179.2,credit,Groceries,Checking
,5/2/2019,Internet Service Provider,137.46,credit,Restaurants,Checking
,11/27/2019,Grocery Store,147.51,debit,Groceries,Platinum Card
,10/8/2019,Amazon,138.13,debit,Mortgage & Rent,Platinum Card
,9/19/2018,Whole Foods Market,134.38,debit,Electronics & Software,Checking
,10/15/2019,Roadside Diner,27.89,debit,Credit Card Payment,Platinum Card
,8/21/2019,TechCorp Salary,82.82,debit,Credit Card Payment,Silver Card
,9/28/2019,Circle K,130.98,debit,Groceries,Silver Card
,3/16/2019,Whole Foods Market,104.35,debit,Credit Card Payment,Platinum Card
,6/9/2018,Movie Theater,132.13,debit,Coffee Shops,Platinum Card
,3/30/2018,Credit Card Payment,25.79,debit,Groceries,Checking
,4/29/2019,Grocery Store,59.5,debit,Credit Card Payment,Platinum Card
,7/6/2019,Gas Company,169.12,debit,Groceries,Platinum Card
,6/30/2019,Phone Company,39.76,credit,Groceries,Checking
,4/5/2018,American Tavern,25.7,debit,Paycheck,Checking
,10/6/2019,BP,100.22,credit,Restaurants,Platinum Card
,6/26/2019,Best Buy,155.36,credit,Groceries,Checking
,1/17/2019,Whole Foods Market,175.36,debit,Mortgage & Rent,Platinum Card
,4/8/2019,Whole Foods Market,174.15,debit,Shopping,Checking
,8/2/2019,Grocery Store,11.48,credit,Restaurants,Platinum Card
,6/14/2018,Shell,34.81,debit,Gas & Fuel,Platinum Card
,9/16/2019,Phone Company,153.99,debit,Groceries,Checking
,6/16/2019,Amazon,73.9,credit,Credit Card Payment,Silver Card
,8/30/2019,Japanese Restaurant,169.19,credit,Home Improvement,Platinum Card
,2/24/2018,Greek Restaurant,49.63,credit,Credit Card Payment,Checking
,5/4/2018,Hardware Store,55.86,credit,Haircut,Platinum Card
,9/1/2019,Biweekly Paycheck,124.62,debit,Credit Card Payment,Silver Card
,1/13/2018,Sushi Restaurant,138.5,credit,Utilities,Platinum Card
,5/17/2019,Biweekly Paycheck,160.45,debit,Shopping,Silver Card
,11/9/2018,Shell,170.59,credit,Auto Insurance,Checking
,1/4/2019,Netflix,79.77,debit,Credit Card Payment,Silver Card
,3/17/2018,City Water Charges,40.61,debit,Paycheck,Silver Card
,4/25/2019,Credit Card Payment,62.34,credit,Movies & DVDs,Platinum Card
,4/9/2018,Amazon,44.37,debit,Restaurants,Platinum Card
,6/10/2019,Netflix,14.31,debit,Utilities,Checking
,7/3/2018,Netflix Subscription,38.91,credit,Coffee Shops,Platinum Card
,12/14/2018,Phone Company,21.64,credit,Credit Card Payment,Platinum Card
,9/30/2018,Brunch Restaurant,86.69,credit,Alcohol & Bars,Checking
,7/13/2019,Whole Foods Market,167.85,debit,Restaurants,Platinum Card
,1/21/2019,Starbucks,182.4,credit,Home Improvement,Checking
,5/4/2019,Gas Company,7.93,credit,Music,Platinum Card
,6/1/2019,Whole Foods Market,173.82,credit,Restaurants,Platinum Card
,12/4/2018,Whole Foods Market,141.04,credit,Shopping,Checking
,2/7/2019,Brewing Company,103.05,debit,Restaurants,Silver Card
,5/26/2018,Credit Card Payment,137.44,debit,Credit Card Payment,Platinum Card
,3/20/2019,Spotify,178.29,debit,Coffee Shops,Silver Card
,11/2/2018,Power Company,77.77,credit,Groceries,Silver Card
,12/16/2018,Credit Card Payment,159.77,credit,Paycheck,Platinum Card
,7/25/2018,American Tavern,148.43,debit,Paycheck,Platinum Card
,5/21/2018,Starbucks,18.71,debit,Credit Card Payment,Silver Card
,7/25/2018,Netflix Subscription,166.25,credit,Alcohol & Bars,Checking
,8/17/2018,BP,159.85,credit,Coffee Shops,Platinum Card
,7/23/2019,Credit Card Payment,134.83,credit,Internet,Platinum Card
,10/1/2019,QuikTrip,68.75,debit,Alcohol & Bars,Silver Card
,2/20/2019,Credit Card Payment,161.3,debit,Haircut,Platinum Card
,7/6/2019,Grocery Store,131.83,debit,Movies & DVDs,Checking
,3/19/2019,Amazon,66.1,credit,Restaurants,Checking
,5/22/2018,Gas Company,132.63,debit,Restaurants,Silver Card
,5/31/2019,Credit Card Payment,105.18,debit,Television,Platinum Card
,11/22/2019,Credit Card Payment,198.79,credit,Home Improvement,Silver Card
,8/30/2018,Whole Foods Market,125.94,debit,Groceries,Silver Card
,4/22/2019,Grocery Store,193.74,credit,Restaurants,Platinum Card
,8/25/2018,Credit Card Payment,121.55,debit,Fast Food,Platinum Card
,7/30/2018,American Tavern,10.48,debit,Restaurants,Silver Card
,5/3/2018,Phone Company,86.4,debit,Mortgage & Rent,Platinum Card
,8/17/2019,Brewing Company,158.75,debit,Groceries,Checking
,9/29/2018,Whole Foods Market,79.67,debit,Music,Platinum Card
,6/15/2019,Credit Card Payment,14.84,credit,Utilities,Checking
,2/14/2019,Credit Card Payment,184.4,debit,Movies & DVDs,Silver Card
,4/14/2018,Hardware Store,63.66,credit,Credit Card Payment,Platinum Card
,9/6/2018,Internet Service Provider,57.67,debit,Groceries,Checking
,10/13/2019,Movie Theater,120.82,debit,Restaurants,Platinum Card
,5/12/2018,BP,20.16,debit,Groceries,Silver Card
,6/4/2018,City Water Charges,184.98,debit,Restaurants,Checking
,4/28/2019,Grocery Store,82.04,credit,Restaurants,Platinum Card
,1/9/2019,Grocery Store,192.17,credit,Credit Card Payment,Silver Card
,2/12/2019,Amazon,168.17,credit,Utilities,Platinum Card
,8/8/2019,Credit Card Payment,197.52,credit,Credit Card Payment,Silver Card
,10/18/2019,Whole Foods Market,152.28,debit,Mortgage & Rent,Checking
,8/15/2019,Whole Foods Market,61.66,debit,Credit Card Payment,Platinum Card
,9/4/2018,City Water Charges,34.4,credit,Coffee Shops,Silver Card
,8/4/2019,Whole Foods Market,14.93,debit,Shopping,Silver Card
,2/5/2018,Starbucks,180.52,credit,Shopping,Platinum Card
,1/5/2019,Amazon,18.98,credit,Home Improvement,Checking
,7/29/2018,Brunch Restaurant,122.66,debit,Groceries,Checking
,4/1/2018,Credit Card Payment,41.99,debit,Shopping,Platinum Card
,6/21/2019,TechCorp Salary,192.53,debit,Shopping,Checking
,8/15/2019,Credit Card Payment,89.37,debit,Utilities,Platinum Card
,5/5/2019,Biweekly Paycheck,192.12,credit,Restaurants,Platinum Card
,11/15/2018,TechCorp Salary,150.42,credit,Groceries,Platinum Card
,1/13/2019,Greek Restaurant,156.44,debit,Groceries,Checking
,9/16/2018,Credit Card Payment,140.24,credit,Alcohol & Bars,Platinum Card
,5/2/2018,American Tavern,131.51,credit,Mortgage & Rent,Silver Card
,12/9/2018,Whole Foods Market,11.92,debit,Groceries,Silver Card
,11/16/2018,Grocery Store,28.35,debit,Mobile Phone,Platinum Card
,9/5/2018,Credit Card Payment,197.53,debit,Paycheck,Platinum Card
,12/23/2018,Amazon,73.44,credit,Groceries,Platinum Card
,4/21/2019,Credit Card Payment,169.2,credit,Paycheck,Platinum Card
,10/23/2018,Credit Card Payment,102.46,debit,Credit Card Payment,Platinum Card
,5/15/2018,Biweekly Paycheck,195.48,debit,Music,Platinum Card
,6/26/2019,Amazon,86.31,credit,Gas & Fuel,Silver Card
,3/8/2019,BP,14.94,credit,Mortgage & Rent,Platinum Card
,11/22/2018,Bakery Place,59.14,debit,Restaurants,Platinum Card
,1/29/2018,Spotify,114.24,debit,Shopping,Platinum Card
,6/12/2018,Mike's Construction Co.,36.95,credit,Restaurants,Silver Card
,6/26/2019,City Water Charges,81.2,debit,Alcohol & Bars,Platinum Card
,6/16/2018,Grocery Store,34.36,debit,Alcohol & Bars,Platinum Card
,8/29/2018,Amazon,162.8,debit,Movies & DVDs,Checking
,10/25/2018,TechCorp Salary,106.4,credit,Coffee Shops,Silver Card
,11/19/2018,TechCorp Salary,93.88,debit,Groceries,Checking
,5/31/2018,Food Truck,99.01,debit,Credit Card Payment,Platinum Card
,2/24/2019,Shell,161.14,credit,Alcohol & Bars,Checking
,1/14/2019,Internet Service Provider,113.79,credit,Paycheck,Platinum Card
,7/30/2018,Power Company,142.17,credit,Food & Dining,Silver Card
,8/16/2018,Brewing Company,176.03,credit,Utilities,Platinum Card
,6/8/2019,Whole Foods Market,88.93,credit,Shopping,Platinum Card
,8/27/2018,Brewing Company,136.93,credit,Coffee Shops,Checking
,12/4/2018,Grocery Store,147.23,debit,Restaurants,Checking
,5/9/2019,Internet Service Provider,152.57,credit,Restaurants,Silver Card
,12/5/2018,Credit Card Payment,3.06,debit,Coffee Shops,Platinum Card
,11/11/2019,Starbucks Coffee,119.82,debit,Credit Card Payment,Checking
,8/20/2018,Amazon,115.88,credit,Credit Card Payment,Platinum Card
,8/26/2018,Internet Service Provider,84.76,credit,Utilities,Silver Card
,8/8/2018,Whole Foods Market,139.0,credit,Shopping,Platinum Card
,10/14/2019,Home Depot Hardware,132.07,credit,Home Improvement,Platinum Card
,10/2/2018,Credit Card Payment,171.86,credit,Groceries,Silver Card
,7/19/2018,Power Company,137.17,credit,Auto Insurance,Silver Card
,8/19/2018,Starbucks Coffee,190.75,credit,Home Improvement,Platinum Card
,1/19/2018,Amazon Video,197.39,credit,Paycheck,Silver Card
,7/6/2018,Thai Restaurant,23.67,credit,Utilities,Platinum Card
,10/11/2018,Credit Card Payment,23.46,credit,Utilities,Platinum Card
,7/22/2018,Brewing Company,65.84,debit,Credit Card Payment,Platinum Card
,9/10/2018,Movie Theater,152.35,credit,Credit Card Payment,Checking
,1/23/2019,QuikTrip,124.41,credit,Credit Card Payment,Silver Card
,1/5/2019,Whole Foods Market,143.84,debit,Home Improvement,Checking
,9/16/2019,Biweekly Paycheck,109.78,credit,Credit Card Payment,Checking
,9/4/2018,Whole Foods Market,197.64,credit,Groceries,Platinum Card
,3/20/2018,Phone Company,138.73,credit,Groceries,Silver Card
,3/16/2019,Hardware Store,48.96,credit,Gas & Fuel,Silver Card
,2/6/2018,Grocery Store,112.46,credit,Gas & Fuel,Checking
,9/13/2018,Phone Company,135.74,debit,Utilities,Checking
,8/3/2018,New York Deli,16.19,debit,Credit Card Payment,Platinum Card
,9/9/2019,Biweekly Paycheck,195.35,debit,Paycheck,Checking
,11/3/2018,Power Company,5.93,credit,Internet,Platinum Card
,1/23/2019,Shell,36.26,debit,Auto Insurance,Platinum Card
,6/21/2018,Grocery Store,77.38,debit,Fast Food,Silver Card
,3/13/2019,Brewing Company,127.39,debit,Television,Platinum Card
,9/25/2019,Food Truck,106.96,debit,Gas & Fuel,Platinum Card
,7/25/2019,Hardware Store,79.59,credit,Utilities,Platinum Card
,6/4/2018,Starbucks,84.96,debit,Movies & DVDs,Platinum Card
,3/25/2018,Brunch Restaurant,11.2,debit,Credit Card Payment,Silver Card
,1/17/2019,Spotify,82.78,debit,Internet,Silver Card
,7/1/2019,Brewing Company,111.43,debit,Groceries,Platinum Card
,11/5/2019,Internet Service Provider,28.15,debit,Groceries,Silver Card
,2/13/2018,Brewing Company,19.66,debit,Restaurants,Checking
,12/14/2018,State Farm,96.92,debit,Shopping,Platinum Card
,8/21/2018,Whole Foods Market,86.72,debit,Groceries,Checking
,7/1/2019,Hardware Store,56.64,debit,Shopping,Platinum Card
,9/12/2019,State Farm,48.18,credit,Internet,Platinum Card
,3/10/2018,Credit Card Payment,149.28,credit,Home Improvement,Platinum Card
,8/3/2019,Whole Foods Market,51.25,credit,Credit Card Payment,Silver Card
,12/4/2018,State Farm,42.18,credit,Groceries,Platinum Card
,6/29/2018,BP,172.39,debit,Restaurants,Silver Card
,11/2/2019,Whole Foods Market,4.49,credit,Coffee Shops,Checking
,6/20/2018,TechCorp Salary,128.28,credit,Gas & Fuel,Checking
,12/29/2018,Spotify,130.28,credit,Coffee Shops,Platinum Card
,1/6/2019,Gas Company,9.38,debit,Auto Insurance,Platinum Card
,4/17/2018,Whole Foods Market,14.51,debit,Credit Card Payment,Platinum Card
,3/21/2018,American Tavern,36.45,debit,Shopping,Silver Card
,8/29/2018,Starbucks Coffee,40.97,credit,Shopping,Silver Card
,4/18/2018,Grocery Store,179.91,credit,Home Improvement,Checking
,9/17/2018,Starbucks Coffee,8.04,credit,Groceries,Platinum Card
,9/9/2019,Gas Company,194.88,credit,Restaurants,Silver Card
,1/9/2019,Whole Foods Market,25.08,debit,Mortgage & Rent,Platinum Card
,6/27/2018,Gas Company,114.66,debit,Music,Checking
,10/25/2019,Roadside Diner,34.04,debit,Credit Card Payment,Platinum Card
,12/26/2018,Credit Card Payment,43.18,debit,Gas & Fuel,Silver Card
,8/9/2019,Amazon,94.08,debit,Groceries,Platinum Card
,1/14/2019,TechCorp Salary,182.09,debit,Groceries,Platinum Card
,10/28/2018,Valero,147.85,credit,Auto Insurance,Platinum Card
,6/6/2019,Amazon,7.95,debit,Utilities,Checking
,7/9/2018,Whole Foods Market,180.37,debit,Internet,Checking
,1/30/2018,City Water Charges,159.02,debit,Credit Card Payment,Silver Card
,5/13/2018,Power Company,67.72,debit,Utilities,Silver Card
,5/9/2018,Starbucks,183.81,credit,Groceries,Checking
,9/23/2019,Grocery Store,34.66,credit,Gas & Fuel,Platinum Card
,3/26/2019,American Tavern,95.83,credit,Gas & Fuel,Platinum Card
,12/14/2018,Pizza Place,104.82,credit,Groceries,Platinum Card
,1/14/2020,Credit Card Payment,166.4,debit,Mortgage & Rent,Platinum Card
,6/17/2018,Mortgage Payment,179.91,credit,Mortgage & Rent,Checking
,6/10/2019,Credit Card Payment,41.98,credit,Groceries,Platinum Card
,2/3/2019,Whole Foods Market,42.15,debit,Groceries,Platinum Card
,12/3/2018,BP,48.71,credit,Gas & Fuel,Silver Card
,7/17/2018,Credit Card Payment,129.94,debit,Paycheck,Platinum Card
,6/19/2019,Grocery Store,165.88,credit,Utilities,Platinum Card
,1/6/2019,Whole Foods Market,154.19,debit,Movies & DVDs,Platinum Card
,10/12/2019,Grocery Store,160.61,credit,Home Improvement,Silver Card
,5/18/2018,BP,112.18,debit,Groceries,Platinum Card
,2/1/2019,TechCorp Salary,181.36,credit,Music,Platinum Card
,2/12/2019,Gas Company,30.54,credit,Shopping,Checking
,4/18/2018,Grocery Store,143.4,debit,Groceries,Checking
,9/19/2018,Grocery Store,86.44,debit,Credit Card Payment,Silver Card
,9/5/2019,QuikTrip,81.5,debit,Groceries,Platinum Card
,3/26/2018,Credit Card Payment,71.25,debit,Home Improvement,Checking
,3/23/2018,Credit Card Payment,6.62,credit,Music,Checking
,11/7/2018,Whole Foods Market,45.14,credit,Paycheck,Platinum Card
,5/19/2019,Credit Card Payment,42.46,credit,Television,Platinum Card
,1/13/2019,Grocery Store,70.86,credit,Shopping,Platinum Card
,11/6/2019,New York Deli,80.61,debit,Internet,Silver Card
,2/3/2019,Gas Company,27.94,debit,Credit Card Payment,Platinum Card
,10/27/2018,City Water Charges,86.69,debit,Gas & Fuel,Platinum Card
,11/4/2019,Spotify,183.0,credit,Credit Card Payment,Silver Card
,10/11/2018,TechCorp Salary,174.16,credit,Groceries,Checking
,8/13/2019,Mike's Construction Co.,183.89,credit,Groceries,Silver Card
,10/13/2019,Credit Card Payment,123.16,debit,Credit Card Payment,Platinum Card
,2/21/2019,Phone Company,80.24,debit,Paycheck,Checking
,5/2/2018,Credit Card Payment,73.66,debit,Credit Card Payment,Checking
,8/27/2018,Grocery Store,126.44,credit,Credit Card Payment,Platinum Card
,6/7/2018,Brewing Company,169.1,credit,Utilities,Checking
,6/16/2018,Credit Card Payment,198.53,debit,Fast Food,Checking
,12/26/2018,Credit Card Payment,186.34,debit,Shopping,Platinum Card
,10/5/2018,Target,128.0,credit,Credit Card Payment,Platinum Card
,12/1/2018,TechCorp Salary,111.7,credit,Haircut,Silver Card
,4/27/2018,Credit Card Payment,115.49,credit,Home Improvement,Checking
,7/2/2019,Credit Card Payment,177.63,debit,Credit Card Payment,Silver Card
,6/15/2019,Roadside Diner,126.75,debit,Utilities,Checking
,10/2/2018,Netflix,126.45,debit,Haircut,Silver Card
,6/26/2018,Phone Company,124.56,credit,Movies & DVDs,Silver Card
,1/27/2019,Brewing Company,34.77,credit,Groceries,Silver Card
,8/19/2018,Credit Card Payment,137.37,credit,Utilities,Checking
,7/12/2019,Credit Card Payment,89.63,credit,Restaurants,Silver Card
,3/19/2018,State Farm,9.4,credit,Gas & Fuel,Checking
,8/18/2019,Credit Card Payment,38.76,debit,Restaurants,Silver Card
,10/8/2018,Whole Foods Market,180.75,credit,Shopping,Silver Card
,12/23/2018,Blue Sky Market,7.12,debit,Shopping,Checking
,10/25/2019,Barbershop,163.26,credit,Utilities,Platinum Card
,11/21/2018,State Farm,129.48,credit,Gas & Fuel,Silver Card
,10/16/2019,Home Depot Hardware,6.67,debit,Gas & Fuel,Platinum Card
,8/6/2018,QuikTrip,168.85,credit,Alcohol & Bars,Platinum Card
,7/24/2019,Netflix,109.2,credit,Utilities,Checking
,3/15/2019,Credit Card Payment,70.07,debit,Coffee Shops,Platinum Card
,6/6/2018,Pizza Place,166.06,debit,Shopping,Platinum Card
,5/9/2018,Amazon,101.12,credit,Restaurants,Checking
,8/29/2019,Movie Theater,22.02,credit,Gas & Fuel,Checking
,12/2/2018,Whole Foods Market,75.82,credit,Credit Card Payment,Checking
,2/9/2019,Brewing Company,99.23,credit,Utilities,Checking
,1/26/2019,Netflix Subscription,102.75,credit,Restaurants,Platinum Card
,7/13/2019,Brewing Company,96.74,credit,Utilities,Platinum Card
,9/25/2019,BP,116.95,credit,Utilities,Platinum Card
,4/2/2018,Spotify,49.34,credit,Internet,Checking
,7/28/2018,BBQ Restaurant,45.47,credit,Groceries,Checking
,1/17/2018,American Tavern,32.41,debit,Shopping,Platinum Card
,7/8/2019,Amazon,87.38,credit,Auto Insurance,Platinum Card
,6/9/2018,Credit Card Payment,169.24,credit,Electronics & Software,Checking
,1/29/2019,TechCorp Salary,2.57,credit,Alcohol & Bars,Silver Card
,7/26/2018,Credit Card Payment,120.9,credit,Restaurants,Platinum Card
,8/25/2018,Grocery Store,147.22,debit,Credit Card Payment,Platinum Card
,12/13/2018,Internet Service Provider,54.47,debit,Credit Card Payment,Checking
,9/28/2019,Spotify,165.08,credit,Credit Card Payment,Platinum Card
,11/7/2019,QuikTrip,51.8,credit,Mortgage & Rent,Platinum Card
,2/17/2018,Whole Foods Market,97.44,credit,Utilities,Checking
,7/22/2019,Gas Company,173.29,credit,Music,Platinum Card
,6/22/2018,Grocery Store,158.84,debit,Movies & DVDs,Checking
,9/24/2019,TechCorp Salary,87.66,debit,Music,Platinum Card
,9/23/2019,Hardware Store,2.82,debit,Utilities,Checking
,7/1/2018,Starbucks,20.06,credit,Groceries,Checking
,7/31/2018,Power Company,141.47,credit,Movies & DVDs,Platinum Card
,12/26/2018,Internet Service Provider,84.42,debit,Utilities,Silver Card
,1/18/2019,Grocery Store,149.09,debit,Internet,Silver Card
,9/13/2019,Thai Restaurant,105.88,credit,Credit Card Payment,Checking
,2/27/2018,Amazon,144.27,credit,Utilities,Silver Card
,10/15/2019,Spotify,100.12,debit,Credit Card Payment,Platinum Card
,3/4/2019,QuikTrip,103.09,debit,Fast Food,Silver Card
,11/25/2018,Barbershop,92.49,credit,Credit Card Payment,Checking
,5/7/2019,Hardware Store,127.62,credit,Groceries,Silver Card
,5/9/2018,Movie Theater,136.36,debit,Paycheck,Checking
,9/30/2018,TechCorp Salary,130.21,credit,Credit Card Payment,Platinum Card
,6/25/2018,Greek Restaurant,76.31,debit,Movies & DVDs,Platinum Card
,3/1/2019,Power Company,4.18,credit,Music,Checking
,4/22/2018,Chick-Fil-A,70.51,credit,Utilities,Platinum Card
,4/25/2019,Amazon,146.84,credit,Shopping,Platinum Card
,12/23/2018,City Water Charges,76.88,credit,Paycheck,Platinum Card
,9/23/2019,Internet Service Provider,119.77,credit,Alcohol & Bars,Platinum Card
,9/28/2018,City Water Charges,2.79,credit,Credit Card Payment,Checking
,7/10/2019,Amazon,149.78,credit,Credit Card Payment,Checking
,4/29/2018,Thai Restaurant,6.29,credit,Utilities,Platinum Card
,9/22/2018,Credit Card Payment,10.4,credit,Restaurants,Platinum Card
,9/8/2018,Seafood Restaurant,182.88,credit,Gas & Fuel,Silver Card
,6/6/2018,Phone Company,24.75,debit,Gas & Fuel,Silver Card
,9/30/2019,Netflix,172.14,credit,Gas & Fuel,Checking
,9/28/2019,Credit Card Payment,17.69,debit,Coffee Shops,Checking
,12/24/2018,Amazon,66.81,credit,Home Improvement,Silver Card
,9/22/2019,Power Company,98.36,credit,Internet,Checking
,1/12/2019,Amazon,34.4,credit,Internet,Silver Card
,12/30/2018,Credit Card Payment,108.55,debit,Mortgage & Rent,Platinum Card
,9/25/2018,Credit Card Payment,34.8,credit,Paycheck,Platinum Card
,4/29/2018,Amazon,120.05,debit,Music,Platinum Card
,11/17/2018,Roadside Diner,45.27,credit,Coffee Shops,Silver Card
,5/11/2019,Starbucks Coffee,151.78,credit,Restaurants,Checking
,6/5/2018,Starbucks,1.71,credit,Credit Card Payment,Platinum Card
,7/10/2019,New York Deli,155.66,credit,Coffee Shops,Checking
,6/25/2018,Power Company,71.54,credit,Haircut,Platinum Card
,6/17/2018,Starbucks Coffee,129.8,debit,Paycheck,Platinum Card
,1/1/2019,State Farm,104.25,credit,Credit Card Payment,Checking
,4/22/2018,Brewing Company,125.47,debit,Movies & DVDs,Silver Card
,1/27/2019,Whole Foods Market,157.43,debit,Groceries,Silver Card
,3/15/2018,Amazon,191.91,debit,Shopping,Checking
,3/28/2018,Whole Foods Market,70.79,credit,Utilities,Silver Card
,9/3/2019,Shell,155.72,debit,Credit Card Payment,Platinum Card
,7/24/2018,Credit Card Payment,112.78,debit,Internet,Checking
,8/29/2019,Wendy's,17.4,credit,Home Improvement,Silver Card
,8/18/2019,American Tavern,68.63,debit,Paycheck,Checking
,3/24/2018,Amazon,122.65,credit,Music,Platinum Card
,7/31/2018,Biweekly Paycheck,136.77,debit,Credit Card Payment,Platinum Card
,3/11/2018,Grocery Store,95.85,credit,Television,Silver Card
,11/15/2019,Bakery Place,40.1,debit,Paycheck,Platinum Card
,8/2/2018,TechCorp Salary,69.05,credit,Television,Platinum Card
,6/28/2018,Amazon,17.15,credit,Credit Card Payment,Silver Card
,9/9/2019,Netflix,135.14,credit,Utilities,Checking
,7/28/2019,TechCorp Salary,143.04,credit,Restaurants,Checking
,7/8/2019,Netflix Subscription,7.85,credit,Haircut,Checking
,1/12/2019,Credit Card Payment,68.35,debit,Shopping,Checking
,5/12/2019,Credit Card Payment,177.09,debit,Restaurants,Silver Card
,4/25/2018,Valero,140.09,credit,Utilities,Silver Card
,11/5/2019,Grocery Store,67.01,debit,Internet,Silver Card
,9/10/2019,Grocery Store,124.09,credit,Utilities,Silver Card
,6/22/2019,Whole Foods Market,124.93,debit,Home Improvement,Platinum Card
,10/6/2018,QuikTrip,59.09,credit,Restaurants,Checking
,2/3/2019,Credit Card Payment,164.29,credit,Credit Card Payment,Silver Card
,7/6/2019,Whole Foods Market,8.87,credit,Auto Insurance,Checking
,11/24/2018,Shell,38.78,debit,Internet,Checking
,1/8/2019,Bojangles,125.89,debit,Credit Card Payment,Platinum Card
,12/13/2018,Shell,68.02,debit,Paycheck,Silver Card
,9/28/2018,Thai Restaurant,150.52,debit,Credit Card Payment,Silver Card
,9/7/2019,Power Company,173.14,credit,Coffee Shops,Platinum Card
,10/9/2018,Gas Company,114.93,debit,Groceries,Platinum Card
,2/27/2019,Credit Card Payment,150.48,credit,Credit Card Payment,Platinum Card
,10/7/2018,State Farm,41.97,credit,Credit Card Payment,Silver Card
,10/2/2018,Amazon,49.84,debit,Electronics & Software,Platinum Card
,4/30/2019,Internet Service Provider,78.49,credit,Gas & Fuel,Silver Card
,1/23/2018,Mortgage Payment,163.69,credit,Restaurants,Checking
,7/19/2018,Whole Foods Market,186.85,credit,Groceries,Checking
,9/2/2018,TechCorp Salary,175.26,credit,Internet,Platinum Card
,5/26/2018,Grocery Store,115.49,debit,Home Improvement,Checking
,1/31/2019,American Tavern,39.88,credit,Utilities,Checking
,6/11/2018,Credit Card Payment,173.75,credit,Credit Card Payment,Platinum Card
,1/1/2019,TechCorp Salary,158.68,credit,Auto Insurance,Platinum Card
,4/23/2018,Whole Foods Market,122.72,debit,Mobile Phone,Platinum Card
,5/12/2018,TechCorp Salary,158.37,debit,Mortgage & Rent,Silver Card
,1/8/2019,Mortgage Payment,35.15,credit,Music,Checking
,5/20/2018,Gas Company,64.91,debit,Restaurants,Checking
,6/15/2019,Grocery Store,181.91,debit,Gas & Fuel,Checking
,8/30/2019,Credit Card Payment,185.52,debit,Home Improvement,Platinum Card
,4/13/2019,Credit Card Payment,72.77,debit,Credit Card Payment,Silver Card
,4/3/2019,Credit Card Payment,109.35,credit,Credit Card Payment,Silver Card
,10/30/2019,State Farm,12.63,credit,Home Improvement,Silver Card
,10/19/2018,Shell,39.1,debit,Internet,Platinum Card
,5/19/2018,Mortgage Payment,165.35,debit,Paycheck,Silver Card
,12/24/2018,Grocery Store,90.24,credit,Credit Card Payment,Checking
,8/11/2019,Brewing Company,126.0,debit,Home Improvement,Checking
,9/10/2019,American Tavern,73.96,debit,Restaurants,Silver Card
,7/24/2019,Biweekly Paycheck,136.21,credit,Auto Insurance,Platinum Card
,9/25/2019,Whole Foods Market,45.89,credit,Auto Insurance,Platinum Card
,10/12/2018,Credit Card Payment,113.6,debit,Coffee Shops,Checking
,9/15/2019,Whole Foods Market,76.69,credit,Utilities,Silver Card
,2/9/2019,Phone Company,148.98,credit,Restaurants,Platinum Card
,3/6/2018,QuikTrip,13.12,credit,Restaurants,Platinum Card
,6/7/2019,Greek Restaurant,124.65,debit,Electronics & Software,Platinum Card
,11/11/2018,Whole Foods Market,110.33,debit,Haircut,Platinum Card
,4/25/2019,Power Company,36.1,debit,Paycheck,Silver Card
,8/1/2018,Starbucks Coffee,123.15,credit,Credit Card Payment,Platinum Card
,5/1/2018,Grocery Store,16.98,credit,Auto Insurance,Checking
,11/23/2018,Credit Card Payment,9.68,credit,Utilities,Silver Card
,7/18/2019,Phone Company,85.14,credit,Credit Card Payment,Checking
,11/29/2018,Internet Service Provider,44.9,credit,Credit Card Payment,Silver Card
,1/8/2019,Credit Card Payment,64.19,credit,Shopping,Platinum Card
,7/24/2019,Grocery Store,19.95,debit,Credit Card Payment,Platinum Card
,3/1/2019,Power Company,187.65,debit,Groceries,Silver Card
,1/16/2018,Internet Service Provider,105.64,credit,Groceries,Platinum Card
,2/21/2019,City Water Charges,172.44,credit,Paycheck,Silver Card
,9/22/2019,Barbershop,158.59,credit,Credit Card Payment,Checking
,9/7/2019,Movie Theater,199.97,credit,Groceries,Checking
,12/8/2018,Internet Service Provider,150.83,debit,Home Improvement,Silver Card
,11/14/2018,Grocery Store,157.56,credit,Restaurants,Platinum Card
,7/7/2019,Pizza Place,181.48,credit,Shopping,Checking
,12/22/2018,Credit Card Payment,182.2,credit,Haircut,Platinum Card
,9/17/2018,Netflix,53.26,credit,Groceries,Checking
,9/27/2018,Netflix,36.7,credit,Mortgage & Rent,Platinum Card
,10/29/2019,Barbershop,109.24,credit,Shopping,Checking
,5/14/2018,Mediterranean Restaurant,153.31,credit,Utilities,Platinum Card
,5/7/2019,Gas Company,59.68,debit,Home Improvement,Checking
,6/23/2018,American Tavern,42.33,debit,Utilities,Silver Card
,5/27/2019,Internet Service Provider,19.43,credit,Paycheck,Platinum Card
,1/14/2019,Credit Card Payment,120.55,credit,Alcohol & Bars,Platinum Card
,9/1/2019,Biweekly Paycheck,5.71,credit,Auto Insurance,Checking
,10/4/2019,Brewing Company,90.53,credit,Movies & DVDs,Silver Card
,4/9/2018,Power Company,174.7,credit,Paycheck,Checking
,6/14/2018,Valero,123.88,debit,Internet,Checking
,2/26/2018,Gas Company,133.05,credit,Groceries,Silver Card
,11/8/2019,Thai Restaurant,126.27,debit,Coffee Shops,Platinum Card
,7/1/2019,TechCorp Salary,164.39,credit,Paycheck,Platinum Card
,12/12/2019,Gas Company,133.94,debit,Electronics & Software,Silver Card
,8/26/2018,BP,21.21,credit,Utilities,Platinum Card
,6/7/2018,Credit Card Payment,190.71,credit,Utilities,Platinum Card
,3/14/2019,Barbershop,159.97,debit,Paycheck,Platinum Card
,9/3/2019,BP,145.29,debit,Gas & Fuel,Checking
,9/24/2018,Spotify,161.34,debit,Shopping,Platinum Card
,5/27/2018,American Tavern,141.81,debit,Shopping,Checking
,8/26/2018,Whole Foods Market,44.51,credit,Restaurants,Silver Card
,10/29/2019,Home Depot Hardware,76.14,credit,Television,Checking
,5/4/2019,Whole Foods Market,119.77,debit,Internet,Silver Card
,11/30/2018,Brunch Restaurant,140.62,debit,Shopping,Platinum Card
,3/24/2019,Credit Card Payment,4.55,credit,Utilities,Checking
,3/14/2019,State Farm,103.58,credit,Coffee Shops,Platinum Card
,6/9/2018,Hardware Store,177.89,credit,Mobile Phone,Platinum Card
,8/15/2018,American Tavern,142.25,debit,Restaurants,Checking
,11/18/2018,Bojangles,12.58,debit,Groceries,Silver Card
,8/27/2018,Credit Card Payment,177.0,debit,Shopping,Checking
,5/9/2019,Credit Card Payment,133.48,debit,Music,Silver Card
,8/22/2018,Belgian Restaurant,31.8,debit,Auto Insurance,Platinum Card
,1/23/2019,Hardware Store,45.97,debit,Shopping,Platinum Card
,10/27/2018,Netflix,131.19,debit,Restaurants,Platinum Card
,5/9/2019,Credit Card Payment,97.86,credit,Mortgage & Rent,Platinum Card
,6/19/2019,Grocery Store,133.7,credit,Groceries,Platinum Card
,2/9/2019,Hardware Store,142.06,credit,Utilities,Platinum Card
,5/13/2018,City Water Charges,66.45,credit,Groceries,Checking
,5/18/2019,Phone Company,30.75,debit,Restaurants,Platinum Card
,3/7/2018,Netflix,148.68,debit,Groceries,Platinum Card
,6/9/2018,Credit Card Payment,44.83,debit,Restaurants,Platinum Card
,3/6/2018,Credit Card Payment,44.4,debit,Restaurants,Platinum Card
,11/14/2018,Credit Card Payment,108.63,debit,Home Improvement,Platinum Card
,12/14/2018,Credit Card Payment,57.58,debit,Groceries,Checking
,7/4/2019,Barbershop,15.91,credit,Internet,Platinum Card
,9/4/2019,BP,49.01,debit,Restaurants,Silver Card
,10/22/2018,Amazon,181.17,credit,Groceries,Platinum Card
,3/8/2018,State Farm,72.03,debit,Auto Insurance,Silver Card
,4/1/2019,Whole Foods Market,155.79,credit,Credit Card Payment,Platinum Card
,8/30/2019,Credit Card Payment,115.45,credit,Restaurants,Platinum Card
,9/4/2018,Thai Restaurant,119.32,debit,Groceries,Checking
,6/24/2018,City Water Charges,61.51,debit,Fast Food,Platinum Card
,7/7/2018,American Tavern,145.52,credit,Alcohol & Bars,Checking
,7/16/2019,Whole Foods Market,142.88,debit,Gas & Fuel,Checking
,12/10/2018,City Water Charges,111.35,credit,Restaurants,Platinum Card
,7/1/2018,Amazon,44.34,credit,Credit Card Payment,Checking
,2/3/2020,Gas Company,62.63,credit,Gas & Fuel,Platinum Card
,7/23/2018,Hardware Store,150.34,credit,Utilities,Silver Card
,8/19/2018,Credit Card Payment,51.75,credit,Groceries,Checking
,4/12/2019,BP,69.1,debit,Restaurants,Silver Card
,2/3/2019,American Tavern,128.08,credit,Paycheck,Checking
,4/8/2018,Whole Foods Market,163.56,credit,Restaurants,Checking
,9/11/2019,BP,146.25,credit,Utilities,Platinum Card
,11/24/2019,Fancy Restaurant,47.07,credit,Groceries,Platinum Card
,12/17/2018,Grocery Store,59.92,credit,Television,Platinum Card
,10/3/2019,Whole Foods Market,193.3,debit,Paycheck,Silver Card
,11/12/2018,Amazon,196.02,credit,Home Improvement,Checking
,5/28/2019,American Tavern,36.74,debit,Home Improvement,Checking
,5/6/2019,Spotify,196.83,debit,Shopping,Platinum Card
,3/7/2018,Food Truck,33.16,credit,Paycheck,Checking
,4/21/2018,Whole Foods Market,79.03,debit,Credit Card Payment,Platinum Card
,6/10/2019,Biweekly Paycheck,125.22,credit,Restaurants,Platinum Card
,4/1/2018,BP,174.4,debit,Restaurants,Platinum Card
,5/24/2018,Best Buy,122.49,debit,Utilities,Checking
,4/22/2019,American Tavern,121.03,debit,Restaurants,Silver Card
,6/8/2019,Credit Card Payment,57.96,credit,Electronics & Software,Platinum Card
,7/16/2019,American Tavern,71.98,credit,Gas & Fuel,Checking
,4/16/2018,Grocery Store,86.99,credit,Credit Card Payment,Checking
,11/27/2018,Mike's Construction Co.,32.65,credit,Gas & Fuel,Silver Card
,12/3/2018,Credit Card Payment,177.82,debit,Groceries,Platinum Card
,3/6/2018,Phone Company,97.13,debit,Credit Card Payment,Checking
,9/18/2018,BP,70.81,credit,Groceries,Platinum Card
,10/6/2018,Movie Theater,43.79,credit,Gas & Fuel,Platinum Card
,4/24/2018,Greek Restaurant,4.9,debit,Restaurants,Silver Card
,9/2/2018,Gas Company,75.13,credit,Credit Card Payment,Checking
,7/17/2018,Credit Card Payment,148.79,debit,Shopping,Platinum Card
,9/10/2018,Amazon,42.54,credit,Credit Card Payment,Silver Card
,11/16/2019,Credit Card Payment,89.06,credit,Credit Card Payment,Silver Card
,5/9/2019,Roadside Diner,91.01,debit,Shopping,Checking
,7/3/2018,American Tavern,132.07,credit,Coffee Shops,Platinum Card
,11/23/2019,Thai Restaurant,100.06,debit,Electronics & Software,Checking
,10/17/2018,City Water Charges,90.41,debit,Utilities,Platinum Card
,5/24/2019,Grocery Store,164.24,credit,Restaurants,Platinum Card
,5/28/2019,Amazon,83.88,debit,Credit Card Payment,Platinum Card
,9/3/2019,Greek Restaurant,156.75,debit,Restaurants,Platinum Card
,10/28/2019,American Tavern,30.66,credit,Restaurants,Platinum Card
,5/5/2019,Grocery Store,33.92,debit,Auto Insurance,Checking
,6/8/2018,City Water Charges,66.8,credit,Groceries,Checking
,10/28/2019,Internet Service Provider,196.95,credit,Credit Card Payment,Silver Card
,6/13/2018,Credit Card Payment,183.65,debit,Auto Insurance,Checking
,11/7/2018,Hardware Store,63.86,debit,Music,Platinum Card
,11/16/2018,Grocery Store,45.04,credit,Restaurants,Platinum Card
,1/11/2019,Credit Card Payment,121.05,credit,Utilities,Platinum Card
,6/29/2018,Whole Foods Market,166.79,debit,Movies & DVDs,Checking
,2/5/2019,Fancy Restaurant,161.32,debit,Restaurants,Checking
,12/5/2018,Credit Card Payment,190.17,debit,Coffee Shops,Checking
,3/28/2018,Brunch Restaurant,128.34,debit,Home Improvement,Platinum Card
,11/12/2019,Home Depot Hardware,40.3,debit,Groceries,Silver Card
,5/11/2019,Barbershop,5.93,debit,Mobile Phone,Platinum Card
,6/24/2018,Movie Theater,154.1,credit,Groceries,Platinum Card
,2/18/2019,Whole Foods Market,165.76,debit,Credit Card Payment,Checking
,1/4/2019,Amazon,167.41,debit,Electronics & Software,Platinum Card
,5/11/2019,Credit Card Payment,166.58,debit,Restaurants,Silver Card
,2/27/2019,Credit Card Payment,153.44,debit,Credit Card Payment,Checking
,1/17/2019,City Water Charges,118.05,debit,Shopping,Checking
,4/23/2018,BP,145.84,debit,Movies & DVDs,Platinum Card
,3/18/2019,TechCorp Salary,20.82,credit,Credit Card Payment,Silver Card
,12/2/2018,Credit Card Payment,75.57,credit,Credit Card Payment,Silver Card
,11/19/2018,Bakery Place,19.93,credit,Paycheck,Silver Card
,8/6/2019,State Farm,75.6,credit,Paycheck,Checking
,9/19/2019,American Tavern,193.89,debit,Movies & DVDs,Checking
,4/30/2018,Credit Card Payment,108.69,credit,Credit Card Payment,Checking
,9/21/2019,Barbershop,134.44,credit,Home Improvement,Silver Card
,7/12/2018,Bakery Place,78.77,credit,Groceries,Silver Card
,4/26/2018,American Tavern,141.14,credit,Credit Card Payment,Platinum Card
,12/29/2018,Brewing Company,142.67,debit,Music,Silver Card
,5/2/2018,Amazon,38.61,credit,Auto Insurance,Platinum Card
,7/18/2019,Spotify,6.31,debit,Paycheck,Platinum Card
,8/20/2018,Amazon,47.83,credit,Groceries,Platinum Card
,11/20/2019,Credit Card Payment,174.83,credit,Shopping,Silver Card
,8/24/2018,Spotify,163.09,debit,Paycheck,Checking
,4/15/2018,TechCorp Salary,198.31,credit,Restaurants,Platinum Card
,5/7/2018,Home Depot Hardware,128.59,debit,Coffee Shops,Platinum Card
,9/22/2019,QuikTrip,154.05,credit,Groceries,Platinum Card
,4/3/2018,American Tavern,183.06,debit,Groceries,Platinum Card
,6/10/2018,Gas Company,55.32,debit,Utilities,Silver Card
,7/23/2018,Credit Card Payment,31.02,debit,Credit Card Payment,Checking
,4/17/2019,Greek Restaurant,1.44,debit,Mobile Phone,Platinum Card
,5/28/2019,Amazon,126.58,debit,Credit Card Payment,Platinum Card
,5/28/2019,Credit Card Payment,6.67,credit,Groceries,Platinum Card
,8/20/2019,Spotify,106.02,credit,Restaurants,Silver Card
,3/4/2018,Biweekly Paycheck,192.94,debit,Credit Card Payment,Platinum Card
,5/14/2018,Starbucks Coffee,165.89,credit,Credit Card Payment,Silver Card
,4/30/2018,Credit Card Payment,68.0,credit,Restaurants,Platinum Card
,12/27/2018,Belgian Restaurant,76.32,debit,Groceries,Platinum Card
,6/26/2019,Gas Company,177.58,debit,Internet,Platinum Card
,3/7/2018,Power Company,82.86,credit,Credit Card Payment,Silver Card
,7/2/2018,State Farm,185.94,debit,Shopping,Platinum Card
,9/7/2019,Credit Card Payment,63.9,debit,Auto Insurance,Platinum Card
,7/14/2018,City Water Charges,109.01,debit,Electronics & Software,Silver Card
,10/15/2019,Pizza Place,197.77,credit,Paycheck,Checking
,8/24/2019,Phone Company,120.1,credit,Coffee Shops,Silver Card
,7/23/2018,American Tavern,84.82,debit,Restaurants,Platinum Card
,3/23/2018,Grocery Store,12.48,debit,Movies & DVDs,Checking
,2/9/2018,Starbucks,27.31,debit,Gas & Fuel,Silver Card
,2/3/2019,Credit Card Payment,149.2,debit,Utilities,Platinum Card
,4/14/2018,Whole Foods Market,33.53,credit,Paycheck,Silver Card
,12/29/2018,Credit Card Payment,89.25,credit,Utilities,Checking
,9/13/2019,Seafood Restaurant,180.42,debit,Restaurants,Platinum Card
,8/30/2019,Whole Foods Market,73.69,debit,Groceries,Silver Card
,6/27/2019,Netflix,82.55,debit,Groceries,Platinum Card
,6/30/2019,Hardware Store,179.04,credit,Home Improvement,Platinum Card
,9/16/2019,Internet Service Provider,165.36,debit,Groceries,Platinum Card
,6/25/2019,Credit Card Payment,168.72,debit,Groceries,Checking
,8/1/2018,QuikTrip,38.2,credit,Credit Card Payment,Checking
,4/1/2018,Phone Company,145.39,debit,Groceries,Checking
,5/11/2018,Credit Card Payment,3.85,credit,Groceries,Silver Card
,11/6/2019,Phone Company,32.03,credit,Credit Card Payment,Platinum Card
,6/24/2019,QuikTrip,77.87,debit,Gas & Fuel,Platinum Card
,8/14/2019,TechCorp Salary,165.17,debit,Movies & DVDs,Platinum Card
,5/23/2018,Whole Foods Market,174.08,credit,Auto Insurance,Platinum Card
,7/24/2019,Credit Card Payment,22.13,debit,Paycheck,Platinum Card
,5/11/2018,Phone Company,157.72,debit,Home Improvement,Silver Card
,11/13/2019,Belgian Restaurant,177.75,credit,Internet,Checking
,11/26/2019,Barbershop,26.46,debit,Groceries,Checking
,8/25/2018,Vietnamese Restaurant,73.83,credit,Groceries,Platinum Card
,2/25/2018,Grocery Store,141.34,credit,Electronics & Software,Platinum Card
,8/26/2018,Spotify,12.38,credit,Shopping,Checking
,8/10/2019,Brewing Company,36.99,credit,Restaurants,Silver Card
,3/23/2019,TechCorp Salary,182.83,credit,Utilities,Checking
,6/18/2018,Credit Card Payment,183.34,credit,Shopping,Platinum Card
,5/11/2018,Whole Foods Market,185.88,debit,Home Improvement,Platinum Card
,9/14/2018,Grocery Store,61.3,debit,Shopping,Silver Card
,3/12/2018,Grocery Store,120.15,credit,Groceries,Checking
,10/28/2019,Pizza Place,131.36,credit,Coffee Shops,Platinum Card
,3/28/2018,Whole Foods Market,48.06,credit,Paycheck,Platinum Card
,10/10/2018,Gas Company,185.02,debit,Coffee Shops,Platinum Card
,6/9/2018,Whole Foods Market,116.27,credit,Home Improvement,Checking
,3/23/2019,Phone Company,114.75,credit,Shopping,Platinum Card
,6/16/2018,Barbershop,114.9,debit,Restaurants,Checking
,5/26/2018,QuikTrip,25.02,debit,Music,Checking
,5/7/2019,Biweekly Paycheck,81.44,debit,Utilities,Platinum Card
,11/24/2019,American Tavern,197.31,debit,Mobile Phone,Silver Card
,6/29/2018,Power Company,136.75,credit,Shopping,Platinum Card
,5/28/2019,American Tavern,49.21,credit,Restaurants,Platinum Card
,9/7/2018,Power Company,7.65,debit,Credit Card Payment,Silver Card
,4/3/2018,Grocery Store,196.88,credit,Credit Card Payment,Platinum Card
,12/26/2018,Phone Company,67.46,credit,Credit Card Payment,Platinum Card
,9/8/2018,American Tavern,173.29,debit,Restaurants,Platinum Card
,2/15/2019,Mortgage Payment,40.17,debit,Mobile Phone,Platinum Card
,4/9/2018,Credit Card Payment,45.92,credit,Credit Card Payment,Checking
,9/25/2018,Whole Foods Market,33.86,credit,Haircut,Checking
,9/15/2019,Shell,199.13,debit,Groceries,Silver Card
,7/22/2018,Gas Company,108.42,credit,Movies & DVDs,Platinum Card
,7/10/2018,Credit Card Payment,143.31,credit,Auto Insurance,Platinum Card
,4/12/2018,Whole Foods Market,83.33,credit,Paycheck,Silver Card
,9/1/2018,Credit Card Payment,136.19,debit,Paycheck,Silver Card
,12/1/2018,American Tavern,96.17,debit,Credit Card Payment,Platinum Card
,10/10/2018,Brewing Company,12.02,credit,Groceries,Silver Card
,12/1/2019,Mediterranean Restaurant,129.41,credit,Utilities,Platinum Card
,10/18/2019,Power Company,115.15,debit,Coffee Shops,Platinum Card
,5/14/2018,City Water Charges,170.95,credit,Utilities,Silver Card
,2/27/2018,Credit Card Payment,175.87,debit,Credit Card Payment,Checking
,5/17/2019,American Tavern,15.72,debit,Shopping,Checking
,5/30/2019,Starbucks,39.15,credit,Mobile Phone,Platinum Card
,12/24/2018,Whole Foods Market,126.12,credit,Mortgage & Rent,Checking
,5/21/2019,Grocery Store,15.51,credit,Coffee Shops,Silver Card
,5/25/2018,Credit Card Payment,68.66,credit,Fast Food,Platinum Card
,9/17/2019,Gas Company,154.24,credit,Internet,Platinum Card
,10/1/2019,American Tavern,159.14,credit,Television,Platinum Card
,10/28/2018,Brewing Company,20.05,debit,Gas & Fuel,Platinum Card
,8/21/2018,State Farm,119.47,debit,Mobile Phone,Silver Card
,10/27/2019,Grocery Store,63.82,debit,Fast Food,Checking
,5/4/2018,Amazon,10.07,debit,Groceries,Silver Card
,6/28/2018,Amazon,111.15,credit,Credit Card Payment,Checking
,3/25/2019,State Farm,44.6,credit,Groceries,Silver Card
,9/14/2018,City Water Charges,87.25,debit,Shopping,Checking
,7/26/2019,Whole Foods Market,185.78,credit,Utilities,Platinum Card
,9/27/2019,Grocery Store,82.48,credit,Paycheck,Checking
,3/31/2018,Amazon,66.8,debit,Groceries,Platinum Card
,7/7/2019,Fancy Restaurant,16.47,credit,Restaurants,Platinum Card
,4/19/2019,Barbershop,31.11,debit,Restaurants,Platinum Card
,6/2/2018,American Tavern,89.35,credit,Movies & DVDs,Silver Card
,1/27/2019,Credit Card Payment,185.81,credit,Gas & Fuel,Platinum Card
,3/10/2018,City Water Charges,154.41,credit,Groceries,Platinum Card
,5/6/2018,Shell,77.82,debit,Haircut,Platinum Card
,1/28/2019,Grocery Store,25.29,debit,Credit Card Payment,Checking
,1/25/2019,Whole Foods Market,57.82,debit,Utilities,Checking
,9/10/2019,Amazon,10.96,debit,Credit Card Payment,Checking
,5/19/2018,Fancy Restaurant,36.24,credit,Utilities,Platinum Card
,3/5/2018,Grocery Store,153.89,credit,Internet,Platinum Card
,4/6/2019,American Tavern,147.63,credit,Groceries,Silver Card
,6/19/2018,German Restaurant,177.95,debit,Movies & DVDs,Platinum Card
,10/25/2018,Credit Card Payment,70.55,credit,Credit Card Payment,Checking
,1/25/2019,Credit Card Payment,13.37,debit,Mobile Phone,Platinum Card
,7/19/2018,Credit Card Payment,1.36,credit,Alcohol & Bars,Checking
,7/12/2018,Home Depot Hardware,120.48,credit,Credit Card Payment,Platinum Card
,6/13/2019,Home Depot Hardware,135.74,credit,Credit Card Payment,Platinum Card
,4/15/2019,Grocery Store,16.76,credit,Credit Card Payment,Platinum Card
,6/18/2018,Shell,119.16,credit,Gas & Fuel,Checking
,5/1/2019,Credit Card Payment,132.84,credit,Restaurants,Platinum Card
,6/23/2018,Movie Theater,76.21,credit,Entertainment,Platinum Card
,6/17/2018,Whole Foods Market,94.51,credit,Groceries,Platinum Card
,10/6/2019,BP,103.91,debit,Music,Silver Card
,10/30/2019,Shell,156.13,debit,Restaurants,Checking
,5/6/2018,Power Company,40.78,debit,Groceries,Silver Card
,3/5/2019,QuikTrip,179.48,credit,Mobile Phone,Platinum Card
,8/26/2019,Amazon,20.97,debit,Credit Card Payment,Silver Card
,6/3/2018,Hardware Store,99.35,credit,Shopping,Platinum Card
,6/5/2018,City Water Charges,10.49,credit,Alcohol & Bars,Silver Card
,6/26/2019,Greek Restaurant,74.4,credit,Groceries,Platinum Card
,2/27/2018,Gas Company,83.12,credit,Paycheck,Platinum Card
,7/9/2019,American Tavern,40.05,credit,Credit Card Payment,Checking
,6/5/2019,Gas Company,26.64,credit,Restaurants,Checking
,12/17/2018,Barbershop,189.59,credit,Gas & Fuel,Platinum Card
,4/16/2018,Mortgage Payment,82.64,debit,Haircut,Silver Card
,9/3/2018,Seafood Restaurant,65.51,debit,Credit Card Payment,Silver Card
,10/5/2018,Credit Card Payment,61.37,credit,Internet,Silver Card
,11/6/2018,City Water Charges,39.94,credit,Groceries,Silver Card
,6/19/2018,Amazon,192.53,debit,Groceries,Silver Card
,4/10/2018,Hardware Store,111.35,debit,Gas & Fuel,Checking
,3/23/2018,Brewing Company,179.73,debit,Credit Card Payment,Silver Card
,2/4/2019,Whole Foods Market,53.96,debit,Internet,Checking
,4/5/2018,City Water Charges,139.23,credit,Gas & Fuel,Platinum Card
,12/8/2019,Grocery Store,7.37,credit,Groceries,Platinum Card
,4/25/2018,Amazon,193.32,credit,Alcohol & Bars,Platinum Card
,3/31/2018,Grocery Store,102.31,debit,Gas & Fuel,Checking
,5/24/2018,Amazon,121.01,credit,Restaurants,Checking
,10/9/2018,Biweekly Paycheck,107.89,debit,Home Improvement,Checking
,6/23/2019,Starbucks,74.68,debit,Alcohol & Bars,Checking
,7/15/2018,TechCorp Salary,142.84,debit,Restaurants,Platinum Card
,6/24/2018,Amazon,27.43,debit,Restaurants,Platinum Card
,5/14/2018,TechCorp Salary,79.84,credit,Television,Platinum Card
,8/30/2018,Phone Company,151.82,debit,Movies & DVDs,Silver Card
,6/14/2019,Thai Restaurant,128.6,debit,Groceries,Silver Card
,7/7/2018,Gas Company,73.0,credit,Alcohol & Bars,Checking
,1/24/2018,Netflix Subscription,14.82,debit,Haircut,Checking
,12/18/2018,Gas Company,75.66,credit,Gas & Fuel,Checking
,2/9/2019,Mike's Construction Co.,34.71,credit,Paycheck,Platinum Card
,3/13/2019,Sushi Restaurant,171.54,debit,Credit Card Payment,Checking
,3/11/2019,Phone Company,198.71,debit,Gas & Fuel,Silver Card
,8/18/2018,Biweekly Paycheck,24.65,debit,Haircut,Platinum Card
,5/2/2018,Hardware Store,47.57,credit,Utilities,Silver Card
,7/9/2018,Brewing Company,63.92,debit,Alcohol & Bars,Silver Card
,7/4/2019,Brewing Company,101.4,credit,Groceries,Platinum Card
,2/12/2018,Roadside Diner,178.07,credit,Restaurants,Checking
,4/24/2019,State Farm,189.84,credit,Shopping,Silver Card
,12/4/2018,Brewing Company,101.88,credit,Paycheck,Checking
,12/19/2019,Credit Card Payment,108.08,credit,Groceries,Silver Card
,11/21/2019,Grocery Store,99.6,credit,Groceries,Silver Card
,6/14/2018,Fancy Restaurant,102.25,debit,Paycheck,Platinum Card
,5/2/2019,BP,19.19,credit,Internet,Platinum Card
,10/6/2018,Barbershop,154.04,credit,Utilities,Platinum Card
,9/8/2018,Spotify,116.52,credit,Coffee Shops,Checking
,4/30/2018,Mike's Construction Co.,48.73,debit,Shopping,Platinum Card
,5/25/2018,Whole Foods Market,157.3,debit,Paycheck,Platinum Card
,2/7/2019,Power Company,12.49,debit,Groceries,Silver Card
,8/25/2019,Chick-Fil-A,22.17,debit,Movies & DVDs,Silver Card
,9/7/2018,Starbucks,121.29,debit,Fast Food,Checking
,5/24/2018,Grocery Store,100.46,credit,Credit Card Payment,Platinum Card
,10/25/2019,Vietnamese Restaurant,161.04,credit,Paycheck,Checking
,5/31/2019,Gas Company,64.74,debit,Gas & Fuel,Platinum Card
,9/19/2019,Credit Card Payment,2.15,credit,Home Improvement,Checking
,7/15/2018,Biweekly Paycheck,148.27,debit,Groceries,Platinum Card
,10/22/2018,State Farm,26.89,credit,Credit Card Payment,Checking
,4/27/2019,Credit Card Payment,51.12,debit,Groceries,Platinum Card
,12/7/2018,Credit Card Payment,181.92,credit,Music,Platinum Card
,4/11/2018,State Farm,105.54,debit,Credit Card Payment,Platinum Card
,9/16/2019,Mike's Construction Co.,189.59,credit,Credit Card Payment,Silver Card
,6/26/2019,Credit Card Payment,42.98,debit,Shopping,Platinum Card
,8/19/2018,BP,166.27,debit,Alcohol & Bars,Platinum Card
,8/21/2018,Credit Card Payment,99.42,credit,Alcohol & Bars,Silver Card
,2/22/2018,Gas Company,10.97,credit,Utilities,Platinum Card
,11/16/2019,Brunch Restaurant,97.82,credit,Music,Silver Card
,5/25/2019,Credit Card Payment,199.07,credit,Mortgage & Rent,Platinum Card
,12/26/2018,Credit Card Payment,179.29,credit,Auto Insurance,Platinum Card
,3/23/2019,Credit Card Payment,36.04,credit,Music,Platinum Card
,3/3/2018,Hardware Store,179.66,debit,Utilities,Silver Card
,9/2/2018,Shell,33.18,credit,Credit Card Payment,Silver Card
,1/4/2019,State Farm,195.42,debit,Home Improvement,Platinum Card
,7/11/2019,Grocery Store,30.0,debit,Credit Card Payment,Silver Card
,12/8/2018,Credit Card Payment,90.5,credit,Shopping,Silver Card
,8/29/2018,Grocery Store,138.77,credit,Internet,Platinum Card
,9/12/2018,Whole Foods Market,126.66,credit,Haircut,Checking
,7/23/2018,Credit Card Payment,59.15,debit,Paycheck,Silver Card
,4/11/2018,Home Depot Hardware,189.15,credit,Groceries,Silver Card
,6/27/2019,Hardware Store,151.42,debit,Shopping,Platinum Card
,8/3/2018,Mike's Construction Co.,110.76,debit,Groceries,Checking
,2/5/2018,Spotify,1.94,credit,Restaurants,Checking
,1/21/2019,Amazon,186.99,credit,Utilities,Platinum Card
,10/25/2019,TechCorp Salary,147.19,debit,Groceries,Platinum Card
,6/28/2018,American Tavern,16.47,credit,Groceries,Checking
,11/12/2019,Credit Card Payment,20.32,credit,Movies & DVDs,Checking
,10/18/2018,Chick-Fil-A,120.58,debit,Alcohol & Bars,Platinum Card
,1/18/2019,Whole Foods Market,101.32,debit,Restaurants,Platinum Card
,7/29/2019,Whole Foods Market,133.32,credit,Shopping,Checking
,11/24/2018,Brunch Restaurant,41.52,debit,Mortgage & Rent,Platinum Card
,8/3/2018,BP,130.65,debit,Groceries,Platinum Card
,6/20/2019,Brunch Restaurant,28.5,credit,Music,Checking
,2/19/2018,Credit Card Payment,87.98,credit,Fast Food,Platinum Card
,8/15/2018,Biweekly Paycheck,99.09,credit,Music,Silver Card
,4/28/2019,Credit Card Payment,127.72,credit,Coffee Shops,Checking
,11/20/2019,City Water Charges,79.77,credit,Shopping,Platinum Card
,7/13/2018,Amazon,153.08,credit,Credit Card Payment,Checking
,12/31/2018,Grocery Store,1.65,debit,Coffee Shops,Platinum Card
,6/1/2018,TechCorp Salary,128.99,debit,Auto Insurance,Silver Card
,3/26/2018,American Tavern,183.05,debit,Mobile Phone,Platinum Card
,11/22/2018,American Tavern,47.62,debit,Fast Food,Platinum Card
,9/30/2018,Credit Card Payment,53.68,credit,Alcohol & Bars,Platinum Card
,8/24/2018,Shell,155.88,debit,Auto Insurance,Checking
,7/31/2018,Shell,59.58,credit,Credit Card Payment,Platinum Card
,9/16/2018,Credit Card Payment,184.17,credit,Groceries,Silver Card
,1/4/2019,Biweekly Paycheck,130.51,credit,Gas & Fuel,Platinum Card
,11/27/2018,Pizza Place,161.47,debit,Television,Platinum Card
,11/27/2018,Spotify,81.59,debit,Credit Card Payment,Checking
,1/19/2019,Movie Theater,85.85,credit,Restaurants,Platinum Card
,6/29/2018,Credit Card Payment,114.82,debit,Home Improvement,Platinum Card
,2/6/2019,Greek Restaurant,96.86,debit,Home Improvement,Platinum Card
,9/13/2018,Thai Restaurant,74.43,debit,Restaurants,Checking
,8/19/2018,Amazon,128.74,debit,Shopping,Silver Card
,9/28/2019,Credit Card Payment,193.64,credit,Home Improvement,Checking
,11/29/2018,Credit Card Payment,197.39,credit,Haircut,Platinum Card
,6/17/2018,Amazon,185.05,credit,Home Improvement,Platinum Card
,11/29/2019,Grocery Store,86.56,credit,Shopping,Platinum Card
,8/31/2018,Shell,188.24,debit,Paycheck,Checking
,8/5/2018,Mortgage Payment,198.95,debit,Mortgage & Rent,Platinum Card
,6/29/2018,Grocery Store,133.35,credit,Credit Card Payment,Silver Card
,4/29/2019,Netflix Subscription,83.09,credit,Groceries,Silver Card
,1/5/2019,TechCorp Salary,102.75,credit,Groceries,Silver Card
,4/17/2018,Credit Card Payment,79.43,debit,Groceries,Checking
,10/23/2019,Home Depot Hardware,40.09,debit,Credit Card Payment,Silver Card
,6/7/2018,Thai Restaurant,157.65,credit,Shopping,Platinum Card
,9/7/2018,QuikTrip,22.87,credit,Utilities,Platinum Card
,6/23/2019,Mexican Restaurant,49.01,debit,Paycheck,Checking
,5/6/2018,Credit Card Payment,137.51,credit,Credit Card Payment,Platinum Card
,1/26/2018,Shell,94.92,credit,Home Improvement,Silver Card
,5/30/2018,State Farm,33.1,credit,Groceries,Platinum Card
,7/7/2018,Greek Restaurant,25.75,debit,Utilities,Checking
,12/11/2018,Belgian Restaurant,132.76,debit,Fast Food,Checking
,3/29/2019,Power Company,24.92,debit,Utilities,Platinum Card
,7/1/2019,Pizza Place,64.16,credit,Coffee Shops,Checking
,6/7/2019,Credit Card Payment,26.98,debit,Music,Checking
,6/14/2018,Credit Card Payment,8.39,credit,Groceries,Checking
,6/8/2019,Amazon,35.01,credit,Restaurants,Platinum Card
,3/2/2019,Starbucks Coffee,189.66,credit,Credit Card Payment,Checking
,3/23/2018,Hardware Store,55.12,credit,Paycheck,Silver Card
,5/10/2018,QuikTrip,180.53,debit,Credit Card Payment,Silver Card
,10/1/2019,Amazon,74.55,debit,Groceries,Silver Card
,11/9/2019,Credit Card Payment,13.61,credit,Groceries,Platinum Card
,6/14/2018,Brewing Company,96.5,credit,Credit Card Payment,Platinum Card
,10/17/2018,TechCorp Salary,179.62,debit,Utilities,Platinum Card
,7/11/2018,Spotify,158.91,debit,Utilities,Silver Card
,8/24/2018,Starbucks Coffee,87.73,debit,Utilities,Silver Card
,10/3/2019,Thai Restaurant,5.85,debit,Credit Card Payment,Platinum Card
,6/9/2019,City Water Charges,188.42,credit,Gas & Fuel,Platinum Card
,9/25/2018,Whole Foods Market,15.69,debit,Credit Card Payment,Checking
,8/3/2018,Whole Foods Market,124.03,debit,Home Improvement,Silver Card
,2/5/2019,Brunch Restaurant,165.86,credit,Groceries,Checking
,1/25/2019,QuikTrip,157.82,debit,Shopping,Platinum Card
,7/17/2019,Brunch Restaurant,114.63,credit,Credit Card Payment,Silver Card
,9/14/2019,Credit Card Payment,89.69,debit,Home Improvement,Platinum Card
,1/26/2019,American Tavern,53.47,credit,Internet,Platinum Card
,9/15/2019,Biweekly Paycheck,159.83,debit,Haircut,Silver Card
,7/8/2018,Grocery Store,66.26,debit,Groceries,Platinum Card
,8/27/2018,Credit Card Payment,35.31,credit,Restaurants,Silver Card
,6/25/2018,Grocery Store,154.88,debit,Gas & Fuel,Checking
,6/21/2018,Credit Card Payment,177.45,credit,Credit Card Payment,Silver Card
,6/7/2018,American Tavern,160.02,debit,Mortgage & Rent,Checking
,6/15/2019,Credit Card Payment,102.48,credit,Groceries,Platinum Card
,5/8/2019,Credit Card Payment,196.21,credit,Paycheck,Platinum Card
,1/23/2019,Grocery Store,172.27,debit,Home Improvement,Platinum Card
,10/9/2018,Biweekly Paycheck,122.7,debit,Credit Card Payment,Silver Card
,8/9/2018,QuikTrip,176.45,debit,Utilities,Platinum Card
,10/16/2019,Amazon,56.42,credit,Shopping,Silver Card
,9/12/2019,Biweekly Paycheck,13.51,credit,Gas & Fuel,Platinum Card
,10/24/2019,Whole Foods Market,131.46,credit,Internet,Platinum Card
,3/25/2018,Grocery Store,104.49,debit,Gas & Fuel,Platinum Card
,8/22/2019,Credit Card Payment,17.46,credit,Credit Card Payment,Platinum Card
,3/6/2019,New York Deli,136.22,debit,Gas & Fuel,Platinum Card
,4/18/2019,City Water Charges,101.8,debit,Restaurants,Platinum Card
,4/10/2018,Barbershop,130.43,debit,Mobile Phone,Silver Card
,6/22/2018,Brewing Company,28.99,debit,Restaurants,Platinum Card
,4/8/2019,Gas Station,111.83,debit,Credit Card Payment,Platinum Card
,3/5/2018,Credit Card Payment,135.1,credit,Shopping,Checking
,10/6/2019,TechCorp Salary,82.42,debit,Alcohol & Bars,Checking
,11/8/2018,Gas Company,70.77,debit,Restaurants,Silver Card
,3/1/2018,Amazon,145.41,credit,Gas & Fuel,Silver Card
,7/4/2018,Phone Company,180.64,debit,Credit Card Payment,Checking
,2/18/2019,Target,177.33,debit,Home Improvement,Platinum Card
,7/22/2019,Brunch Restaurant,135.0,debit,Shopping,Silver Card
,1/22/2018,Barbershop,192.38,debit,Shopping,Checking
,10/28/2019,TechCorp Salary,141.91,debit,Groceries,Platinum Card
,1/30/2019,BP,186.16,debit,Groceries,Platinum Card
,12/25/2018,Grocery Store,120.04,debit,Groceries,Platinum Card
,4/4/2019,Home Depot Hardware,104.75,credit,Utilities,Silver Card
,6/27/2019,Home Depot Hardware,70.06,credit,Fast Food,Platinum Card
,3/3/2018,Credit Card Payment,140.43,credit,Groceries,Silver Card
,11/16/2018,German Restaurant,196.78,debit,Haircut,Platinum Card
,11/8/2018,Grocery Store,149.81,credit,Credit Card Payment,Platinum Card
,5/21/2019,Brewing Company,29.59,debit,Gas & Fuel,Platinum Card
,7/15/2019,TechCorp Salary,139.55,debit,Credit Card Payment,Platinum Card
,3/10/2018,Biweekly Paycheck,66.35,credit,Coffee Shops,Platinum Card
,8/22/2018,Grocery Store,85.87,credit,Music,Checking
,3/19/2019,Gas Company,1.6,debit,Shopping,Checking
,1/13/2019,Phone Company,138.15,debit,Gas & Fuel,Checking
,8/27/2018,American Tavern,40.08,debit,Credit Card Payment,Platinum Card
,3/21/2018,Hardware Store,38.59,credit,Credit Card Payment,Platinum Card
,7/13/2019,Bakery Place,134.87,debit,Credit Card Payment,Silver Card
,7/5/2018,Grocery Store,35.16,credit,Credit Card Payment,Silver Card
,1/12/2019,QuikTrip,184.74,debit,Shopping,Platinum Card
,7/29/2018,State Farm,146.03,debit,Television,Checking
,3/20/2018,Power Company,57.51,debit,Credit Card Payment,Silver Card
,3/28/2018,Spotify,37.56,debit,Credit Card Payment,Platinum Card
,6/4/2018,Credit Card Payment,119.24,credit,Credit Card Payment,Checking
,11/15/2019,Internet Service Provider,51.15,credit,Auto Insurance,Checking
,12/23/2018,Brunch Restaurant,18.63,credit,Gas & Fuel,Platinum Card
,10/12/2018,Credit Card Payment,177.62,credit,Alcohol & Bars,Checking
,9/4/2019,Biweekly Paycheck,118.64,credit,Movies & DVDs,Silver Card
,12/5/2018,Fancy Restaurant,155.75,credit,Restaurants,Platinum Card
,3/31/2018,Amazon,130.7,debit,Credit Card Payment,Silver Card
,12/16/2018,Phone Company,125.23,debit,Haircut,Silver Card
,11/5/2019,Whole Foods Market,98.32,credit,Credit Card Payment,Silver Card
,9/27/2018,Grocery Store,105.6,debit,Groceries,Platinum Card
,7/13/2018,Brewing Company,134.9,debit,Mobile Phone,Platinum Card
,6/1/2018,Grocery Store,185.28,debit,Credit Card Payment,Checking
,5/24/2019,Credit Card Payment,48.25,credit,Movies & DVDs,Checking
,6/20/2019,Amazon,7.26,credit,Shopping,Platinum Card
,2/22/2019,Gas Company,33.1,credit,Credit Card Payment,Checking
,1/14/2019,American Tavern,41.68,debit,Paycheck,Platinum Card
,8/28/2018,Gas Company,156.01,debit,Home Improvement,Checking
,9/2/2018,New York Deli,74.25,credit,Utilities,Checking
,2/4/2019,Home Depot Hardware,130.1,debit,Restaurants,Checking
,1/30/2019,Internet Service Provider,68.96,credit,Credit Card Payment,Platinum Card
,2/11/2019,Starbucks Coffee,17.03,debit,Restaurants,Platinum Card
,5/5/2019,Whole Foods Market,165.3,debit,Auto Insurance,Silver Card
,7/27/2018,Phone Company,24.18,debit,Groceries,Silver Card
,4/23/2019,Amazon,169.46,debit,Fast Food,Checking
,7/26/2019,Credit Card Payment,90.91,credit,Movies & DVDs,Platinum Card
,4/24/2018,Mortgage Payment,14.19,debit,Credit Card Payment,Checking
,12/9/2018,Amazon,1.65,debit,Restaurants,Platinum Card
,6/18/2019,Mexican Restaurant,3.15,debit,Mobile Phone,Platinum Card
,1/8/2019,Phone Company,87.03,debit,Auto Insurance,Checking
,4/17/2019,Steakhouse,111.25,debit,Credit Card Payment,Checking
,12/20/2018,Credit Card Payment,36.2,credit,Movies & DVDs,Checking
,4/19/2019,Spotify,190.69,debit,Paycheck,Silver Card
,5/1/2018,Gas Company,172.76,debit,Shopping,Checking
,11/3/2019,Movie Theater,127.44,debit,Credit Card Payment,Checking
,10/13/2018,American Tavern,26.22,credit,Credit Card Payment,Platinum Card
,9/6/2019,Pizza Place,47.71,debit,Credit Card Payment,Checking
,10/10/2019,Whole Foods Market,141.08,debit,Paycheck,Checking
,11/18/2019,Home Depot Hardware,34.0,debit,Credit Card Payment,Checking
,3/5/2019,Gas Company,127.18,credit,Groceries,Platinum Card
,11/17/2018,Credit Card Payment,49.64,credit,Coffee Shops,Platinum Card
,8/14/2019,Credit Card Payment,104.64,credit,Home Improvement,Checking
,8/15/2019,Gas Company,95.38,credit,Credit Card Payment,Platinum Card
,1/9/2019,Whole Foods Market,173.28,debit,Credit Card Payment,Checking
,9/22/2018,Netflix Subscription,135.38,credit,Shopping,Platinum Card
,7/1/2018,City Water Charges,11.23,credit,Groceries,Checking
,3/13/2018,Amazon,8.71,credit,Credit Card Payment,Silver Card
,7/15/2018,Internet Service Provider,32.0,debit,Paycheck,Platinum Card
,6/30/2019,Starbucks,53.37,credit,Shopping,Silver Card
,11/10/2019,Whole Foods Market,41.84,debit,Groceries,Checking
,9/12/2018,City Water Charges,37.78,debit,Paycheck,Checking
,6/9/2018,Amazon,180.44,credit,Paycheck,Checking
,8/25/2019,Italian Restaurant,118.09,debit,Internet,Silver Card
,4/19/2019,Amazon,48.95,credit,Gas & Fuel,Platinum Card
,3/17/2018,Starbucks Coffee,42.22,debit,Credit Card Payment,Checking
,5/6/2019,Phone Company,174.64,credit,Alcohol & Bars,Silver Card
,9/21/2019,Seafood Restaurant,120.11,credit,Restaurants,Silver Card
,10/13/2018,Starbucks,34.85,credit,Gas & Fuel,Platinum Card
,5/28/2019,City Water Charges,1.43,credit,Shopping,Platinum Card
,11/28/2018,American Tavern,49.27,credit,Shopping,Checking
,12/29/2018,Vietnamese Restaurant,17.86,debit,Shopping,Checking
,5/20/2018,BP,8.02,debit,Mortgage & Rent,Checking
,8/26/2019,Best Buy,69.87,debit,Paycheck,Checking
,6/18/2018,Brunch Restaurant,90.2,debit,Groceries,Silver Card
,3/1/2019,Biweekly Paycheck,28.07,debit,Haircut,Checking
,4/16/2019,Credit Card Payment,181.52,credit,Restaurants,Checking
,6/15/2018,New York Deli,165.67,credit,Groceries,Silver Card
,6/26/2019,Gas Company,56.04,credit,Auto Insurance,Platinum Card
,9/27/2019,Home Depot Hardware,49.34,credit,Gas & Fuel,Platinum Card
,2/18/2019,BP,161.06,debit,Gas & Fuel,Silver Card
,3/23/2018,Grocery Store,107.74,debit,Auto Insurance,Checking
,9/23/2019,Amazon,26.93,credit,Internet,Platinum Card
,1/29/2019,Brewing Company,184.59,credit,Gas & Fuel,Silver Card
,5/18/2019,Phone Company,198.07,debit,Home Improvement,Silver Card
,10/21/2018,Whole Foods Market,102.44,credit,Shopping,Platinum Card
,1/20/2019,Chick-Fil-A,170.48,debit,Shopping,Platinum Card
,8/10/2018,Amazon,33.66,credit,Mortgage & Rent,Checking
,1/21/2018,Whole Foods Market,103.02,debit,Gas & Fuel,Silver Card
,5/9/2018,Amazon,168.05,credit,Mobile Phone,Silver Card
,7/30/2018,Grocery Store,188.09,credit,Credit Card Payment,Checking
,1/8/2019,Amazon,176.41,debit,Groceries,Platinum Card
,2/4/2019,Netflix Subscription,78.93,credit,Utilities,Checking
,5/18/2018,Whole Foods Market,105.78,credit,Utilities,Platinum Card
,4/1/2018,Starbucks,6.22,debit,Groceries,Silver Card
,9/13/2019,Hardware Store,96.48,debit,Utilities,Silver Card
,5/31/2018,New York Deli,155.18,debit,Coffee Shops,Silver Card
,2/24/2019,American Tavern,127.03,credit,Shopping,Silver Card
,6/7/2019,Credit Card Payment,76.21,debit,Utilities,Platinum Card
,2/5/2019,Starbucks Coffee,29.07,debit,Groceries,Checking
,8/16/2018,Grocery Store,16.6,credit,Utilities,Checking
,11/23/2018,Seafood Restaurant,149.64,credit,Groceries,Platinum Card
,3/24/2018,Starbucks Coffee,159.2,credit,Restaurants,Checking
,4/25/2018,Credit Card Payment,39.67,debit,Utilities,Silver Card
,6/29/2019,Chick-Fil-A,3.66,debit,Paycheck,Checking
,9/14/2019,Whole Foods Market,141.66,debit,Home Improvement,Checking
,7/30/2018,Biweekly Paycheck,91.91,credit,Alcohol & Bars,Silver Card
,7/6/2018,Fancy Restaurant,148.37,debit,Shopping,Checking
,5/6/2019,Amazon,181.36,credit,Credit Card Payment,Checking
,9/25/2018,Chick-Fil-A,185.88,credit,Internet,Silver Card
,10/10/2018,QuikTrip,119.79,debit,Shopping,Platinum Card
,7/29/2019,Phone Company,196.8,credit,Credit Card Payment,Checking
,7/24/2018,Whole Foods Market,121.23,credit,Restaurants,Platinum Card
,6/4/2019,Credit Card Payment,170.44,debit,Food & Dining,Platinum Card
,7/21/2019,Mediterranean Restaurant,35.96,credit,Music,Checking
,4/17/2019,Grocery Store,97.09,debit,Credit Card Payment,Checking
,10/25/2018,Grocery Store,54.71,credit,Shopping,Silver Card
,2/23/2018,Internet Service Provider,144.81,debit,Credit Card Payment,Platinum Card
,5/30/2018,Brewing Company,86.7,debit,Movies & DVDs,Platinum Card
,5/13/2018,Whole Foods Market,47.66,debit,Credit Card Payment,Platinum Card
,6/12/2019,Grocery Store,34.9,credit,Music,Silver Card
,10/29/2018,Pizza Place,156.49,credit,Movies & DVDs,Checking
,8/28/2019,Spotify,119.97,credit,Credit Card Payment,Platinum Card
,7/11/2018,Spotify,69.84,debit,Restaurants,Checking
,9/11/2018,Grocery Store,199.65,debit,Home Improvement,Silver Card
,4/22/2018,Phone Company,42.47,debit,Restaurants,Checking
,9/19/2018,Credit Card Payment,109.65,debit,Auto Insurance,Checking
,1/18/2019,Starbucks,181.31,credit,Shopping,Silver Card
,3/29/2018,BP,123.09,debit,Coffee Shops,Platinum Card
,3/26/2019,Hardware Store,65.86,debit,Alcohol & Bars,Checking
,5/28/2018,Power Company,130.88,credit,Coffee Shops,Checking
,9/26/2019,Grocery Store,144.45,credit,Haircut,Platinum Card
,11/4/2019,Credit Card Payment,138.03,credit,Gas & Fuel,Platinum Card
,5/2/2018,Credit Card Payment,113.89,credit,Restaurants,Platinum Card
,7/25/2019,Thai Restaurant,119.2,debit,Fast Food,Platinum Card
,7/1/2018,Mortgage Payment,177.75,debit,Credit Card Payment,Silver Card
,9/15/2018,TechCorp Salary,116.76,debit,Internet,Checking
,8/9/2019,Grocery Store,71.94,credit,Groceries,Silver Card
,4/2/2019,Gas Company,32.64,debit,Credit Card Payment,Platinum Card
,1/29/2019,Amazon,131.77,credit,Credit Card Payment,Silver Card
,9/21/2018,Whole Foods Market,43.74,debit,Groceries,Silver Card
,3/18/2018,Barbershop,144.21,credit,Shopping,Checking
,7/20/2019,Credit Card Payment,66.88,credit,Home Improvement,Silver Card
,2/1/2019,Grocery Store,64.59,debit,Groceries,Platinum Card
,11/14/2019,Spotify,37.07,credit,Alcohol & Bars,Checking
,9/6/2019,Valero,10.38,credit,Credit Card Payment,Platinum Card
,9/15/2019,Credit Card Payment,72.01,debit,Groceries,Platinum Card
,2/5/2018,City Water Charges,150.47,credit,Movies & DVDs,Platinum Card
,1/12/2019,TechCorp Salary,71.47,debit,Credit Card Payment,Platinum Card
,7/9/2018,Phone Company,179.27,credit,Internet,Checking
,11/29/2018,Pizza Place,66.24,credit,Credit Card Payment,Checking
,8/2/2018,Credit Card Payment,160.6,debit,Internet,Platinum Card
,10/15/2019,Phone Company,159.48,credit,Auto Insurance,Checking
,2/1/2019,Amazon,138.84,debit,Restaurants,Platinum Card
,8/26/2019,Mortgage Payment,111.07,debit,Utilities,Checking
,9/4/2018,Brewing Company,184.98,debit,Groceries,Platinum Card
,10/5/2019,Internet Service Provider,158.46,credit,Restaurants,Platinum Card
,2/3/2018,Biweekly Paycheck,190.91,credit,Restaurants,Checking
,7/17/2018,Bakery Place,128.2,debit,Home Improvement,Silver Card
,3/20/2018,Internet Service Provider,33.5,credit,Credit Card Payment,Platinum Card
,1/22/2018,Thai Restaurant,94.06,credit,Auto Insurance,Platinum Card
,1/19/2019,State Farm,112.18,debit,Groceries,Checking
,9/4/2019,City Water Charges,146.76,credit,Gas & Fuel,Platinum Card
,9/2/2018,Barbershop,50.4,credit,Groceries,Platinum Card
,10/22/2019,Credit Card Payment,82.36,debit,Groceries,Silver Card
,5/28/2018,Circle K,109.78,credit,Gas & Fuel,Platinum Card
,9/13/2019,Pizza Place,42.06,credit,Paycheck,Silver Card
,12/18/2018,Credit Card Payment,22.69,credit,Home Improvement,Platinum Card
,8/31/2019,American Tavern,87.37,credit,Auto Insurance,Platinum Card
,4/16/2019,Whole Foods Market,102.38,credit,Internet,Platinum Card
,1/28/2019,Amazon,30.36,debit,Utilities,Silver Card
,12/3/2019,City Water Charges,72.96,debit,Paycheck,Platinum Card
,5/23/2018,Credit Card Payment,72.45,debit,Credit Card Payment,Silver Card
,1/5/2019,Chick-Fil-A,82.3,debit,Groceries,Platinum Card
,4/21/2018,City Water Charges,70.84,credit,Groceries,Platinum Card
,6/11/2019,Credit Card Payment,70.85,credit,Internet,Platinum Card
,3/21/2018,Amazon,36.47,credit,Coffee Shops,Checking
,9/17/2018,Mortgage Payment,185.11,debit,Credit Card Payment,Platinum Card
,2/9/2019,Spotify,23.12,debit,Groceries,Platinum Card
,2/25/2019,Italian Restaurant,127.05,credit,Home Improvement,Platinum Card
,9/19/2019,BP,32.55,credit,Restaurants,Silver Card
,5/24/2018,Credit Card Payment,163.38,credit,Utilities,Platinum Card
,10/18/2019,Phone Company,67.84,credit,Alcohol & Bars,Silver Card
,4/27/2018,Greek Restaurant,51.09,credit,Gas & Fuel,Platinum Card
,7/21/2018,Credit Card Payment,91.68,debit,Utilities,Platinum Card
,9/27/2018,Starbucks Coffee,28.3,debit,Credit Card Payment,Platinum Card
,3/16/2018,Credit Card Payment,164.63,debit,Utilities,Platinum Card
,5/31/2019,BP,26.17,debit,Credit Card Payment,Checking
,5/12/2018,QuikTrip,67.43,credit,Restaurants,Platinum Card
,9/27/2018,Spotify,102.07,debit,Groceries,Silver Card
,2/12/2019,Credit Card Payment,10.75,debit,Credit Card Payment,Platinum Card
,9/8/2018,Amazon,118.11,debit,Credit Card Payment,Platinum Card
,1/11/2019,Hardware Store,144.08,debit,Groceries,Platinum Card
,9/7/2019,Whole Foods Market,160.54,debit,Credit Card Payment,Checking
,6/2/2019,Spotify,144.31,debit,Gas & Fuel,Checking
,4/11/2018,Whole Foods Market,122.05,credit,Groceries,Platinum Card
,6/18/2018,Whole Foods Market,166.62,credit,Restaurants,Silver Card
,4/29/2018,Amazon,16.89,debit,Mortgage & Rent,Platinum Card
,4/12/2018,Mike's Construction Co.,171.65,debit,Coffee Shops,Platinum Card
,5/12/2019,Power Company,144.45,debit,Shopping,Platinum Card
,8/11/2018,Power Company,59.25,credit,Paycheck,Platinum Card
,6/6/2018,Internet Service Provider,90.61,debit,Credit Card Payment,Platinum Card
,3/30/2019,Movie Theater,64.05,credit,Credit Card Payment,Platinum Card
,1/9/2019,Amazon,127.67,debit,Coffee Shops,Checking
,2/9/2019,American Tavern,185.41,credit,Paycheck,Platinum Card
,6/3/2019,Whole Foods Market,21.89,debit,Credit Card Payment,Platinum Card
,5/15/2018,TechCorp Salary,66.3,credit,Utilities,Platinum Card
,9/26/2019,Starbucks,96.96,credit,Electronics & Software,Silver Card
,11/29/2018,Latin Restaurant,145.35,debit,Restaurants,Checking
,9/19/2019,Grocery Store,161.52,credit,Alcohol & Bars,Checking
,5/30/2019,Grocery Store,11.63,debit,Shopping,Platinum Card
,2/5/2019,Credit Card Payment,5.08,debit,Gas & Fuel,Platinum Card
,12/10/2018,Wendy's,78.81,credit,Utilities,Platinum Card
,6/16/2019,Credit Card Payment,97.59,debit,Home Improvement,Checking
,11/9/2018,Grocery Store,166.85,debit,Gas & Fuel,Platinum Card
,9/1/2019,Vietnamese Restaurant,11.02,credit,Shopping,Platinum Card
,2/15/2019,Starbucks,53.24,credit,Movies & DVDs,Platinum Card
,1/6/2019,Whole Foods Market,120.22,credit,Restaurants,Checking
,9/3/2018,Starbucks Coffee,24.83,credit,Utilities,Silver Card
,7/18/2018,Spotify,165.47,debit,Coffee Shops,Platinum Card
,8/13/2019,Credit Card Payment,174.56,debit,Utilities,Platinum Card
,11/15/2018,Whole Foods Market,120.92,debit,Groceries,Silver Card
,3/25/2018,Valero,71.03,debit,Groceries,Silver Card
,4/15/2018,Amazon,160.13,debit,Paycheck,Silver Card
,4/30/2018,BP,59.39,credit,Utilities,Silver Card
,7/13/2018,Mediterranean Restaurant,188.02,credit,Auto Insurance,Platinum Card
,3/15/2019,Movie Theater,103.87,debit,Alcohol & Bars,Platinum Card
,6/11/2018,Hardware Store,68.03,credit,Groceries,Platinum Card
,5/27/2019,Internet Service Provider,82.09,debit,Shopping,Silver Card
,9/6/2019,Netflix Subscription,49.32,debit,Movies & DVDs,Platinum Card
,11/19/2018,Amazon,59.4,credit,Credit Card Payment,Silver Card
,1/15/2019,Credit Card Payment,41.79,credit,Gas & Fuel,Checking
,1/25/2019,Credit Card Payment,44.83,credit,Groceries,Checking
,2/18/2019,Pizza Place,84.24,debit,Credit Card Payment,Platinum Card
,10/12/2019,City Water Charges,11.22,credit,Restaurants,Platinum Card
,4/18/2019,Credit Card Payment,67.55,debit,Auto Insurance,Platinum Card
,7/9/2019,Spotify,63.21,debit,Groceries,Checking
,2/17/2018,Barbershop,137.11,credit,Credit Card Payment,Platinum Card
,7/6/2019,Shell,28.54,credit,Groceries,Platinum Card
,4/19/2019,State Farm,2.48,credit,Restaurants,Checking
,5/5/2019,Credit Card Payment,71.41,debit,Utilities,Silver Card
,5/22/2018,Grocery Store,149.43,debit,Credit Card Payment,Platinum Card
,5/25/2019,Credit Card Payment,30.93,credit,Groceries,Platinum Card
,3/16/2019,TechCorp Salary,179.9,debit,Shopping,Silver Card
,10/29/2019,Target,102.46,debit,Home Improvement,Checking
,7/7/2018,Spotify,7.79,credit,Credit Card Payment,Platinum Card
,1/30/2018,Biweekly Paycheck,45.27,debit,Movies & DVDs,Platinum Card
,6/13/2018,Brewing Company,172.8,debit,Haircut,Silver Card
,11/23/2018,Home Depot Hardware,45.26,debit,Haircut,Platinum Card
,8/3/2018,American Tavern,59.49,debit,Groceries,Platinum Card
,10/18/2019,BP,34.47,credit,Internet,Platinum Card
,8/20/2018,Barbershop,150.02,credit,Groceries,Platinum Card
,3/23/2019,Gas Company,17.43,debit,Paycheck,Platinum Card
,6/11/2018,Amazon,126.09,credit,Shopping,Platinum Card
,4/5/2018,Credit Card Payment,86.43,credit,Gas & Fuel,Platinum Card
,6/16/2018,Credit Card Payment,120.69,credit,Home Improvement,Platinum Card
,10/16/2019,City Water Charges,6.6,debit,Restaurants,Checking
,10/8/2019,Shell,180.97,credit,Restaurants,Silver Card
,6/12/2018,Credit Card Payment,98.29,debit,Home Improvement,Platinum Card
,8/11/2018,Internet Service Provider,99.76,credit,Shopping,Platinum Card
,1/31/2019,Internet Service Provider,82.26,credit,Restaurants,Platinum Card
,7/24/2018,Power Company,182.58,credit,Restaurants,Silver Card
,2/24/2019,QuikTrip,143.64,credit,Groceries,Silver Card
,3/14/2018,Amazon,137.22,credit,Auto Insurance,Checking
,6/25/2018,Phone Company,199.9,debit,Restaurants,Silver Card
,6/6/2018,Chick-Fil-A,88.54,debit,Gas & Fuel,Platinum Card
,2/14/2019,Grocery Store,62.66,debit,Mortgage & Rent,Checking
,10/30/2019,BP,173.21,debit,Gas & Fuel,Checking
,10/1/2019,City Water Charges,155.86,debit,Alcohol & Bars,Platinum Card
,7/7/2019,City Water Charges,185.58,credit,Shopping,Platinum Card
,10/20/2018,Brewing Company,88.41,debit,Paycheck,Checking
,12/11/2018,Amazon,193.75,credit,Utilities,Checking
,5/20/2019,Brewing Company,70.65,debit,Mobile Phone,Platinum Card
,10/24/2019,Phone Company,19.39,debit,Home Improvement,Checking
,4/28/2019,State Farm,199.26,credit,Utilities,Platinum Card
,3/5/2018,City Water Charges,52.67,debit,Internet,Checking
,2/1/2019,American Tavern,127.95,credit,Groceries,Platinum Card
,2/14/2018,Internet Service Provider,48.62,credit,Restaurants,Platinum Card
,11/6/2019,QuikTrip,2.13,debit,Home Improvement,Platinum Card
,9/23/2019,Greek Restaurant,21.22,debit,Groceries,Platinum Card
,11/14/2019,Credit Card Payment,47.07,credit,Alcohol & Bars,Checking
,8/5/2018,Barbershop,34.88,debit,Restaurants,Platinum Card
,8/20/2018,Credit Card Payment,194.9,credit,Groceries,Platinum Card
,6/10/2019,Amazon,158.22,credit,Credit Card Payment,Silver Card
,1/23/2019,Whole Foods Market,53.04,debit,Auto Insurance,Platinum Card
,1/7/2019,Brunch Restaurant,182.42,credit,Paycheck,Silver Card
,8/24/2019,Grocery Store,103.87,credit,Groceries,Platinum Card
,4/20/2018,Gas Company,111.13,debit,Restaurants,Silver Card
,10/5/2019,Whole Foods Market,188.48,credit,Internet,Checking
,9/20/2018,Netflix,22.2,credit,Credit Card Payment,Platinum Card
,3/7/2019,Whole Foods Market,193.94,credit,Internet,Platinum Card
,8/20/2018,Grocery Store,80.12,debit,Credit Card Payment,Platinum Card
,8/26/2019,Credit Card Payment,38.42,credit,Credit Card Payment,Checking
,7/15/2018,American Tavern,19.95,credit,Home Improvement,Platinum Card
,5/13/2018,American Tavern,12.19,credit,Mortgage & Rent,Silver Card
,1/2/2019,Brewing Company,150.2,debit,Credit Card Payment,Checking
,6/25/2019,Amazon,42.43,debit,Mortgage & Rent,Platinum Card
,11/12/2019,Netflix Subscription,63.79,credit,Television,Checking
,7/28/2019,Starbucks,159.21,debit,Groceries,Platinum Card
,1/12/2019,Starbucks,92.16,credit,Groceries,Platinum Card
,6/8/2019,BP,7.79,debit,Groceries,Platinum Card
,4/25/2018,Credit Card Payment,105.69,debit,Alcohol & Bars,Silver Card
,6/26/2018,Starbucks Coffee,134.92,credit,Credit Card Payment,Platinum Card
,2/18/2019,BBQ Restaurant,71.88,credit,Credit Card Payment,Platinum Card
,11/12/2019,Phone Company,35.26,credit,Alcohol & Bars,Checking
,8/1/2018,Biweekly Paycheck,140.08,debit,Music,Platinum Card
,4/23/2019,Credit Card Payment,122.28,credit,Groceries,Checking
,1/29/2020,Grocery Store,54.18,debit,Groceries,Silver Card
,2/7/2018,Starbucks,127.0,debit,Groceries,Checking
,11/1/2018,Amazon,43.3,credit,Gas & Fuel,Platinum Card
,12/6/2018,State Farm,198.11,debit,Paycheck,Platinum Card
,11/1/2019,Netflix Subscription,134.06,debit,Groceries,Platinum Card
,7/21/2019,Netflix Subscription,14.34,credit,Auto Insurance,Platinum Card
,9/23/2019,Starbucks,95.99,credit,Restaurants,Checking
,4/1/2018,Credit Card Payment,95.67,credit,Restaurants,Silver Card
,10/13/2019,Phone Company,190.33,debit,Restaurants,Platinum Card
,4/4/2019,Amazon,74.58,debit,Groceries,Silver Card
,12/1/2018,Grocery Store,17.67,credit,Paycheck,Platinum Card
,12/23/2018,Starbucks,180.03,credit,Groceries,Platinum Card
,12/24/2018,Gas Company,84.81,debit,Gas & Fuel,Silver Card
,3/24/2019,American Tavern,25.95,debit,Credit Card Payment,Platinum Card
,5/23/2019,Mortgage Payment,41.15,credit,Groceries,Checking
,11/24/2018,Gas Company,125.89,credit,Groceries,Checking
,8/23/2018,Credit Card Payment,194.59,debit,Auto Insurance,Checking
,8/5/2018,Home Depot Hardware,111.27,credit,Paycheck,Platinum Card
,7/4/2018,TechCorp Salary,118.28,debit,Utilities,Platinum Card
,11/8/2019,Shell,75.87,credit,Credit Card Payment,Silver Card
,7/15/2019,City Water Charges,138.49,credit,Restaurants,Platinum Card
,3/16/2018,Credit Card Payment,142.29,debit,Credit Card Payment,Platinum Card
,7/15/2019,Hardware Store,62.7,credit,Restaurants,Checking
,4/25/2018,Grocery Store,42.97,credit,Credit Card Payment,Checking
,1/30/2019,Amazon,82.58,debit,Credit Card Payment,Silver Card
,10/18/2018,Mike's Construction Co.,127.37,debit,Coffee Shops,Platinum Card
,6/26/2018,Credit Card Payment,39.59,debit,Shopping,Checking
,12/27/2018,Credit Card Payment,177.49,debit,Home Improvement,Silver Card
,5/1/2019,Amazon,71.67,debit,Restaurants,Checking
,2/3/2019,Japanese Restaurant,120.99,debit,Alcohol & Bars,Silver Card
,9/16/2019,Brewing Company,46.5,debit,Credit Card Payment,Checking
,12/15/2019,Gas Company,14.3,debit,Utilities,Silver Card
,1/8/2019,Brewing Company,178.67,debit,Restaurants,Platinum Card
,10/5/2019,Pizza Place,54.47,credit,Auto Insurance,Checking
,8/25/2019,Spotify,133.31,credit,Restaurants,Silver Card
,4/23/2018,Greek Restaurant,57.47,credit,Mortgage & Rent,Platinum Card
,2/14/2018,Spotify,169.73,debit,Mortgage & Rent,Silver Card
,3/9/2019,City Water Charges,5.54,credit,Restaurants,Platinum Card
,1/7/2019,TechCorp Salary,97.39,credit,Restaurants,Platinum Card
,5/12/2018,Credit Card Payment,152.62,debit,Paycheck,Platinum Card
,5/9/2018,Biweekly Paycheck,144.58,debit,Coffee Shops,Platinum Card
,10/20/2018,Biweekly Paycheck,179.82,credit,Credit Card Payment,Checking
,12/3/2018,Credit Card Payment,42.0,debit,Utilities,Platinum Card
,11/2/2019,Mediterranean Restaurant,84.76,credit,Internet,Checking
,1/14/2019,City Water Charges,132.33,credit,Mortgage & Rent,Platinum Card
,11/17/2018,Starbucks Coffee,41.42,debit,Paycheck,Silver Card
,4/22/2018,Chick-Fil-A,120.69,debit,Mobile Phone,Checking
,12/24/2018,Amazon,136.57,debit,Paycheck,Checking
,4/29/2019,Credit Card Payment,50.37,credit,Auto Insurance,Checking
,12/22/2018,TechCorp Salary,74.09,credit,Gas & Fuel,Silver Card
,9/10/2019,Barbershop,117.21,debit,Credit Card Payment,Silver Card
,2/16/2019,Grocery Store,43.79,debit,Paycheck,Platinum Card
,2/20/2019,QuikTrip,72.78,credit,Utilities,Silver Card
,3/29/2018,Phone Company,29.25,credit,Internet,Silver Card
,11/29/2018,Phone Company,53.33,debit,Groceries,Checking
,7/9/2018,Brewing Company,48.95,credit,Restaurants,Checking
,11/22/2019,American Tavern,116.87,debit,Gas & Fuel,Checking
,1/21/2019,Spotify,142.91,credit,Home Improvement,Platinum Card
,8/19/2018,Credit Card Payment,167.02,credit,Credit Card Payment,Checking
,7/2/2018,QuikTrip,37.13,credit,Groceries,Checking
,5/18/2019,Mike's Construction Co.,51.87,debit,Gas & Fuel,Silver Card
,11/1/2018,Internet Service Provider,21.8,credit,Gas & Fuel,Platinum Card
,10/4/2019,Whole Foods Market,3.75,credit,Shopping,Platinum Card
,10/8/2018,Netflix,143.94,debit,Music,Checking
,3/15/2018,TechCorp Salary,156.89,credit,Haircut,Checking
,3/24/2019,Hardware Store,127.0,credit,Restaurants,Silver Card
,6/29/2018,Amazon,59.06,debit,Television,Silver Card
,6/22/2019,Brewing Company,191.08,debit,Groceries,Silver Card
,5/19/2018,Whole Foods Market,71.95,debit,Groceries,Silver Card
,10/9/2019,Credit Card Payment,62.55,debit,Groceries,Silver Card
,9/17/2019,Credit Card Payment,2.44,debit,Shopping,Checking
,6/24/2019,TechCorp Salary,62.87,debit,Groceries,Platinum Card
,4/12/2018,Vietnamese Restaurant,111.35,credit,Alcohol & Bars,Checking
,10/14/2018,Roadside Diner,24.33,debit,Paycheck,Platinum Card
,12/10/2018,Amazon,65.71,credit,Credit Card Payment,Platinum Card
,12/20/2018,Whole Foods Market,45.88,credit,Shopping,Platinum Card
,4/10/2019,Credit Card Payment,191.8,credit,Utilities,Checking
,11/2/2018,Biweekly Paycheck,179.25,debit,Utilities,Platinum Card
,10/17/2019,Credit Card Payment,96.42,debit,Internet,Silver Card
,7/19/2019,Brewing Company,60.19,debit,Gas & Fuel,Silver Card
,9/11/2018,Whole Foods Market,125.81,credit,Gas & Fuel,Checking
,9/25/2019,Grocery Store,96.35,credit,Gas & Fuel,Checking
,6/28/2019,Phone Company,33.18,debit,Shopping,Platinum Card
,2/6/2019,Spotify,183.68,credit,Groceries,Checking
,5/4/2018,Fancy Restaurant,167.11,debit,Home Improvement,Checking
,1/19/2019,Hardware Store,104.6,credit,Gas & Fuel,Silver Card
,9/3/2018,State Farm,15.83,debit,Gas & Fuel,Platinum Card
,3/15/2018,Credit Card Payment,193.35,debit,Auto Insurance,Platinum Card
,12/14/2018,Grocery Store,154.8,credit,Internet,Platinum Card
,11/26/2019,Spotify,27.81,credit,Mortgage & Rent,Silver Card
,6/30/2018,American Tavern,60.19,debit,Shopping,Platinum Card
,8/16/2018,Gas Company,154.79,debit,Credit Card Payment,Silver Card
,6/17/2019,TechCorp Salary,35.7,credit,Coffee Shops,Platinum Card
,2/14/2018,State Farm,113.32,credit,Utilities,Silver Card
,9/7/2018,Credit Card Payment,67.35,debit,Utilities,Checking
,7/9/2019,Brewing Company,99.24,debit,Credit Card Payment,Platinum Card
,10/8/2018,American Tavern,51.96,debit,Home Improvement,Platinum Card
,10/30/2018,Netflix Subscription,84.88,credit,Groceries,Platinum Card
,8/3/2018,State Farm,54.7,debit,Credit Card Payment,Platinum Card
,6/24/2018,Shell,176.26,debit,Gas & Fuel,Platinum Card
,10/14/2018,Credit Card Payment,151.89,debit,Credit Card Payment,Platinum Card
,7/26/2019,Power Company,175.76,credit,Credit Card Payment,Checking
,7/31/2019,Credit Card Payment,50.87,debit,Groceries,Checking
,4/24/2018,BP,174.48,debit,Groceries,Platinum Card
,6/15/2019,BP,65.64,debit,Groceries,Platinum Card
,12/20/2018,BBQ Restaurant,178.42,debit,Home Improvement,Platinum Card
,9/19/2019,Mediterranean Restaurant,72.08,debit,Utilities,Platinum Card
,2/18/2019,Hardware Store,86.59,credit,Restaurants,Platinum Card
,5/29/2018,Credit Card Payment,59.1,credit,Home Improvement,Platinum Card
,7/6/2019,Gas Company,111.5,debit,Groceries,Silver Card
,7/29/2018,Chick-Fil-A,151.57,debit,Credit Card Payment,Checking
,4/19/2019,BP,7.49,debit,Groceries,Platinum Card
,5/11/2019,Amazon,132.74,credit,Gas & Fuel,Platinum Card
,10/18/2018,Credit Card Payment,76.97,credit,Television,Platinum Card
,12/23/2018,State Farm,44.95,debit,Credit Card Payment,Checking
,10/27/2019,Credit Card Payment,33.71,debit,Credit Card Payment,Silver Card
,6/28/2019,Whole Foods Market,170.05,debit,Auto Insurance,Platinum Card
,11/28/2019,Thai Restaurant,47.18,credit,Shopping,Silver Card
,10/22/2018,BP,175.35,debit,Shopping,Checking
,6/24/2018,Credit Card Payment,112.59,credit,Credit Card Payment,Platinum Card
,1/26/2019,Hardware Store,70.15,debit,Shopping,Checking
,10/10/2019,Credit Card Payment,40.7,credit,Credit Card Payment,Silver Card
,8/20/2018,Grocery Store,175.11,debit,Groceries,Checking
,10/24/2019,Credit Card Payment,199.31,credit,Restaurants,Platinum Card
,7/15/2019,Barbershop,161.34,debit,Mortgage & Rent,Silver Card
,7/27/2019,American Tavern,161.76,debit,Haircut,Silver Card
,9/22/2019,Brunch Restaurant,108.08,debit,Paycheck,Checking
,8/20/2018,Amazon,140.66,debit,Restaurants,Platinum Card
,7/20/2019,Mediterranean Restaurant,164.55,debit,Auto Insurance,Platinum Card
,12/2/2018,Gas Company,2.24,credit,Groceries,Platinum Card
,10/31/2018,Amazon,192.63,debit,Coffee Shops,Silver Card
,2/12/2019,Credit Card Payment,125.6,debit,Paycheck,Silver Card
,7/7/2018,Sheetz,10.18,credit,Groceries,Silver Card
,3/29/2018,State Farm,15.72,credit,Restaurants,Platinum Card
,2/13/2018,Spotify,179.1,credit,Utilities,Checking
,3/27/2018,Grocery Store,57.8,debit,Groceries,Platinum Card
,12/28/2018,TechCorp Salary,41.33,credit,Paycheck,Platinum Card
,8/9/2019,TechCorp Salary,81.27,credit,Restaurants,Silver Card
,8/10/2019,Biweekly Paycheck,177.66,credit,Home Improvement,Silver Card
,12/8/2018,Starbucks Coffee,69.71,debit,Restaurants,Platinum Card
,9/6/2019,Whole Foods Market,44.78,credit,Credit Card Payment,Platinum Card
,7/5/2018,Grocery Store,26.08,debit,Groceries,Platinum Card
,8/15/2019,Phone Company,184.8,debit,Paycheck,Platinum Card
,10/22/2018,Brewing Company,168.37,debit,Groceries,Silver Card
,5/11/2018,QuikTrip,96.76,credit,Shopping,Silver Card
,5/17/2018,Power Company,193.08,debit,Restaurants,Silver Card
,8/31/2018,Spotify,130.2,credit,Shopping,Checking
,10/14/2018,TechCorp Salary,32.52,debit,Auto Insurance,Checking
,5/2/2018,Amazon,179.14,credit,Credit Card Payment,Checking
,9/28/2019,Starbucks,74.83,debit,Alcohol & Bars,Checking
,4/18/2018,Credit Card Payment,29.23,credit,Shopping,Platinum Card
,10/13/2019,Whole Foods Market,70.98,credit,Restaurants,Silver Card
,6/6/2019,Spotify,7.39,debit,Utilities,Platinum Card
,10/4/2018,Brewing Company,78.79,credit,Credit Card Payment,Silver Card
,7/5/2019,American Tavern,53.15,debit,Credit Card Payment,Checking
,2/12/2019,Credit Card Payment,131.77,credit,Alcohol & Bars,Checking
,6/14/2019,Starbucks Coffee,198.41,credit,Credit Card Payment,Checking
,7/22/2018,Biweekly Paycheck,77.38,credit,Coffee Shops,Platinum Card
,6/27/2018,Biweekly Paycheck,39.07,debit,Shopping,Platinum Card
,6/28/2018,Credit Card Payment,90.33,debit,Utilities,Platinum Card
,6/16/2018,Hardware Store,52.32,debit,Shopping,Silver Card
,8/8/2018,Netflix,32.89,credit,Music,Checking
,7/16/2018,Power Company,18.25,credit,Haircut,Silver Card
,10/6/2018,Best Buy,161.95,credit,Credit Card Payment,Platinum Card
,7/29/2019,Credit Card Payment,66.71,credit,Credit Card Payment,Platinum Card
,10/28/2018,Whole Foods Market,163.16,credit,Groceries,Platinum Card
,12/9/2018,Biweekly Paycheck,16.07,credit,Restaurants,Silver Card
,9/23/2019,Gas Company,179.16,debit,Groceries,Platinum Card
,9/8/2018,Credit Card Payment,6.03,debit,Credit Card Payment,Platinum Card
,2/5/2019,Netflix Subscription,48.18,credit,Shopping,Silver Card
,10/21/2019,State Farm,185.13,debit,Restaurants,Platinum Card
,1/13/2019,Amazon,151.31,debit,Shopping,Checking
,9/12/2018,Thai Restaurant,188.41,credit,Groceries,Silver Card
,2/11/2019,TechCorp Salary,122.88,credit,Paycheck,Silver Card
,11/20/2018,Amazon,98.28,credit,Shopping,Checking
,7/16/2018,BP,192.03,credit,Credit Card Payment,Checking
,10/4/2018,Biweekly Paycheck,148.35,debit,Auto Insurance,Checking
,10/23/2018,Brewing Company,110.94,credit,Credit Card Payment,Silver Card
,11/18/2018,TechCorp Salary,115.1,debit,Internet,Platinum Card
,2/17/2019,Spotify,7.96,credit,Home Improvement,Platinum Card
,6/11/2018,Grocery Store,187.85,credit,Gas & Fuel,Checking
,8/24/2018,Chick-Fil-A,65.67,debit,Shopping,Silver Card
,7/24/2018,Shell,166.6,credit,Mortgage & Rent,Silver Card
,4/18/2019,Gas Company,132.04,debit,Shopping,Silver Card
,11/9/2018,QuikTrip,17.89,debit,Coffee Shops,Platinum Card
,5/29/2018,Hardware Store,184.86,debit,Groceries,Checking
,5/25/2018,Netflix,163.17,credit,Shopping,Platinum Card
,5/6/2019,Netflix,181.79,credit,Fast Food,Platinum Card
,2/26/2019,Mike's Construction Co.,139.71,debit,Groceries,Platinum Card
,10/21/2019,Whole Foods Market,158.76,debit,Credit Card Payment,Checking
,8/31/2019,Power Company,182.79,credit,Credit Card Payment,Platinum Card
,7/11/2018,Grocery Store,13.31,credit,Home Improvement,Checking
,9/18/2018,Grocery Store,161.46,debit,Groceries,Checking
,4/10/2018,Biweekly Paycheck,177.54,debit,Groceries,Platinum Card
,1/3/2019,Grocery Store,144.08,credit,Television,Silver Card
,9/4/2018,Credit Card Payment,147.96,debit,Restaurants,Platinum Card
,7/13/2019,Whole Foods Market,37.97,credit,Utilities,Checking
,4/1/2018,Shell,189.52,debit,Credit Card Payment,Silver Card
,3/8/2019,Whole Foods Market,10.83,credit,Credit Card Payment,Checking
,2/2/2019,Latin Restaurant,59.29,debit,Credit Card Payment,Platinum Card
,6/11/2018,Starbucks Coffee,94.41,credit,Credit Card Payment,Checking
,7/28/2018,Whole Foods Market,109.08,debit,Internet,Silver Card
,5/28/2019,Bakery Place,37.98,debit,Internet,Checking
,6/2/2018,Best Buy,124.97,debit,Credit Card Payment,Platinum Card
,9/21/2018,Hardware Store,92.84,credit,Paycheck,Silver Card
,11/3/2018,Whole Foods Market,15.83,credit,Groceries,Platinum Card
,6/1/2018,Home Depot Hardware,98.14,credit,Groceries,Platinum Card
,11/2/2018,Credit Card Payment,65.88,credit,Credit Card Payment,Platinum Card
,11/4/2018,Credit Card Payment,191.77,credit,Gas & Fuel,Checking
,6/21/2018,Credit Card Payment,78.52,debit,Gas & Fuel,Platinum Card
,4/1/2019,Credit Card Payment,99.71,debit,Utilities,Checking
,9/17/2018,BP,38.92,credit,Shopping,Platinum Card
,1/9/2019,Amazon,89.66,credit,Shopping,Silver Card
,4/30/2019,Grocery Store,33.84,debit,Utilities,Checking
,3/25/2018,Grocery Store,183.84,credit,Paycheck,Platinum Card
,10/3/2019,Barbershop,176.57,debit,Alcohol & Bars,Platinum Card
,4/25/2019,Credit Card Payment,59.81,debit,Credit Card Payment,Platinum Card
,10/5/2019,Shell,43.38,debit,Credit Card Payment,Platinum Card
,7/30/2018,Barbershop,41.61,debit,Home Improvement,Platinum Card
,3/5/2018,Shell,106.94,debit,Groceries,Checking
,7/3/2018,State Farm,5.31,debit,Credit Card Payment,Platinum Card
,5/3/2019,Barbershop,12.19,credit,Utilities,Platinum Card
,7/8/2018,Credit Card Payment,166.93,debit,Groceries,Checking
,5/17/2018,BP,190.3,debit,Alcohol & Bars,Checking
,5/22/2019,Mexican Restaurant,193.2,credit,Home Improvement,Silver Card
,4/9/2018,Brewing Company,131.15,debit,Paycheck,Checking
,9/21/2018,Credit Card Payment,119.98,credit,Restaurants,Silver Card
,8/16/2019,Whole Foods Market,123.72,credit,Restaurants,Silver Card
,4/17/2018,Chick-Fil-A,9.71,credit,Alcohol & Bars,Silver Card
,1/26/2019,Credit Card Payment,112.09,debit,Utilities,Platinum Card
,4/16/2018,BP,6.0,debit,Fast Food,Checking
,7/14/2019,Hardware Store,172.78,debit,Credit Card Payment,Platinum Card
,8/22/2019,Grocery Store,21.66,debit,Mortgage & Rent,Checking
,7/2/2018,Mediterranean Restaurant,33.71,debit,Coffee Shops,Checking
,2/13/2018,TechCorp Salary,48.66,debit,Credit Card Payment,Silver Card
,2/6/2019,Biweekly Paycheck,73.71,credit,Credit Card Payment,Platinum Card
,1/2/2019,Chick-Fil-A,181.79,debit,Internet,Platinum Card
,6/19/2018,Whole Foods Market,78.64,credit,Utilities,Silver Card
,4/16/2018,State Farm,77.14,debit,Shopping,Platinum Card
,4/25/2019,Credit Card Payment,50.67,debit,Groceries,Platinum Card
,3/8/2018,Movie Theater,54.81,debit,Utilities,Checking
,4/29/2018,City Water Charges,92.89,debit,Credit Card Payment,Platinum Card
,8/30/2018,Mike's Construction Co.,147.81,credit,Coffee Shops,Platinum Card
,6/13/2019,Whole Foods Market,66.91,credit,Restaurants,Silver Card
,2/3/2018,Whole Foods Market,129.15,credit,Restaurants,Platinum Card
,5/7/2018,Netflix Subscription,65.46,credit,Auto Insurance,Platinum Card
,3/26/2018,Credit Card Payment,52.79,credit,Mobile Phone,Silver Card
,10/2/2019,Italian Restaurant,156.6,credit,Utilities,Checking
,6/9/2018,Phone Company,199.41,debit,Shopping,Checking
,12/17/2019,Home Depot Hardware,172.64,debit,Utilities,Platinum Card
,4/6/2018,Credit Card Payment,27.18,debit,Shopping,Checking
,6/8/2019,Grocery Store,132.99,credit,Credit Card Payment,Platinum Card
,6/16/2018,Credit Card Payment,36.46,debit,Credit Card Payment,Platinum Card
,6/18/2018,Credit Card Payment,117.81,debit,Paycheck,Checking
,12/5/2018,Valero,161.77,credit,Coffee Shops,Silver Card
,4/13/2018,Belgian Restaurant,56.78,credit,Gas & Fuel,Platinum Card
,5/15/2018,Hardware Store,145.58,debit,Restaurants,Silver Card
,7/13/2018,Grocery Store,184.99,debit,Credit Card Payment,Checking
,7/26/2018,Spotify,163.53,credit,Groceries,Platinum Card
,9/20/2019,Internet Service Provider,142.03,credit,Groceries,Silver Card
,12/4/2018,Credit Card Payment,141.93,credit,Shopping,Checking
,11/16/2018,Internet Service Provider,97.26,debit,Alcohol & Bars,Checking
,10/7/2019,State Farm,115.98,debit,Credit Card Payment,Checking
,12/18/2018,Credit Card Payment,1.04,credit,Restaurants,Checking
,6/9/2018,Hardware Store,3.48,credit,Mortgage & Rent,Platinum Card
,6/28/2018,Netflix Subscription,85.63,credit,Fast Food,Checking
,10/9/2019,Amazon,16.95,debit,Alcohol & Bars,Checking
,3/30/2018,Greek Restaurant,43.13,debit,Paycheck,Platinum Card
,1/6/2019,Power Company,51.03,debit,Gas & Fuel,Platinum Card
,5/25/2018,Credit Card Payment,79.46,debit,Mobile Phone,Platinum Card
,1/8/2019,Barbershop,133.17,credit,Credit Card Payment,Silver Card
,4/15/2018,Barbershop,142.51,debit,Credit Card Payment,Silver Card
,1/13/2019,Home Depot Hardware,94.86,credit,Restaurants,Checking
,12/2/2018,American Tavern,33.63,debit,Groceries,Checking
,10/10/2018,Sushi Restaurant,154.85,debit,Restaurants,Silver Card
,1/10/2018,Credit Card Payment,49.14,debit,Mobile Phone,Checking
,4/10/2018,Amazon,66.53,debit,Restaurants,Checking
,11/15/2018,Amazon Video,181.83,credit,Utilities,Checking
,10/30/2019,Greek Restaurant,90.66,credit,Coffee Shops,Platinum Card
,4/28/2019,Shell,17.59,debit,Utilities,Platinum Card
,7/28/2018,American Tavern,162.69,debit,Shopping,Checking
,5/17/2018,Credit Card Payment,168.48,credit,Mobile Phone,Checking
,3/18/2018,Thai Restaurant,106.78,credit,Restaurants,Checking
,10/8/2019,Credit Card Payment,167.99,debit,Restaurants,Platinum Card
,4/3/2018,Pizza Place,29.92,credit,Groceries,Platinum Card
,7/29/2018,Thai Restaurant,6.78,credit,Credit Card Payment,Silver Card
,9/22/2018,Biweekly Paycheck,177.67,debit,Groceries,Silver Card
,12/29/2018,TechCorp Salary,78.74,credit,Haircut,Checking
,5/2/2019,Shell,11.16,debit,Credit Card Payment,Silver Card
,1/13/2019,Whole Foods Market,26.46,debit,Home Improvement,Platinum Card
,9/30/2019,Credit Card Payment,53.08,credit,Credit Card Payment,Checking
,4/9/2019,Vietnamese Restaurant,80.54,credit,Coffee Shops,Checking
,11/2/2018,Brewing Company,174.37,debit,Alcohol & Bars,Silver Card
,12/7/2018,Shell,20.81,credit,Gas & Fuel,Checking
,10/13/2018,Phone Company,115.21,debit,Credit Card Payment,Checking
,9/3/2018,Hardware Store,7.35,debit,Credit Card Payment,Platinum Card
,9/7/2018,Credit Card Payment,16.39,credit,Groceries,Checking
,6/24/2019,Brewing Company,146.7,debit,Coffee Shops,Platinum Card
,6/6/2018,Whole Foods Market,85.82,debit,Gas & Fuel,Checking
,3/28/2018,Biweekly Paycheck,16.33,credit,Credit Card Payment,Silver Card
,9/30/2019,Credit Card Payment,161.14,debit,Shopping,Checking
,3/3/2018,Whole Foods Market,74.86,debit,Movies & DVDs,Checking
,3/26/2018,American Tavern,95.97,debit,Groceries,Checking
,9/3/2018,Whole Foods Market,17.25,credit,Utilities,Platinum Card
,1/22/2018,Credit Card Payment,138.1,credit,Restaurants,Platinum Card
,7/2/2019,Credit Card Payment,112.47,credit,Credit Card Payment,Platinum Card
,10/4/2019,Biweekly Paycheck,97.41,credit,Utilities,Silver Card
,11/8/2018,Gas Company,87.97,credit,Groceries,Checking
,7/2/2018,Circle K,195.99,debit,Credit Card Payment,Checking
,9/24/2019,Phone Company,160.87,credit,Internet,Checking
,4/7/2018,Gas Company,12.5,debit,Music,Platinum Card
,12/1/2018,Netflix,58.32,debit,Shopping,Silver Card
,4/13/2019,Pizza Place,8.47,credit,Auto Insurance,Silver Card
,2/6/2019,American Tavern,14.73,credit,Groceries,Platinum Card
,7/24/2019,American Tavern,181.8,debit,Groceries,Checking
,6/22/2018,Credit Card Payment,154.97,debit,Groceries,Platinum Card
,10/11/2018,Brewing Company,78.03,credit,Shopping,Platinum Card
,8/6/2018,Barbershop,172.95,debit,Alcohol & Bars,Silver Card
,9/19/2019,Credit Card Payment,25.94,credit,Restaurants,Checking
,5/13/2018,Starbucks,121.48,debit,Entertainment,Silver Card
,4/11/2019,Starbucks,82.63,credit,Paycheck,Silver Card
,9/19/2019,Internet Service Provider,20.65,debit,Coffee Shops,Silver Card
,7/12/2019,Phone Company,67.68,debit,Credit Card Payment,Platinum Card
,6/27/2018,Grocery Store,121.43,debit,Haircut,Platinum Card
,11/10/2018,Credit Card Payment,69.73,credit,Groceries,Silver Card
,1/8/2019,Amazon,7.8,debit,Utilities,Silver Card
,1/8/2019,Roadside Diner,9.48,credit,Coffee Shops,Platinum Card
,6/7/2019,Netflix,9.4,credit,Groceries,Platinum Card
,8/13/2018,Amazon,132.03,debit,Credit Card Payment,Platinum Card
,2/12/2019,BP,186.07,debit,Gas & Fuel,Checking
,12/16/2018,Credit Card Payment,172.41,credit,Utilities,Checking
,4/27/2018,City Water Charges,78.68,debit,Coffee Shops,Platinum Card
,5/22/2018,Brewing Company,25.31,debit,Credit Card Payment,Checking
,11/2/2018,Amazon,82.72,debit,Home Improvement,Silver Card
,9/30/2019,Internet Service Provider,187.37,credit,Auto Insurance,Platinum Card
,12/22/2018,Starbucks Coffee,124.77,debit,Internet,Platinum Card
,11/25/2018,Spotify,179.24,debit,Television,Checking
,11/25/2018,Whole Foods Market,100.84,debit,Credit Card Payment,Silver Card
,6/15/2019,Credit Card Payment,17.26,debit,Restaurants,Checking
,11/1/2019,Chick-Fil-A,118.93,credit,Paycheck,Checking
,8/13/2018,Starbucks,93.67,credit,Credit Card Payment,Silver Card
,7/24/2019,Barbershop,75.84,debit,Credit Card Payment,Platinum Card
,3/13/2018,BP,60.69,debit,Shopping,Platinum Card
,10/1/2018,Credit Card Payment,62.77,debit,Mortgage & Rent,Checking
,8/25/2018,Credit Card Payment,194.17,credit,Coffee Shops,Platinum Card
,11/8/2019,Gas Company,103.23,credit,Credit Card Payment,Platinum Card
,3/1/2019,Biweekly Paycheck,159.83,credit,Restaurants,Checking
,7/14/2019,Credit Card Payment,167.75,debit,Mobile Phone,Platinum Card
,1/5/2019,Power Company,71.87,credit,Credit Card Payment,Platinum Card
,12/14/2018,Phone Company,112.34,debit,Music,Silver Card
,11/18/2018,Brunch Restaurant,91.08,debit,Restaurants,Platinum Card
,6/28/2018,TechCorp Salary,48.89,credit,Movies & DVDs,Checking
,10/1/2019,Brewing Company,105.17,debit,Utilities,Checking
,3/12/2018,Amazon,156.92,debit,Haircut,Platinum Card
,4/2/2018,Power Company,71.08,credit,Coffee Shops,Platinum Card
,7/11/2019,Whole Foods Market,64.94,credit,Internet,Checking
,12/10/2018,American Tavern,192.68,debit,Internet,Checking
,7/25/2019,Home Depot Hardware,7.14,credit,Gas & Fuel,Platinum Card
,7/31/2018,Hardware Store,182.94,credit,Credit Card Payment,Platinum Card
,10/21/2019,Netflix,32.2,debit,Gas & Fuel,Platinum Card
,2/1/2018,Credit Card Payment,100.56,debit,Restaurants,Platinum Card
,9/16/2019,Brunch Restaurant,16.52,credit,Gas & Fuel,Platinum Card
,11/14/2018,American Tavern,160.62,credit,Restaurants,Platinum Card
,5/28/2018,Credit Card Payment,35.17,credit,Shopping,Checking
,12/23/2018,Credit Card Payment,174.53,debit,Music,Silver Card
,7/22/2018,State Farm,109.23,debit,Restaurants,Platinum Card
,5/20/2018,City Water Charges,88.68,debit,Coffee Shops,Checking
,11/15/2018,Mexican Restaurant,169.9,debit,Gas & Fuel,Platinum Card
,12/4/2018,Internet Service Provider,144.52,credit,Gas & Fuel,Checking
,1/9/2018,Mediterranean Restaurant,99.41,debit,Utilities,Platinum Card
,6/29/2019,Gas Company,36.34,credit,Gas & Fuel,Platinum Card
,4/14/2018,State Farm,46.57,credit,Restaurants,Silver Card
,4/9/2018,Grocery Store,192.83,credit,Alcohol & Bars,Platinum Card
,7/15/2018,American Tavern,59.56,credit,Mobile Phone,Checking
,1/27/2019,Starbucks Coffee,172.52,debit,Movies & DVDs,Platinum Card
,12/6/2019,City Water Charges,13.08,credit,Credit Card Payment,Checking
,6/19/2018,Credit Card Payment,151.87,credit,Internet,Checking
,9/10/2018,Spotify,45.79,credit,Movies & DVDs,Platinum Card
,1/28/2019,Credit Card Payment,160.38,debit,Groceries,Checking
,1/7/2019,Japanese Restaurant,59.8,credit,Movies & DVDs,Checking
,10/15/2019,TechCorp Salary,147.75,debit,Paycheck,Platinum Card
,1/6/2019,Brunch Restaurant,127.09,credit,Groceries,Checking
,8/18/2019,Starbucks,136.41,credit,Shopping,Silver Card
,2/16/2018,Thai Restaurant,56.82,debit,Mortgage & Rent,Platinum Card
,4/20/2018,Credit Card Payment,102.18,debit,Alcohol & Bars,Silver Card
,7/17/2019,Brewing Company,174.12,credit,Utilities,Platinum Card
,1/21/2019,Movie Theater,103.4,debit,Utilities,Platinum Card
,1/11/2018,Whole Foods Market,105.64,debit,Mortgage & Rent,Checking
,8/31/2019,QuikTrip,190.44,credit,Credit Card Payment,Platinum Card
,10/7/2018,Chick-Fil-A,22.5,credit,Paycheck,Silver Card
,12/14/2018,State Farm,97.97,credit,Alcohol & Bars,Platinum Card
,7/10/2018,Netflix Subscription,49.3,debit,Paycheck,Checking
,10/12/2018,State Farm,112.21,debit,Groceries,Silver Card
,6/25/2019,Grocery Store,92.17,credit,Paycheck,Platinum Card
,7/30/2018,Biweekly Paycheck,28.54,debit,Shopping,Silver Card
,12/13/2019,Brewing Company,41.98,credit,Auto Insurance,Platinum Card
,10/16/2018,Credit Card Payment,18.81,debit,Restaurants,Checking
,2/2/2019,Hardware Store,41.28,debit,Restaurants,Platinum Card
,3/29/2018,Credit Card Payment,51.61,credit,Haircut,Platinum Card
,8/2/2019,Amazon,74.63,debit,Shopping,Checking
,2/12/2019,Starbucks Coffee,82.99,debit,Credit Card Payment,Checking
,7/24/2019,BP,116.34,debit,Home Improvement,Platinum Card
,4/1/2019,American Tavern,109.36,credit,Coffee Shops,Platinum Card
,11/23/2019,Shell,79.75,credit,Credit Card Payment,Platinum Card
,12/5/2018,Starbucks Coffee,24.57,credit,Credit Card Payment,Platinum Card
,4/19/2018,Credit Card Payment,76.87,debit,Paycheck,Platinum Card
,1/30/2019,Home Depot Hardware,136.15,debit,Restaurants,Silver Card
,11/19/2018,Credit Card Payment,86.74,debit,Utilities,Platinum Card
,5/25/2018,Spotify,138.81,credit,Television,Silver Card
,4/7/2019,Movie Theater,62.18,debit,Fast Food,Platinum Card
,10/4/2018,Home Depot Hardware,146.02,debit,Utilities,Checking
,7/13/2019,Grocery Store,7.71,credit,Coffee Shops,Silver Card
,3/10/2019,Pizza Place,47.15,credit,Utilities,Platinum Card
,4/28/2018,Netflix,199.78,debit,Coffee Shops,Platinum Card
,4/17/2019,Grocery Store,199.33,credit,Gas & Fuel,Checking
,5/3/2019,Biweekly Paycheck,91.44,credit,Groceries,Checking
,4/17/2019,Whole Foods Market,101.06,credit,Paycheck,Platinum Card
,4/14/2018,Biweekly Paycheck,17.78,credit,Music,Silver Card
,12/10/2018,Grocery Store,187.44,credit,Groceries,Platinum Card
,2/20/2019,Brunch Restaurant,87.09,debit,Utilities,Silver Card
,5/13/2018,Credit Card Payment,170.61,credit,Internet,Checking
,10/11/2019,Netflix Subscription,40.88,credit,Utilities,Platinum Card
,4/11/2019,Brewing Company,119.76,credit,Credit Card Payment,Silver Card
,12/26/2018,Brunch Restaurant,12.38,credit,Home Improvement,Checking
,9/6/2018,TechCorp Salary,28.46,credit,Credit Card Payment,Checking
,9/26/2019,Credit Card Payment,151.04,credit,Coffee Shops,Platinum Card
,2/2/2019,Credit Card Payment,169.96,credit,Shopping,Checking
,5/11/2018,Grocery Store,190.35,debit,Auto Insurance,Silver Card
,11/28/2018,Hardware Store,107.93,debit,Groceries,Checking
,12/4/2018,Mexican Restaurant,151.62,debit,Utilities,Checking
,4/24/2018,Credit Card Payment,127.66,debit,Shopping,Checking
,10/9/2019,American Tavern,165.7,credit,Coffee Shops,Checking
,4/23/2019,Brewing Company,88.13,debit,Haircut,Checking
,8/1/2019,Phone Company,120.8,credit,Auto Insurance,Platinum Card
,10/9/2018,Hardware Store,58.7,credit,Groceries,Platinum Card
,12/7/2018,Sushi Restaurant,63.16,debit,Paycheck,Platinum Card
,2/11/2019,Credit Card Payment,69.67,debit,Internet,Platinum Card
,11/23/2019,Internet Service Provider,133.8,credit,Groceries,Platinum Card
,5/18/2018,Gas Company,24.21,credit,Shopping,Platinum Card
,10/5/2019,Grocery Store,33.02,debit,Credit Card Payment,Silver Card
,9/10/2019,Biweekly Paycheck,128.78,debit,Gas & Fuel,Checking
,9/20/2018,Hardware Store,103.79,credit,Restaurants,Platinum Card
,11/11/2019,Whole Foods Market,135.77,debit,Restaurants,Checking
,12/16/2018,Credit Card Payment,77.88,credit,Restaurants,Platinum Card
,9/17/2019,Japanese Restaurant,52.38,debit,Groceries,Checking
,9/16/2019,Credit Card Payment,11.83,credit,Coffee Shops,Silver Card
,10/10/2019,Starbucks,38.89,debit,Fast Food,Platinum Card
,1/3/2019,Amazon,19.2,debit,Paycheck,Platinum Card
,9/5/2018,Amazon,8.41,credit,Electronics & Software,Silver Card
,11/14/2018,Credit Card Payment,6.29,credit,Shopping,Platinum Card
,9/12/2019,Amazon,58.24,debit,Credit Card Payment,Platinum Card
,9/30/2018,Amazon,14.53,credit,Paycheck,Checking
,11/11/2018,Barbershop,137.05,debit,Television,Silver Card
,6/30/2019,Credit Card Payment,53.94,debit,Groceries,Silver Card
,2/2/2019,Shell,152.03,debit,Paycheck,Platinum Card
,7/4/2019,Credit Card Payment,46.63,credit,Internet,Platinum Card
,6/22/2018,Internet Service Provider,146.03,credit,Utilities,Platinum Card
,1/17/2019,Grocery Store,137.01,credit,Utilities,Platinum Card
,3/15/2018,Credit Card Payment,178.8,debit,Shopping,Checking
,10/12/2018,Credit Card Payment,21.27,credit,Mortgage & Rent,Platinum Card
,11/3/2018,Hardware Store,71.69,credit,Credit Card Payment,Checking
,10/12/2019,Netflix Subscription,176.43,credit,Credit Card Payment,Checking
,10/1/2018,Biweekly Paycheck,36.53,debit,Mortgage & Rent,Platinum Card
,4/22/2019,Whole Foods Market,75.61,debit,Shopping,Silver Card
,10/6/2018,Barbershop,123.68,debit,Restaurants,Checking
,7/26/2018,BP,169.61,debit,Restaurants,Platinum Card
,2/26/2018,Roadside Diner,173.22,debit,Paycheck,Platinum Card
,5/13/2019,Amazon,71.34,credit,Utilities,Checking
,10/11/2018,Spotify,104.67,debit,Haircut,Checking
,1/20/2019,Greek Restaurant,19.21,debit,Mobile Phone,Checking
,3/13/2018,Brunch Restaurant,28.47,credit,Gas & Fuel,Checking
,5/31/2019,Internet Service Provider,158.2,credit,Haircut,Silver Card
,7/31/2019,Credit Card Payment,41.65,credit,Coffee Shops,Silver Card
,5/19/2018,Credit Card Payment,36.08,credit,Utilities,Platinum Card
,2/11/2019,Credit Card Payment,88.15,debit,Groceries,Checking
,10/3/2019,Whole Foods Market,58.07,credit,Television,Platinum Card
,12/22/2018,State Farm,128.98,credit,Groceries,Checking
,4/19/2018,American Tavern,70.06,credit,Utilities,Platinum Card
,7/20/2019,Home Depot Hardware,122.72,debit,Auto Insurance,Silver Card
,10/20/2019,Credit Card Payment,124.12,debit,Gas & Fuel,Platinum Card
,4/17/2018,Phone Company,54.88,credit,Restaurants,Silver Card
,8/16/2018,Biweekly Paycheck,35.22,credit,Groceries,Platinum Card
,8/30/2019,Mediterranean Restaurant,136.94,debit,Coffee Shops,Checking
,7/11/2018,Internet Service Provider,137.0,debit,Credit Card Payment,Platinum Card
,4/14/2018,Amazon,99.29,credit,Credit Card Payment,Checking
,8/9/2019,Credit Card Payment,72.32,debit,Auto Insurance,Platinum Card
,7/20/2018,QuikTrip,37.1,credit,Music,Checking
,6/10/2019,Whole Foods Market,78.48,credit,Utilities,Platinum Card
,6/8/2019,Credit Card Payment,163.37,credit,Gas & Fuel,Checking
,5/2/2019,Hardware Store,154.69,credit,Credit Card Payment,Platinum Card
,6/30/2018,Greek Restaurant,111.45,credit,Groceries,Checking
,8/14/2018,Phone Company,153.02,credit,Auto Insurance,Checking
,8/31/2019,Power Company,93.71,debit,Credit Card Payment,Platinum Card
,8/26/2019,TechCorp Salary,153.92,credit,Groceries,Silver Card
,9/27/2018,Vietnamese Restaurant,154.16,credit,Groceries,Platinum Card
,5/4/2019,Amazon,87.01,credit,Credit Card Payment,Platinum Card
,8/16/2019,Gas Company,89.66,credit,Alcohol & Bars,Silver Card
,8/18/2019,Greek Restaurant,127.18,debit,Credit Card Payment,Checking
,5/1/2018,Internet Service Provider,98.32,credit,Coffee Shops,Silver Card
,6/21/2018,Gas Company,187.69,credit,Restaurants,Platinum Card
,6/11/2018,Spotify,52.55,credit,Gas & Fuel,Checking
,11/15/2019,Gas Station,195.95,debit,Auto Insurance,Checking
,12/29/2018,American Tavern,149.89,debit,Credit Card Payment,Silver Card
,6/25/2019,Gas Company,8.68,credit,Internet,Platinum Card
,12/11/2018,American Tavern,197.84,credit,Paycheck,Checking
,6/13/2019,Brewing Company,182.73,credit,Credit Card Payment,Platinum Card
,9/20/2018,Grocery Store,91.38,credit,Credit Card Payment,Checking
,5/6/2018,Gas Company,81.64,debit,Restaurants,Checking
,7/27/2019,Credit Card Payment,7.77,debit,Gas & Fuel,Checking
,3/15/2019,BP,149.0,credit,Mobile Phone,Platinum Card
,7/28/2018,Grocery Store,1.15,credit,Alcohol & Bars,Platinum Card
,6/26/2019,Fancy Restaurant,55.56,debit,Utilities,Silver Card
,9/9/2019,Liquor Store,97.57,debit,Groceries,Checking
,6/12/2018,Movie Theater,95.83,credit,Credit Card Payment,Checking
,11/28/2018,City Water Charges,172.61,debit,Gas & Fuel,Platinum Card
,9/18/2018,Grocery Store,154.94,credit,Movies & DVDs,Silver Card
,4/4/2019,Credit Card Payment,38.28,credit,Gas & Fuel,Platinum Card
,5/25/2019,TechCorp Salary,58.64,debit,Coffee Shops,Checking
,5/21/2018,Mediterranean Restaurant,20.42,debit,Restaurants,Platinum Card
,10/2/2019,Grocery Store,4.12,credit,Credit Card Payment,Platinum Card
,8/10/2018,Internet Service Provider,174.79,credit,Home Improvement,Checking
,7/16/2018,Spotify,72.11,credit,Restaurants,Checking
,5/15/2018,Movie Theater,61.67,credit,Groceries,Silver Card
,5/31/2019,Fancy Restaurant,178.22,credit,Shopping,Silver Card
,11/15/2018,Credit Card Payment,135.81,credit,Alcohol & Bars,Checking
,5/2/2018,Pizza Place,140.75,credit,Credit Card Payment,Platinum Card
,4/26/2018,Credit Card Payment,87.03,debit,Groceries,Platinum Card
,6/18/2019,Phone Company,81.31,credit,Music,Silver Card
,10/5/2019,American Tavern,15.86,debit,Shopping,Checking
,11/28/2018,Grocery Store,106.34,debit,Credit Card Payment,Checking
,8/13/2019,Gas Company,32.5,debit,Restaurants,Platinum Card
,8/23/2018,Credit Card Payment,50.78,debit,Restaurants,Checking
,12/17/2018,BP,194.3,debit,Shopping,Silver Card
,5/3/2018,TechCorp Salary,31.54,credit,Alcohol & Bars,Silver Card
,7/18/2019,Credit Card Payment,44.53,debit,Internet,Platinum Card
,4/10/2019,Belgian Restaurant,155.52,debit,Groceries,Silver Card
,9/7/2018,Netflix,194.55,debit,Paycheck,Checking
,12/5/2018,Hardware Store,69.84,credit,Electronics & Software,Silver Card
,6/8/2018,Belgian Restaurant,166.14,credit,Electronics & Software,Silver Card
,7/11/2018,QuikTrip,39.58,credit,Groceries,Platinum Card
,6/28/2019,Amazon,166.04,debit,Paycheck,Platinum Card
,3/16/2018,Internet Service Provider,107.6,credit,Credit Card Payment,Platinum Card
,1/27/2019,BP,96.8,credit,Shopping,Silver Card
,6/21/2018,Gas Company,22.87,credit,Groceries,Silver Card
,1/25/2019,BP,7.09,debit,Credit Card Payment,Checking
,7/10/2018,City Water Charges,31.53,credit,Haircut,Platinum Card
,8/15/2018,American Tavern,5.39,debit,Internet,Platinum Card
,4/15/2019,Grocery Store,131.04,debit,Paycheck,Platinum Card
,4/3/2018,Amazon,16.24,credit,Gas & Fuel,Silver Card
,5/13/2018,Spotify,38.39,credit,Movies & DVDs,Platinum Card
,4/4/2018,Amazon,94.52,debit,Coffee Shops,Platinum Card
,5/10/2019,Whole Foods Market,30.33,debit,Alcohol & Bars,Checking
,6/17/2019,Mike's Construction Co.,196.2,debit,Utilities,Checking
,6/23/2019,Mortgage Payment,92.71,debit,Internet,Checking
,6/24/2018,Netflix,27.26,credit,Coffee Shops,Checking
,8/1/2018,Amazon,49.48,credit,Paycheck,Platinum Card
,10/16/2019,Credit Card Payment,5.59,debit,Credit Card Payment,Platinum Card
,11/7/2018,Belgian Restaurant,151.3,debit,Home Improvement,Silver Card
,1/2/2019,State Farm,141.78,credit,Paycheck,Silver Card
,6/13/2018,Credit Card Payment,40.18,credit,Gas & Fuel,Silver Card
,7/9/2019,Gas Company,10.12,debit,Utilities,Checking
,7/9/2019,Credit Card Payment,195.02,debit,Utilities,Platinum Card
,6/22/2018,Amazon,143.83,debit,Electronics & Software,Checking
,7/11/2018,BP,76.15,credit,Restaurants,Platinum Card
,7/26/2018,Gas Company,89.21,credit,Shopping,Platinum Card
,9/7/2019,Grocery Store,65.98,credit,Groceries,Platinum Card
,10/21/2019,Credit Card Payment,8.36,debit,Groceries,Platinum Card
,3/23/2018,Grocery Store,4.27,credit,Shopping,Checking
,12/11/2018,Biweekly Paycheck,57.27,credit,Auto Insurance,Platinum Card
,3/30/2019,Power Company,37.15,debit,Restaurants,Silver Card
,8/5/2018,Amazon,93.0,debit,Groceries,Platinum Card
,10/19/2019,Phone Company,74.34,credit,Utilities,Platinum Card
,8/17/2019,American Tavern,155.49,credit,Gas & Fuel,Silver Card
,6/4/2018,Shell,127.82,credit,Haircut,Platinum Card
,4/16/2019,Amazon Video,162.74,credit,Groceries,Platinum Card
,12/27/2018,Whole Foods Market,74.81,debit,Groceries,Silver Card
,12/31/2019,Spotify,48.09,debit,Haircut,Checking
,11/17/2018,Power Company,64.89,credit,Shopping,Silver Card
,11/24/2018,Amazon,24.89,credit,Paycheck,Checking
,11/26/2018,Brewing Company,80.76,credit,Coffee Shops,Silver Card
,11/22/2018,Spotify,155.64,debit,Restaurants,Platinum Card
,11/5/2019,Brunch Restaurant,151.5,credit,Groceries,Platinum Card
,9/26/2019,Barbershop,142.05,debit,Utilities,Platinum Card
,11/26/2018,Mike's Construction Co.,185.49,debit,Paycheck,Checking
,10/26/2018,Credit Card Payment,49.19,debit,Credit Card Payment,Platinum Card
,2/28/2019,Credit Card Payment,122.74,debit,Restaurants,Silver Card
,10/1/2019,Amazon,68.54,credit,Home Improvement,Checking
,6/26/2019,State Farm,41.19,debit,Gas & Fuel,Platinum Card
,9/9/2019,Power Company,131.07,credit,Groceries,Silver Card
,6/28/2018,BP,136.47,debit,Coffee Shops,Platinum Card
,12/13/2018,Credit Card Payment,55.04,debit,Utilities,Platinum Card
,9/11/2019,Mortgage Payment,51.35,debit,Coffee Shops,Silver Card
,10/21/2019,Mortgage Payment,46.19,debit,Shopping,Platinum Card
,6/3/2018,Grocery Store,69.93,credit,Gas & Fuel,Platinum Card
,2/2/2019,State Farm,174.3,credit,Groceries,Platinum Card
,6/15/2018,Internet Service Provider,95.7,debit,Paycheck,Platinum Card
,5/12/2018,BBQ Restaurant,64.15,credit,Restaurants,Checking
,2/26/2019,Credit Card Payment,143.67,credit,Movies & DVDs,Checking
,1/8/2019,Phone Company,47.12,debit,Auto Insurance,Checking
,10/18/2018,Best Buy,183.6,debit,Credit Card Payment,Platinum Card
,4/4/2018,Pizza Place,103.31,credit,Shopping,Platinum Card
,3/4/2018,Credit Card Payment,144.13,credit,Gas & Fuel,Platinum Card
,4/21/2019,Gas Company,43.87,credit,Paycheck,Silver Card
,8/20/2018,State Farm,60.64,credit,Utilities,Platinum Card
,11/2/2019,Power Company,11.55,credit,Home Improvement,Platinum Card
,7/31/2018,Grocery Store,173.36,debit,Groceries,Platinum Card
,8/26/2019,Amazon,30.47,debit,Paycheck,Silver Card
,4/6/2018,State Farm,140.68,debit,Coffee Shops,Platinum Card
,7/4/2019,Gas Company,126.5,debit,Paycheck,Platinum Card
,5/26/2018,Grocery Store,140.78,debit,Credit Card Payment,Checking
,4/22/2018,Biweekly Paycheck,140.43,debit,Mobile Phone,Platinum Card
,7/9/2019,Whole Foods Market,32.76,debit,Restaurants,Checking
,8/22/2018,Barbershop,88.07,debit,Paycheck,Platinum Card
,9/28/2018,Barbershop,184.48,credit,Groceries,Silver Card
,8/4/2019,Whole Foods Market,107.8,debit,Shopping,Platinum Card
,9/20/2018,BP,28.12,credit,Groceries,Silver Card
,4/20/2019,City Water Charges,15.78,debit,Groceries,Checking
,1/21/2019,Grocery Store,173.26,credit,Credit Card Payment,Platinum Card
,7/17/2018,TechCorp Salary,137.16,credit,Shopping,Platinum Card
,9/15/2018,Credit Card Payment,117.63,debit,Gas & Fuel,Platinum Card
,11/28/2018,Mortgage Payment,45.26,credit,Shopping,Platinum Card
,5/4/2019,American Tavern,101.19,credit,Home Improvement,Platinum Card
,7/16/2018,Brunch Restaurant,123.95,credit,Movies & DVDs,Checking
,3/11/2019,Gas Company,18.83,debit,Music,Silver Card
,1/4/2019,City Water Charges,70.65,debit,Auto Insurance,Platinum Card
,12/6/2018,Internet Service Provider,67.05,credit,Mobile Phone,Checking
,8/9/2018,Best Buy,103.56,debit,Restaurants,Checking
,5/4/2018,Latin Restaurant,116.81,credit,Groceries,Checking
,6/9/2018,Grocery Store,127.2,debit,Restaurants,Platinum Card
,11/17/2018,Gas Company,71.66,credit,Alcohol & Bars,Platinum Card
,1/11/2019,German Restaurant,29.27,debit,Mobile Phone,Silver Card
,12/10/2018,TechCorp Salary,40.37,credit,Alcohol & Bars,Platinum Card
,12/16/2018,Chick-Fil-A,162.27,debit,Auto Insurance,Platinum Card
,7/17/2019,Grocery Store,74.62,credit,Restaurants,Platinum Card
,9/19/2018,Shell,174.2,credit,Groceries,Silver Card
,10/2/2019,Chick-Fil-A,32.26,credit,Gas & Fuel,Checking
,4/18/2018,BP,52.14,credit,Restaurants,Checking
,2/16/2019,Home Depot Hardware,173.16,credit,Restaurants,Platinum Card
,8/11/2019,Internet Service Provider,198.93,credit,Auto Insurance,Checking
,6/21/2019,Whole Foods Market,74.24,debit,Gas & Fuel,Silver Card
,7/20/2018,Starbucks,82.39,debit,Groceries,Checking
,2/27/2019,Credit Card Payment,136.33,credit,Internet,Checking
,6/19/2018,Grocery Store,100.63,credit,Credit Card Payment,Silver Card
,12/22/2018,Brewing Company,65.17,credit,Restaurants,Silver Card
,3/28/2018,Grocery Store,187.43,credit,Credit Card Payment,Platinum Card
,3/13/2019,Shell,173.97,debit,Groceries,Silver Card
,7/9/2018,Mortgage Payment,134.19,credit,Groceries,Checking
,8/4/2019,Credit Card Payment,178.41,debit,Restaurants,Checking
,2/27/2018,Vietnamese Restaurant,159.06,credit,Alcohol & Bars,Platinum Card
,8/28/2019,Power Company,150.58,debit,Food & Dining,Platinum Card
,8/10/2019,Barbershop,11.39,debit,Gas & Fuel,Checking
,9/8/2019,Best Buy,92.25,credit,Credit Card Payment,Silver Card
,7/30/2019,Credit Card Payment,186.04,credit,Groceries,Checking
,8/22/2019,Credit Card Payment,13.54,debit,Credit Card Payment,Platinum Card
,7/31/2018,Spotify,134.28,debit,Auto Insurance,Platinum Card
,7/10/2019,TechCorp Salary,46.41,debit,Auto Insurance,Platinum Card
,6/26/2019,Netflix Subscription,15.77,debit,Credit Card Payment,Platinum Card
,4/22/2018,Grocery Store,53.3,debit,Movies & DVDs,Platinum Card
,9/14/2018,Grocery Store,178.44,credit,Gas & Fuel,Silver Card
,5/31/2018,City Water Charges,85.44,credit,Restaurants,Silver Card
,6/7/2018,State Farm,96.68,debit,Auto Insurance,Silver Card
,8/27/2018,Whole Foods Market,99.38,debit,Home Improvement,Platinum Card
,5/23/2018,State Farm,92.21,debit,Groceries,Platinum Card
,10/21/2019,Mortgage Payment,81.4,debit,Home Improvement,Checking
,4/5/2018,Amazon,176.77,debit,Credit Card Payment,Platinum Card
,6/27/2018,American Tavern,146.88,credit,Mobile Phone,Platinum Card
,7/29/2018,Brewing Company,49.11,credit,Auto Insurance,Checking
,4/10/2018,Internet Service Provider,31.23,credit,Utilities,Platinum Card
,9/2/2019,Japanese Restaurant,121.82,debit,Gas & Fuel,Platinum Card
,9/11/2018,Amazon,142.65,debit,Utilities,Checking
,9/7/2018,Power Company,120.3,credit,Paycheck,Checking
,7/30/2018,Hardware Store,103.33,debit,Groceries,Checking
,3/7/2018,Amazon,111.13,credit,Music,Checking
,9/15/2019,Home Depot Hardware,58.71,debit,Mortgage & Rent,Checking
,2/17/2019,QuikTrip,96.67,debit,Credit Card Payment,Platinum Card
,10/7/2019,Shell,70.37,debit,Movies & DVDs,Platinum Card
,9/20/2018,Netflix,124.14,debit,Home Improvement,Checking
,1/26/2019,State Farm,148.47,debit,Credit Card Payment,Platinum Card
,10/13/2019,Whole Foods Market,98.48,credit,Coffee Shops,Platinum Card
,9/29/2019,Starbucks,166.04,credit,Credit Card Payment,Platinum Card
,3/23/2018,City Water Charges,127.08,debit,Haircut,Checking
,3/21/2018,BP,24.49,debit,Food & Dining,Platinum Card
,3/18/2018,Brewing Company,125.45,debit,Paycheck,Platinum Card
,6/9/2019,BP,37.67,credit,Credit Card Payment,Platinum Card
,7/21/2018,Grocery Store,114.52,credit,Food & Dining,Platinum Card
,6/19/2018,Brewing Company,77.23,credit,Utilities,Platinum Card
,12/18/2018,American Tavern,144.88,credit,Groceries,Platinum Card
,3/25/2018,Internet Service Provider,161.57,debit,Home Improvement,Silver Card
,6/10/2018,Barbershop,108.29,credit,Fast Food,Platinum Card
,8/25/2018,American Tavern,159.0,credit,Restaurants,Silver Card
,6/5/2018,Grocery Store,78.88,debit,Home Improvement,Platinum Card
,7/5/2018,Brewing Company,47.16,credit,Utilities,Platinum Card
,6/3/2019,Thai Restaurant,4.13,debit,Restaurants,Silver Card
,7/16/2018,Spotify,180.12,credit,Movies & DVDs,Platinum Card
,4/24/2018,Mortgage Payment,68.77,debit,Credit Card Payment,Platinum Card
,6/15/2018,Credit Card Payment,95.17,credit,Gas & Fuel,Silver Card
,5/25/2018,Hardware Store,91.59,credit,Mobile Phone,Checking
,6/17/2018,Power Company,15.4,debit,Credit Card Payment,Silver Card
,10/26/2019,Credit Card Payment,13.39,debit,Internet,Platinum Card
,6/11/2018,Starbucks Coffee,110.09,credit,Credit Card Payment,Checking
,1/14/2019,Credit Card Payment,181.38,credit,Credit Card Payment,Platinum Card
,11/1/2019,Credit Card Payment,77.97,credit,Shopping,Silver Card
,7/15/2018,Credit Card Payment,132.74,credit,Fast Food,Platinum Card
,8/4/2018,Hardware Store,67.23,credit,Credit Card Payment,Platinum Card
,2/21/2019,Netflix,16.64,debit,Alcohol & Bars,Checking
,5/10/2019,Spotify,142.43,credit,Internet,Silver Card
,11/11/2019,Gas Company,112.23,debit,Alcohol & Bars,Platinum Card
,4/29/2018,Shell,113.98,credit,Groceries,Silver Card
,3/15/2018,Netflix,41.29,credit,Music,Checking
,8/8/2018,BP,156.89,debit,Groceries,Platinum Card
,5/27/2018,Brunch Restaurant,6.68,debit,Movies & DVDs,Platinum Card
,5/27/2019,Chick-Fil-A,1.9,debit,Groceries,Checking
,5/21/2019,Credit Card Payment,177.28,credit,Alcohol & Bars,Checking
,7/3/2018,Power Company,111.46,debit,Shopping,Platinum Card
,5/14/2019,Mike's Construction Co.,197.91,debit,Internet,Platinum Card
,1/27/2019,Brewing Company,154.71,credit,Gas & Fuel,Platinum Card
,10/2/2019,Brunch Restaurant,132.84,credit,Shopping,Silver Card
,10/29/2018,Gas Company,53.53,debit,Coffee Shops,Silver Card
,5/6/2019,Amazon,80.93,debit,Paycheck,Platinum Card
,5/17/2018,Grocery Store,73.31,debit,Restaurants,Platinum Card
,6/7/2018,Whole Foods Market,199.07,credit,Gas & Fuel,Platinum Card
,4/28/2019,Phone Company,18.68,credit,Restaurants,Silver Card
,7/20/2018,Home Depot Hardware,89.96,credit,Groceries,Silver Card
,3/14/2018,Chick-Fil-A,165.04,debit,Paycheck,Platinum Card
,7/9/2018,Japanese Restaurant,107.28,credit,Electronics & Software,Platinum Card
,12/27/2018,Brewing Company,38.32,credit,Alcohol & Bars,Checking
,4/19/2018,QuikTrip,63.48,credit,Utilities,Checking
,4/16/2018,Whole Foods Market,97.67,debit,Utilities,Platinum Card
,8/13/2018,Netflix,81.91,debit,Coffee Shops,Platinum Card
,12/17/2018,Mediterranean Restaurant,165.51,debit,Coffee Shops,Platinum Card
,2/4/2018,Credit Card Payment,50.39,credit,Groceries,Platinum Card
,6/12/2018,Brewing Company,194.75,credit,Television,Platinum Card
,5/2/2019,Credit Card Payment,96.11,debit,Utilities,Platinum Card
,12/22/2018,Credit Card Payment,53.76,debit,Alcohol & Bars,Platinum Card
,8/26/2019,Brewing Company,182.68,credit,Restaurants,Silver Card
,1/28/2019,Greek Restaurant,26.46,debit,Groceries,Checking
,7/2/2019,Amazon,182.28,credit,Credit Card Payment,Platinum Card
,5/30/2019,Brunch Restaurant,98.09,debit,Mortgage & Rent,Platinum Card
,11/7/2019,State Farm,188.6,credit,Fast Food,Platinum Card
,11/2/2019,Mike's Construction Co.,81.65,debit,Credit Card Payment,Platinum Card
,3/19/2019,Power Company,134.83,debit,Shopping,Silver Card
,4/18/2018,Credit Card Payment,92.02,credit,Paycheck,Checking
,9/7/2018,Grocery Store,146.99,credit,Restaurants,Silver Card
,12/22/2019,American Tavern,183.02,debit,Movies & DVDs,Platinum Card
,6/28/2018,Grocery Store,134.9,debit,Groceries,Platinum Card
,5/20/2019,Credit Card Payment,82.15,credit,Groceries,Checking
,7/10/2019,Credit Card Payment,6.42,debit,Groceries,Checking
,4/1/2018,Home Depot Hardware,7.6,debit,Haircut,Platinum Card
,7/24/2019,TechCorp Salary,113.66,debit,Credit Card Payment,Platinum Card
,9/21/2019,Barbershop,103.39,credit,Shopping,Platinum Card
,6/18/2018,Biweekly Paycheck,38.73,credit,Gas & Fuel,Platinum Card
,12/31/2018,Credit Card Payment,34.19,credit,Utilities,Checking
,9/6/2019,Grocery Store,2.59,credit,Restaurants,Checking
,2/6/2018,Netflix Subscription,72.06,debit,Utilities,Checking
,6/12/2019,Whole Foods Market,41.6,credit,Gas & Fuel,Silver Card
,6/30/2018,City Water Charges,95.39,credit,Gas & Fuel,Checking
,5/17/2019,Whole Foods Market,74.33,credit,Alcohol & Bars,Checking
,9/5/2019,Brunch Restaurant,103.78,debit,Restaurants,Platinum Card
,12/22/2018,TechCorp Salary,44.03,credit,Credit Card Payment,Silver Card
,11/16/2019,State Farm,98.31,credit,Restaurants,Silver Card
,1/17/2019,Credit Card Payment,44.89,credit,Shopping,Platinum Card
,7/18/2018,Grocery Store,9.34,credit,Groceries,Platinum Card
,3/28/2019,Vietnamese Restaurant,197.53,debit,Credit Card Payment,Silver Card
,11/14/2019,Phone Company,40.82,debit,Utilities,Silver Card
,8/31/2018,Best Buy,11.26,credit,Auto Insurance,Checking
,1/6/2019,Whole Foods Market,16.93,debit,Credit Card Payment,Checking
,5/13/2018,Mortgage Payment,25.14,credit,Restaurants,Platinum Card
,3/16/2019,Mortgage Payment,118.17,debit,Shopping,Platinum Card
,5/21/2018,City Water Charges,39.04,debit,Credit Card Payment,Checking
,4/19/2018,Grocery Store,138.82,debit,Music,Silver Card
,11/2/2018,Brewing Company,191.73,debit,Credit Card Payment,Platinum Card
,10/19/2018,Internet Service Provider,185.75,debit,Gas & Fuel,Platinum Card
,1/31/2019,QuikTrip,69.7,credit,Coffee Shops,Silver Card
,5/14/2019,Credit Card Payment,10.33,debit,Alcohol & Bars,Silver Card
,12/10/2018,Credit Card Payment,158.75,credit,Shopping,Checking
,8/7/2018,Mexican Restaurant,83.92,debit,Movies & DVDs,Checking
,9/28/2018,Japanese Restaurant,81.71,credit,Restaurants,Platinum Card
,3/5/2019,Pizza Place,181.8,credit,Credit Card Payment,Platinum Card
,6/28/2018,Barbershop,163.23,credit,Credit Card Payment,Checking
,11/12/2018,BP,103.53,debit,Restaurants,Checking
,8/6/2018,Barbershop,125.66,debit,Credit Card Payment,Checking
,7/5/2019,Barbershop,158.27,debit,Credit Card Payment,Silver Card
,4/4/2018,Credit Card Payment,199.79,credit,Paycheck,Silver Card
,10/4/2019,TechCorp Salary,174.0,debit,Credit Card Payment,Silver Card
,4/18/2019,Pizza Place,37.32,debit,Restaurants,Checking
,4/14/2018,Credit Card Payment,145.89,credit,Groceries,Platinum Card
,10/9/2018,Amazon,87.03,debit,Credit Card Payment,Checking
,10/10/2019,Gas Company,20.67,credit,Shopping,Checking
,4/25/2018,Starbucks,158.74,debit,Coffee Shops,Checking
,12/22/2018,Grocery Store,194.96,credit,Credit Card Payment,Platinum Card
,8/7/2019,Gas Company,66.4,credit,Restaurants,Platinum Card
,10/24/2019,Credit Card Payment,51.07,credit,Mobile Phone,Silver Card
,3/17/2019,Whole Foods Market,127.33,credit,Home Improvement,Checking
,4/20/2018,State Farm,102.23,credit,Mobile Phone,Platinum Card
,6/16/2018,TechCorp Salary,182.88,debit,Home Improvement,Checking
,10/27/2018,Hardware Store,121.47,credit,Internet,Platinum Card
,4/13/2019,Credit Card Payment,90.43,debit,Credit Card Payment,Silver Card
,10/27/2018,Amazon,36.44,credit,Credit Card Payment,Silver Card
,10/2/2019,BP,113.33,debit,Auto Insurance,Checking
,5/23/2018,Spotify,37.56,debit,Paycheck,Platinum Card
,5/3/2018,Whole Foods Market,13.85,debit,Fast Food,Platinum Card
,6/4/2018,Roadside Diner,154.25,debit,Auto Insurance,Silver Card
,10/16/2019,Power Company,31.6,credit,Mortgage & Rent,Platinum Card
,10/7/2018,Whole Foods Market,195.88,debit,Credit Card Payment,Platinum Card
,1/26/2019,Greek Restaurant,30.58,credit,Groceries,Checking
,9/18/2019,Amazon,150.72,debit,Restaurants,Checking
,4/18/2019,Gas Company,176.16,credit,Credit Card Payment,Platinum Card
,4/4/2019,American Tavern,80.41,credit,Credit Card Payment,Platinum Card
,4/15/2019,Biweekly Paycheck,181.86,debit,Credit Card Payment,Silver Card
,6/12/2018,Starbucks Coffee,91.78,debit,Paycheck,Silver Card
,5/18/2019,German Restaurant,173.78,debit,Fast Food,Silver Card
,2/2/2019,American Tavern,89.18,debit,Shopping,Platinum Card
,3/27/2018,Grocery Store,170.9,credit,Utilities,Platinum Card
,6/11/2018,City Water Charges,69.03,debit,Groceries,Silver Card
,11/19/2019,Grocery Store,84.56,credit,Internet,Checking
,7/1/2019,Bakery Place,79.15,debit,Groceries,Platinum Card
,5/27/2018,German Restaurant,83.12,credit,Groceries,Platinum Card
,5/10/2019,Gas Company,28.21,credit,Groceries,Silver Card
,4/1/2018,Grocery Store,177.06,debit,Gas & Fuel,Checking
,9/19/2019,Shell,80.84,credit,Shopping,Checking
,10/8/2018,Credit Card Payment,23.73,debit,Restaurants,Platinum Card
,9/28/2018,TechCorp Salary,147.44,debit,Utilities,Platinum Card
,2/17/2018,Brewing Company,127.29,debit,Restaurants,Platinum Card
,6/2/2019,Gas Company,24.26,credit,Credit Card Payment,Platinum Card
,8/17/2019,Chick-Fil-A,189.32,debit,Groceries,Platinum Card
,5/28/2018,Credit Card Payment,99.36,credit,Groceries,Platinum Card
,6/18/2019,Amazon,50.19,debit,Restaurants,Checking
,5/16/2018,Internet Service Provider,131.97,credit,Restaurants,Platinum Card
,10/20/2018,Credit Card Payment,185.24,credit,Electronics & Software,Silver Card
,8/28/2018,Grocery Store,82.01,credit,Mortgage & Rent,Platinum Card
,2/10/2019,Credit Card Payment,102.86,credit,Restaurants,Checking
,8/6/2018,Chick-Fil-A,46.93,credit,Home Improvement,Silver Card
,5/12/2018,Mortgage Payment,74.06,credit,Gas & Fuel,Platinum Card
,6/7/2019,Whole Foods Market,76.18,credit,Television,Platinum Card
,6/28/2018,Netflix Subscription,37.07,debit,Mortgage & Rent,Silver Card
,1/18/2019,Gas Company,52.03,debit,Groceries,Platinum Card
,2/6/2019,Credit Card Payment,73.65,credit,Credit Card Payment,Silver Card
,9/25/2019,Phone Company,21.9,credit,Gas & Fuel,Checking
,10/5/2019,Netflix Subscription,82.09,debit,Internet,Platinum Card
,2/9/2019,Credit Card Payment,25.92,credit,Restaurants,Platinum Card
,10/29/2019,BP,100.49,credit,Credit Card Payment,Platinum Card
,8/19/2018,Whole Foods Market,83.11,debit,Restaurants,Platinum Card
,1/4/2019,Credit Card Payment,35.82,debit,Coffee Shops,Platinum Card
,5/15/2018,Credit Card Payment,47.83,credit,Restaurants,Platinum Card
,5/3/2018,Credit Card Payment,66.91,credit,Shopping,Checking
,1/4/2019,Wendy's,89.48,debit,Paycheck,Checking
,5/2/2018,Credit Card Payment,122.55,credit,Auto Insurance,Platinum Card
,2/6/2019,American Tavern,145.58,debit,Gas & Fuel,Silver Card
,4/29/2019,American Tavern,136.56,credit,Groceries,Silver Card
,9/28/2018,Whole Foods Market,80.61,debit,Credit Card Payment,Platinum Card
,11/13/2018,Gas Company,100.95,credit,Gas & Fuel,Platinum Card
,6/22/2019,Credit Card Payment,75.56,debit,Alcohol & Bars,Platinum Card
,4/13/2018,Power Company,2.98,debit,Credit Card Payment,Checking
,7/14/2018,Greek Restaurant,167.47,credit,Credit Card Payment,Silver Card
,8/22/2019,Credit Card Payment,66.43,credit,Groceries,Checking
,10/8/2018,Spotify,149.54,credit,Restaurants,Platinum Card
,6/30/2019,Roadside Diner,101.21,debit,Credit Card Payment,Platinum Card
,8/18/2018,City Water Charges,137.67,credit,Groceries,Checking
,12/2/2018,Whole Foods Market,10.87,credit,Restaurants,Platinum Card
,5/28/2019,Credit Card Payment,142.55,credit,Utilities,Platinum Card
,12/13/2018,Brunch Restaurant,43.6,credit,Credit Card Payment,Platinum Card
,4/2/2019,BP,24.71,debit,Credit Card Payment,Platinum Card
,1/22/2019,Brewing Company,2.93,debit,Restaurants,Platinum Card
,7/8/2018,Credit Card Payment,140.16,debit,Credit Card Payment,Silver Card
,6/13/2018,Belgian Restaurant,173.48,credit,Haircut,Platinum Card
,2/2/2019,Spotify,8.06,credit,Credit Card Payment,Platinum Card
,4/7/2018,Credit Card Payment,55.16,debit,Home Improvement,Platinum Card
,7/24/2018,Whole Foods Market,37.26,credit,Shopping,Checking
,4/6/2018,Starbucks Coffee,100.2,debit,Mortgage & Rent,Platinum Card
,10/7/2019,Power Company,17.33,debit,Fast Food,Platinum Card
,1/9/2019,Gas Company,86.83,credit,Credit Card Payment,Platinum Card
,10/20/2019,Shell,45.67,debit,Credit Card Payment,Platinum Card
,10/24/2018,State Farm,46.92,credit,Credit Card Payment,Platinum Card
,12/28/2018,Brunch Restaurant,122.07,debit,Utilities,Silver Card
,10/20/2018,Biweekly Paycheck,93.1,credit,Groceries,Silver Card
,12/29/2018,Bojangles,79.24,credit,Credit Card Payment,Platinum Card
,8/18/2019,American Tavern,166.33,debit,Credit Card Payment,Silver Card
,11/19/2018,Credit Card Payment,19.84,credit,Home Improvement,Platinum Card
,11/29/2019,Grocery Store,57.39,credit,Restaurants,Silver Card
,8/1/2019,State Farm,199.98,credit,Restaurants,Platinum Card
,8/30/2018,American Tavern,75.02,credit,Utilities,Checking
,5/16/2018,Starbucks Coffee,176.52,credit,Groceries,Platinum Card
,9/14/2019,Credit Card Payment,38.22,credit,Utilities,Checking
,7/7/2018,Brewing Company,126.66,debit,Mobile Phone,Platinum Card
,7/12/2019,Credit Card Payment,123.54,credit,Credit Card Payment,Checking
,6/27/2018,Amazon,174.61,debit,Home Improvement,Platinum Card
,6/19/2019,Credit Card Payment,15.22,debit,Haircut,Platinum Card
,5/24/2018,Blue Sky Market,95.53,credit,Credit Card Payment,Checking
,5/11/2018,Grocery Store,144.14,debit,Paycheck,Checking
,4/3/2018,Brewing Company,80.17,debit,Auto Insurance,Platinum Card
,11/22/2018,City Water Charges,51.36,debit,Groceries,Silver Card
,10/22/2018,American Tavern,78.92,credit,Groceries,Silver Card
,8/20/2018,Amazon,192.75,credit,Coffee Shops,Platinum Card
,10/6/2018,Credit Card Payment,6.14,credit,Restaurants,Silver Card
,2/20/2019,BP,27.75,credit,Groceries,Platinum Card
,11/19/2018,QuikTrip,156.76,debit,Movies & DVDs,Silver Card
,10/24/2019,Grocery Store,130.12,credit,Shopping,Checking
,7/26/2019,Starbucks,198.79,debit,Credit Card Payment,Platinum Card
,2/1/2018,Credit Card Payment,111.18,debit,Groceries,Platinum Card
,9/1/2018,Spotify,151.32,debit,Groceries,Silver Card
,4/30/2018,Credit Card Payment,98.44,debit,Credit Card Payment,Silver Card
,2/9/2020,Chick-Fil-A,119.5,credit,Movies & DVDs,Silver Card
,2/25/2018,Credit Card Payment,35.2,debit,Movies & DVDs,Platinum Card
,11/11/2019,Biweekly Paycheck,6.86,credit,Groceries,Checking
,3/21/2019,Netflix,48.47,debit,Credit Card Payment,Platinum Card
,7/23/2019,Spotify,67.55,credit,Shopping,Silver Card
,5/28/2018,Gas Company,56.23,credit,Credit Card Payment,Platinum Card
,1/8/2019,Starbucks,197.74,debit,Groceries,Silver Card
,1/6/2019,Internet Service Provider,24.45,debit,Restaurants,Silver Card
,11/19/2018,QuikTrip,162.75,debit,Groceries,Platinum Card
,4/26/2019,Phone Company,130.32,credit,Internet,Silver Card
,4/27/2019,Credit Card Payment,91.62,credit,Credit Card Payment,Platinum Card
,7/29/2018,Phone Company,70.46,credit,Gas & Fuel,Checking
,1/24/2019,Home Depot Hardware,27.39,debit,Restaurants,Checking
,7/22/2018,Credit Card Payment,136.6,credit,Utilities,Checking
,7/6/2019,German Restaurant,10.27,debit,Shopping,Platinum Card
,10/6/2019,Amazon,110.76,debit,Groceries,Platinum Card
,8/8/2018,Credit Card Payment,50.59,credit,Restaurants,Checking
,7/31/2019,Spotify,106.04,credit,Utilities,Checking
,6/15/2019,Amazon,94.88,credit,Alcohol & Bars,Checking
,4/11/2019,Whole Foods Market,136.79,debit,Restaurants,Platinum Card
,3/11/2019,American Tavern,180.84,credit,Paycheck,Silver Card
,9/24/2019,Whole Foods Market,163.74,credit,Groceries,Silver Card
,8/9/2019,Credit Card Payment,8.04,credit,Gas & Fuel,Platinum Card
,4/1/2018,Greek Restaurant,123.52,credit,Groceries,Platinum Card
,12/18/2018,Brunch Restaurant,66.03,credit,Restaurants,Checking
,9/28/2018,City Water Charges,67.14,credit,Paycheck,Platinum Card
,3/10/2018,Credit Card Payment,113.5,debit,Shopping,Platinum Card
,5/24/2018,Fancy Restaurant,28.43,debit,Restaurants,Silver Card
,7/10/2018,State Farm,33.25,debit,Gas & Fuel,Checking
,9/22/2019,Thai Restaurant,149.67,debit,Credit Card Payment,Platinum Card
,9/6/2019,Vietnamese Restaurant,71.91,credit,Credit Card Payment,Platinum Card
,10/6/2019,Amazon,95.06,credit,Shopping,Silver Card
,12/5/2018,Biweekly Paycheck,181.46,debit,Auto Insurance,Silver Card
,5/14/2019,City Water Charges,84.38,credit,Shopping,Platinum Card
,4/14/2018,Credit Card Payment,119.2,credit,Internet,Platinum Card
,6/22/2018,Grocery Store,172.95,debit,Shopping,Platinum Card
,10/18/2018,State Farm,182.67,debit,Credit Card Payment,Platinum Card
,9/10/2018,Amazon,169.45,debit,Restaurants,Platinum Card
,7/28/2019,Mortgage Payment,86.97,credit,Credit Card Payment,Platinum Card
,2/4/2019,American Tavern,80.42,debit,Home Improvement,Silver Card
,11/15/2019,American Tavern,20.75,debit,Electronics & Software,Platinum Card
,6/22/2019,Hardware Store,173.27,credit,Groceries,Silver Card
,8/5/2018,Credit Card Payment,21.82,debit,Home Improvement,Platinum Card
,12/1/2018,Brewing Company,103.68,credit,Utilities,Checking
,8/14/2019,Amazon,37.02,credit,Home Improvement,Checking
,7/12/2019,TechCorp Salary,139.28,debit,Coffee Shops,Platinum Card
,8/9/2019,Brunch Restaurant,18.99,debit,Shopping,Silver Card
,5/17/2018,Credit Card Payment,151.14,debit,Fast Food,Silver Card
,4/17/2018,Credit Card Payment,121.73,debit,Mortgage & Rent,Platinum Card
,1/13/2019,Credit Card Payment,142.17,credit,Coffee Shops,Platinum Card
,4/21/2018,Shell,5.87,debit,Auto Insurance,Platinum Card
,11/5/2018,Shell,151.58,credit,Groceries,Checking
,10/17/2019,QuikTrip,39.97,credit,Groceries,Silver Card
,7/12/2019,Best Buy,112.49,credit,Shopping,Platinum Card
,5/14/2018,Phone Company,59.58,debit,Mobile Phone,Checking
,6/28/2018,Internet Service Provider,69.36,debit,Groceries,Checking
,2/22/2019,Starbucks Coffee,72.07,credit,Shopping,Silver Card
,10/19/2019,Movie Theater,182.15,debit,Utilities,Platinum Card
,9/4/2018,Gas Company,70.29,credit,Groceries,Silver Card
,5/17/2018,Mexican Restaurant,112.21,credit,Paycheck,Checking
,5/24/2018,Latin Restaurant,91.3,debit,Coffee Shops,Platinum Card
,11/6/2019,Whole Foods Market,28.0,debit,Credit Card Payment,Silver Card
,7/24/2019,Brunch Restaurant,165.01,debit,Credit Card Payment,Platinum Card
,12/15/2018,Amazon,170.99,credit,Haircut,Checking
,8/23/2019,New York Deli,88.09,debit,Coffee Shops,Silver Card
,9/5/2019,Chick-Fil-A,127.27,debit,Coffee Shops,Checking
,2/2/2019,Netflix Subscription,93.88,debit,Movies & DVDs,Silver Card
,1/31/2019,Whole Foods Market,147.76,debit,Restaurants,Checking
,8/7/2019,Phone Company,23.2,debit,Groceries,Platinum Card
,4/11/2018,Credit Card Payment,30.42,debit,Credit Card Payment,Checking
,1/5/2019,Amazon,11.29,debit,Shopping,Silver Card
,5/16/2019,Credit Card Payment,172.97,debit,Restaurants,Checking
,11/15/2018,Grocery Store,182.69,credit,Shopping,Platinum Card
,11/6/2019,Credit Card Payment,64.04,debit,Alcohol & Bars,Silver Card
,9/18/2019,BP,73.84,credit,Shopping,Checking
,8/19/2019,Shell,15.55,credit,Auto Insurance,Platinum Card
,4/8/2019,State Farm,25.52,debit,Haircut,Silver Card
,2/18/2019,Brewing Company,116.72,credit,Coffee Shops,Platinum Card
,4/30/2018,City Water Charges,103.57,debit,Home Improvement,Silver Card
,7/12/2019,Barbershop,99.5,credit,Shopping,Checking
,9/8/2018,Gas Company,193.17,debit,Shopping,Platinum Card
,11/25/2019,Amazon,55.4,debit,Restaurants,Platinum Card
,1/21/2019,City Water Charges,124.65,debit,Utilities,Platinum Card
,1/10/2019,Amazon,107.68,debit,Credit Card Payment,Platinum Card
,2/26/2019,Biweekly Paycheck,160.8,credit,Credit Card Payment,Checking
,12/31/2018,Phone Company,44.26,debit,Alcohol & Bars,Checking
,7/20/2018,Internet Service Provider,94.82,credit,Utilities,Checking
,7/11/2019,Gas Company,138.25,credit,Mortgage & Rent,Checking
,6/19/2018,Credit Card Payment,131.9,debit,Music,Platinum Card
,6/28/2018,TechCorp Salary,58.47,debit,Paycheck,Platinum Card
,4/27/2018,Mike's Construction Co.,95.64,debit,Restaurants,Platinum Card
,6/26/2018,American Tavern,69.56,debit,Shopping,Checking
,6/27/2018,Credit Card Payment,154.05,debit,Mobile Phone,Platinum Card
,8/2/2019,American Tavern,67.68,credit,Fast Food,Platinum Card
,6/23/2019,Grocery Store,119.82,credit,Paycheck,Platinum Card
,10/25/2018,Grocery Store,52.01,credit,Utilities,Platinum Card
,9/4/2018,American Tavern,99.46,credit,Shopping,Platinum Card
,8/16/2019,American Tavern,40.42,debit,Restaurants,Checking
,1/30/2019,Mediterranean Restaurant,130.1,credit,Shopping,Silver Card
,6/4/2019,State Farm,188.83,credit,Restaurants,Checking
,12/27/2018,Credit Card Payment,168.97,credit,Auto Insurance,Checking
,10/4/2019,Credit Card Payment,190.34,credit,Credit Card Payment,Platinum Card
,11/22/2018,Gas Company,137.47,credit,Electronics & Software,Platinum Card
,11/21/2018,Starbucks,118.1,credit,Groceries,Platinum Card
,6/28/2018,Grocery Store,53.51,debit,Credit Card Payment,Platinum Card
,8/31/2019,Credit Card Payment,144.84,credit,Gas & Fuel,Checking
,11/20/2018,Gas Company,99.6,debit,Paycheck,Platinum Card
,8/9/2018,Amazon,155.76,debit,Electronics & Software,Checking
,3/27/2018,Mediterranean Restaurant,130.27,debit,Home Improvement,Platinum Card
,5/29/2018,Grocery Store,52.0,credit,Credit Card Payment,Platinum Card
,10/12/2019,Internet Service Provider,73.12,credit,Restaurants,Checking
,7/1/2018,Home Depot Hardware,52.15,debit,Home Improvement,Checking
,9/11/2018,Amazon,138.45,credit,Credit Card Payment,Platinum Card
,9/29/2019,Netflix,192.29,debit,Restaurants,Silver Card
,3/3/2019,Credit Card Payment,81.69,debit,Alcohol & Bars,Platinum Card
,3/14/2019,Grocery Store,47.99,debit,Mobile Phone,Checking
,12/19/2018,Internet Service Provider,48.85,debit,Movies & DVDs,Platinum Card
,1/4/2019,American Tavern,37.43,credit,Credit Card Payment,Silver Card
,8/6/2018,Gas Company,162.39,debit,Groceries,Platinum Card
,3/2/2019,Credit Card Payment,154.41,credit,Credit Card Payment,Checking
,5/10/2018,Seafood Restaurant,69.08,credit,Auto Insurance,Platinum Card
,6/12/2018,Spotify,22.66,debit,Restaurants,Checking
,8/2/2019,Amazon,29.14,debit,Paycheck,Platinum Card
,12/18/2018,Biweekly Paycheck,106.49,debit,Restaurants,Checking
,4/30/2018,Spotify,67.91,debit,Credit Card Payment,Silver Card
,7/4/2018,Credit Card Payment,61.12,debit,Paycheck,Platinum Card
,8/20/2019,Amazon,151.65,credit,Shopping,Silver Card
,12/19/2018,Brewing Company,34.98,credit,Credit Card Payment,Silver Card
,6/4/2019,State Farm,177.02,debit,Auto Insurance,Checking
,5/30/2018,Credit Card Payment,101.02,credit,Movies & DVDs,Checking
,3/17/2018,American Tavern,150.45,debit,Groceries,Platinum Card
,8/25/2018,Whole Foods Market,129.91,debit,Gas & Fuel,Platinum Card
,5/1/2019,Credit Card Payment,43.99,debit,Restaurants,Checking
,2/25/2018,City Water Charges,112.2,credit,Electronics & Software,Checking
,7/25/2019,Credit Card Payment,132.65,debit,Utilities,Platinum Card
,7/11/2018,Credit Card Payment,181.84,debit,Utilities,Platinum Card
,8/13/2019,Internet Service Provider,157.6,debit,Paycheck,Platinum Card
,7/28/2019,Home Depot Hardware,2.84,credit,Restaurants,Platinum Card
,5/8/2019,Biweekly Paycheck,105.27,debit,Credit Card Payment,Checking
,4/9/2018,Credit Card Payment,26.67,credit,Restaurants,Platinum Card
,7/13/2019,Internet Service Provider,59.45,credit,Restaurants,Silver Card
,6/27/2018,Brunch Restaurant,50.49,credit,Gas & Fuel,Silver Card
,1/25/2019,Amazon,8.09,debit,Internet,Checking
,5/26/2018,Whole Foods Market,122.26,debit,Restaurants,Silver Card
,6/29/2019,Gas Company,160.68,debit,Alcohol & Bars,Silver Card
,3/18/2018,Credit Card Payment,64.69,credit,Credit Card Payment,Checking
,9/19/2019,TechCorp Salary,36.26,debit,Auto Insurance,Platinum Card
,2/28/2018,Amazon,75.01,credit,Alcohol & Bars,Silver Card
,11/24/2018,Amazon,8.3,debit,Gas & Fuel,Platinum Card
,9/24/2019,Credit Card Payment,186.43,debit,Internet,Silver Card
,9/25/2019,Internet Service Provider,81.99,debit,Groceries,Silver Card
,4/29/2018,TechCorp Salary,110.15,credit,Groceries,Platinum Card
,7/13/2019,Starbucks,34.68,debit,Electronics & Software,Platinum Card
,11/14/2019,Credit Card Payment,83.57,debit,Internet,Platinum Card
,2/19/2019,Circle K,191.53,credit,Credit Card Payment,Checking
,10/31/2018,Greek Restaurant,78.64,credit,Home Improvement,Silver Card
,5/7/2019,State Farm,13.31,credit,Restaurants,Silver Card
,8/8/2018,TechCorp Salary,66.78,credit,Paycheck,Silver Card
,8/17/2019,Barbershop,116.37,credit,Gas & Fuel,Checking
,7/17/2018,Credit Card Payment,153.68,credit,Alcohol & Bars,Checking
,9/29/2018,Grocery Store,123.62,credit,Coffee Shops,Platinum Card
,6/8/2018,City Water Charges,3.71,credit,Home Improvement,Platinum Card
,4/25/2018,Credit Card Payment,34.99,debit,Restaurants,Platinum Card
,11/30/2018,Mortgage Payment,31.08,debit,Paycheck,Checking
,5/6/2019,Amazon,46.59,debit,Utilities,Platinum Card
,9/23/2019,Credit Card Payment,34.15,credit,Credit Card Payment,Platinum Card
,5/20/2019,QuikTrip,167.84,credit,Gas & Fuel,Platinum Card
,1/19/2019,Credit Card Payment,186.3,debit,Alcohol & Bars,Checking
,11/1/2018,City Water Charges,137.36,credit,Restaurants,Platinum Card
,4/10/2019,Whole Foods Market,185.15,credit,Credit Card Payment,Platinum Card
,9/17/2018,Barbershop,50.29,debit,Television,Platinum Card
,10/7/2018,TechCorp Salary,25.92,credit,Music,Platinum Card
,12/18/2018,Starbucks Coffee,82.05,debit,Music,Platinum Card
,8/11/2018,Internet Service Provider,161.91,credit,Gas & Fuel,Platinum Card
,2/1/2019,TechCorp Salary,49.67,credit,Haircut,Checking
,7/8/2018,Whole Foods Market,193.95,credit,Groceries,Platinum Card
,10/5/2019,Mediterranean Restaurant,156.89,debit,Paycheck,Silver Card
,10/27/2018,Mike's Construction Co.,35.04,debit,Paycheck,Platinum Card
,7/10/2019,Home Depot Hardware,187.11,debit,Credit Card Payment,Platinum Card
,6/29/2018,Wendy's,21.48,debit,Home Improvement,Platinum Card
,12/5/2018,Biweekly Paycheck,2.58,credit,Gas & Fuel,Silver Card
,9/14/2019,Credit Card Payment,173.87,debit,Restaurants,Platinum Card
,4/28/2019,BP,120.43,credit,Groceries,Platinum Card
,7/1/2019,City Water Charges,27.66,credit,Shopping,Silver Card
,8/16/2018,Hardware Store,184.84,credit,Shopping,Checking
,1/20/2019,Credit Card Payment,161.91,credit,Credit Card Payment,Platinum Card
,11/2/2018,Starbucks,192.79,debit,Utilities,Platinum Card
,4/4/2018,Gas Company,23.1,credit,Music,Platinum Card
,4/22/2018,Wendy's,63.57,debit,Paycheck,Checking
,8/6/2018,Credit Card Payment,125.2,credit,Internet,Checking
,3/17/2019,Spotify,168.8,debit,Mobile Phone,Platinum Card
,9/13/2019,Sushi Restaurant,24.58,credit,Credit Card Payment,Platinum Card
,3/11/2019,Circle K,28.02,debit,Television,Platinum Card
,9/20/2019,Brunch Restaurant,16.6,debit,Groceries,Platinum Card
,4/23/2019,Gas Company,120.58,debit,Paycheck,Checking
,3/17/2018,Power Company,188.93,debit,Mobile Phone,Silver Card
,8/7/2019,Internet Service Provider,175.52,credit,Restaurants,Checking
,2/25/2019,Spotify,130.42,debit,Home Improvement,Checking
,5/10/2019,Credit Card Payment,98.89,credit,Restaurants,Platinum Card
,9/14/2019,Credit Card Payment,165.66,credit,Credit Card Payment,Checking
,7/3/2018,Thai Restaurant,100.69,debit,Gas & Fuel,Silver Card
,8/2/2018,Barbershop,105.84,debit,Mortgage & Rent,Platinum Card
,1/16/2019,Whole Foods Market,74.28,debit,Credit Card Payment,Checking
,7/10/2018,Gas Company,178.14,credit,Television,Silver Card
,5/24/2018,Biweekly Paycheck,134.5,credit,Utilities,Platinum Card
,11/25/2018,Mike's Construction Co.,179.43,credit,Coffee Shops,Checking
,12/9/2018,Grocery Store,91.77,credit,Coffee Shops,Platinum Card
,11/21/2019,Whole Foods Market,64.77,debit,Mortgage & Rent,Silver Card
,10/28/2018,Starbucks Coffee,61.35,debit,Groceries,Silver Card
,8/5/2019,Netflix,127.61,credit,Internet,Platinum Card
,10/19/2019,Brewing Company,172.36,debit,Credit Card Payment,Platinum Card
,8/20/2018,American Tavern,17.82,credit,Paycheck,Checking
,6/11/2019,Amazon,43.3,debit,Mortgage & Rent,Checking
,9/28/2019,Credit Card Payment,72.69,credit,Mobile Phone,Platinum Card
,10/22/2019,Credit Card Payment,107.04,debit,Groceries,Platinum Card
,5/26/2018,Amazon,75.66,debit,Restaurants,Platinum Card
,3/26/2018,Mortgage Payment,152.86,credit,Groceries,Silver Card
,3/26/2018,Shell,140.12,credit,Credit Card Payment,Platinum Card
,6/22/2019,Credit Card Payment,71.56,debit,Internet,Checking
,3/18/2018,Power Company,153.17,credit,Auto Insurance,Silver Card
,2/2/2018,Brewing Company,35.52,debit,Credit Card Payment,Platinum Card
,12/19/2018,Starbucks Coffee,110.25,credit,Shopping,Platinum Card
,8/12/2018,City Water Charges,73.86,debit,Groceries,Silver Card
,2/11/2019,Whole Foods Market,172.41,credit,Mobile Phone,Checking
,7/24/2018,Gas Company,61.35,debit,Credit Card Payment,Checking
,11/3/2018,Mike's Construction Co.,1.36,credit,Restaurants,Checking
,11/29/2018,Credit Card Payment,178.01,debit,Paycheck,Platinum Card
,5/15/2018,Brunch Restaurant,142.88,debit,Paycheck,Checking
,3/15/2019,Netflix,55.68,debit,Coffee Shops,Platinum Card
,10/12/2018,American Tavern,40.39,credit,Groceries,Silver Card
,10/29/2018,Grocery Store,77.08,debit,Shopping,Silver Card
,10/22/2018,Whole Foods Market,1.08,debit,Groceries,Platinum Card
,10/3/2019,Starbucks,105.12,debit,Credit Card Payment,Platinum Card
,1/10/2019,Gas Company,82.7,debit,Coffee Shops,Checking
,10/24/2018,Mortgage Payment,48.08,debit,Shopping,Platinum Card
,11/9/2018,Credit Card Payment,137.66,debit,Credit Card Payment,Platinum Card
,9/11/2019,Starbucks Coffee,2.81,debit,Mobile Phone,Checking
,10/24/2018,Credit Card Payment,162.92,debit,Restaurants,Silver Card
,4/17/2019,Fancy Restaurant,146.7,debit,Credit Card Payment,Platinum Card
,10/7/2019,Starbucks Coffee,178.8,credit,Coffee Shops,Silver Card
,11/17/2018,Brewing Company,115.38,debit,Shopping,Silver Card
,9/19/2019,Barbershop,58.65,credit,Auto Insurance,Platinum Card
,1/23/2019,Wendy's,156.26,credit,Credit Card Payment,Checking
,3/5/2018,Mediterranean Restaurant,141.76,debit,Music,Checking
,6/27/2018,City Water Charges,31.6,credit,Television,Platinum Card
,12/29/2018,Amazon,126.76,debit,Gas & Fuel,Silver Card
,10/6/2019,Movie Theater,38.55,debit,Home Improvement,Platinum Card
,11/18/2019,Whole Foods Market,174.25,credit,Mortgage & Rent,Platinum Card
,5/30/2018,Credit Card Payment,116.91,debit,Shopping,Checking
,9/15/2018,TechCorp Salary,94.53,credit,Groceries,Platinum Card
,6/27/2019,Wendy's,85.31,debit,Mortgage & Rent,Platinum Card
,4/4/2019,Credit Card Payment,86.28,credit,Mobile Phone,Platinum Card
,3/30/2018,Amazon,42.93,debit,Shopping,Checking
,6/8/2018,Greek Restaurant,176.79,debit,Restaurants,Checking
,5/24/2018,Shell,49.99,credit,Music,Checking
,7/19/2018,Whole Foods Market,18.08,credit,Coffee Shops,Checking
,1/10/2019,Credit Card Payment,74.47,debit,Home Improvement,Platinum Card
,8/4/2019,State Farm,13.0,credit,Groceries,Silver Card
,10/21/2019,Credit Card Payment,184.65,credit,Restaurants,Silver Card
,8/28/2018,QuikTrip,59.19,credit,Mobile Phone,Checking
,7/8/2018,Grocery Store,9.84,credit,Gas & Fuel,Silver Card
,10/4/2018,Netflix Subscription,160.89,debit,Credit Card Payment,Platinum Card
,1/21/2019,Amazon,155.97,debit,Restaurants,Silver Card
,10/20/2018,Whole Foods Market,196.29,debit,Mortgage & Rent,Platinum Card
,6/30/2019,Credit Card Payment,163.19,debit,Paycheck,Platinum Card
,4/17/2018,American Tavern,5.69,debit,Restaurants,Checking
,4/20/2018,Grocery Store,160.61,debit,Groceries,Platinum Card
,2/1/2019,Amazon,112.5,debit,Utilities,Silver Card
,12/4/2018,Biweekly Paycheck,180.38,credit,Restaurants,Platinum Card
,1/23/2019,American Tavern,48.42,credit,Groceries,Silver Card
,8/22/2018,Biweekly Paycheck,93.55,debit,Shopping,Platinum Card
,12/17/2018,Gas Company,117.93,debit,Home Improvement,Checking
,3/22/2019,Whole Foods Market,188.62,debit,Credit Card Payment,Checking
,3/7/2018,Pizza Place,193.89,debit,Gas & Fuel,Platinum Card
,10/17/2019,Hardware Store,45.8,credit,Credit Card Payment,Platinum Card
,5/18/2018,Whole Foods Market,194.72,credit,Groceries,Platinum Card
,7/2/2019,Amazon,77.65,credit,Paycheck,Checking
,10/27/2019,Greek Restaurant,91.36,credit,Home Improvement,Platinum Card
,4/14/2018,TechCorp Salary,29.57,debit,Coffee Shops,Platinum Card
,8/31/2018,BP,27.24,credit,Alcohol & Bars,Checking
,9/8/2019,Best Buy,122.49,debit,Restaurants,Checking
,2/7/2019,Credit Card Payment,75.24,credit,Shopping,Platinum Card
,5/19/2018,Home Depot Hardware,182.78,credit,Groceries,Platinum Card
,8/3/2018,American Tavern,108.18,credit,Home Improvement,Platinum Card
,7/8/2018,Hardware Store,162.19,credit,Home Improvement,Platinum Card
,12/20/2018,Amazon,170.0,debit,Paycheck,Silver Card
,2/20/2019,Mortgage Payment,132.25,debit,Home Improvement,Silver Card
,6/20/2019,Barbershop,68.42,debit,Home Improvement,Checking
,10/19/2019,Grocery Store,173.04,debit,Groceries,Silver Card
,10/5/2018,Credit Card Payment,129.56,debit,Mobile Phone,Platinum Card
,10/10/2019,Credit Card Payment,189.94,credit,Paycheck,Checking
,8/21/2018,American Tavern,51.38,debit,Paycheck,Platinum Card
,2/13/2018,Credit Card Payment,83.19,debit,Gas & Fuel,Platinum Card
,10/21/2019,Credit Card Payment,101.86,credit,Credit Card Payment,Checking
,4/14/2018,Amazon,158.7,credit,Alcohol & Bars,Checking
,6/19/2018,Brunch Restaurant,162.63,credit,Credit Card Payment,Platinum Card
,9/10/2018,Grocery Store,22.81,credit,Gas & Fuel,Platinum Card
,10/12/2019,Credit Card Payment,51.9,credit,Gas & Fuel,Platinum Card
,9/12/2019,American Tavern,166.06,debit,Restaurants,Silver Card
,2/28/2019,Power Company,93.13,debit,Coffee Shops,Platinum Card
,7/16/2018,Biweekly Paycheck,154.33,debit,Restaurants,Platinum Card
,6/29/2018,State Farm,136.9,credit,Groceries,Silver Card
,5/9/2018,Power Company,91.63,credit,Groceries,Platinum Card
,7/24/2018,Credit Card Payment,13.71,credit,Coffee Shops,Platinum Card
,1/22/2019,Credit Card Payment,57.14,credit,Music,Platinum Card
,9/30/2018,Credit Card Payment,120.09,debit,Internet,Silver Card
,2/18/2019,BP,86.8,credit,Credit Card Payment,Platinum Card
,8/21/2018,Grocery Store,102.38,credit,Movies & DVDs,Platinum Card
,1/22/2019,Greek Restaurant,58.61,debit,Shopping,Platinum Card
,6/3/2018,American Tavern,26.0,debit,Food & Dining,Platinum Card
,11/22/2018,Brunch Restaurant,4.89,credit,Credit Card Payment,Checking
,8/26/2019,Brewing Company,32.43,credit,Restaurants,Platinum Card
,6/22/2018,Pizza Place,101.8,credit,Restaurants,Platinum Card
,11/22/2018,Credit Card Payment,53.05,credit,Restaurants,Platinum Card
,6/5/2019,Credit Card Payment,21.62,credit,Movies & DVDs,Silver Card
,1/26/2018,City Water Charges,138.83,credit,Groceries,Silver Card
,10/1/2018,Shell,154.31,credit,Paycheck,Platinum Card
,5/17/2018,Gas Company,98.4,debit,Restaurants,Platinum Card
,7/19/2018,Credit Card Payment,188.69,debit,Credit Card Payment,Checking
,6/12/2018,Brewing Company,114.03,credit,Groceries,Platinum Card
,8/10/2019,Movie Theater,5.54,credit,Restaurants,Platinum Card
,12/1/2018,State Farm,197.74,debit,Restaurants,Platinum Card
,2/11/2018,Whole Foods Market,68.88,debit,Coffee Shops,Silver Card
,12/30/2018,Latin Restaurant,181.01,credit,Restaurants,Silver Card
,4/27/2018,Netflix,1.97,debit,Movies & DVDs,Platinum Card
,6/30/2018,Credit Card Payment,12.79,credit,Credit Card Payment,Platinum Card
,9/29/2019,Best Buy,93.57,credit,Restaurants,Checking
,9/23/2019,TechCorp Salary,187.03,credit,Credit Card Payment,Platinum Card
,4/17/2018,Brewing Company,146.86,debit,Paycheck,Silver Card
,9/29/2019,Credit Card Payment,132.73,debit,Gas & Fuel,Silver Card
,10/25/2019,Credit Card Payment,83.49,debit,Credit Card Payment,Platinum Card
,12/12/2018,Credit Card Payment,9.55,credit,Shopping,Platinum Card
,8/14/2019,Internet Service Provider,198.34,credit,Credit Card Payment,Silver Card
,5/12/2018,Grocery Store,192.28,debit,Internet,Platinum Card
,7/26/2019,Biweekly Paycheck,77.99,debit,Groceries,Platinum Card
,1/1/2019,Mediterranean Restaurant,189.95,credit,Auto Insurance,Platinum Card
,9/27/2019,Netflix Subscription,19.09,credit,Home Improvement,Silver Card
,6/29/2018,Biweekly Paycheck,2.07,debit,Music,Platinum Card
,3/13/2018,Amazon,13.94,debit,Home Improvement,Platinum Card
,2/20/2019,Whole Foods Market,55.95,credit,Internet,Platinum Card
,6/25/2018,Credit Card Payment,154.88,debit,Mobile Phone,Silver Card
,9/12/2019,Hardware Store,192.8,credit,Utilities,Platinum Card
,7/29/2018,Whole Foods Market,144.7,credit,Groceries,Platinum Card
,4/20/2019,Hardware Store,63.35,debit,Music,Checking
,5/15/2019,Whole Foods Market,197.03,credit,Fast Food,Platinum Card
,7/10/2018,Amazon,122.78,credit,Groceries,Platinum Card
,6/25/2018,Brewing Company,146.67,credit,Gas & Fuel,Platinum Card
,12/8/2018,Grocery Store,199.65,credit,Home Improvement,Platinum Card
,12/10/2018,Hardware Store,2.81,credit,Internet,Checking
,4/20/2018,Mediterranean Restaurant,45.84,debit,Groceries,Platinum Card
,2/24/2019,Shell,121.84,debit,Movies & DVDs,Platinum Card
,2/18/2019,Chick-Fil-A,39.23,debit,Paycheck,Checking
,6/20/2018,Credit Card Payment,98.51,credit,Alcohol & Bars,Platinum Card
,5/2/2019,Credit Card Payment,1.44,credit,Paycheck,Silver Card
,12/15/2018,Netflix,176.1,debit,Fast Food,Platinum Card
,5/4/2018,Credit Card Payment,83.41,debit,Internet,Silver Card
,8/9/2018,Amazon,31.54,credit,Gas & Fuel,Checking
,12/19/2018,Brunch Restaurant,52.1,credit,Mortgage & Rent,Platinum Card
,11/18/2018,American Tavern,20.53,credit,Home Improvement,Checking
,1/14/2019,New York Deli,47.24,debit,Shopping,Platinum Card
,7/12/2018,Gas Company,13.02,debit,Groceries,Checking
,5/8/2019,Credit Card Payment,105.03,debit,Gas & Fuel,Platinum Card
,3/15/2018,Credit Card Payment,58.88,credit,Credit Card Payment,Checking
,3/31/2018,Bakery Place,68.64,credit,Utilities,Platinum Card
,3/10/2018,Power Company,3.95,debit,Restaurants,Checking
,9/23/2019,Amazon,16.11,debit,Shopping,Silver Card
,5/8/2018,Gas Company,131.89,credit,Groceries,Platinum Card
,12/23/2018,Grocery Store,183.09,debit,Credit Card Payment,Platinum Card
,10/11/2019,Phone Company,36.65,debit,Paycheck,Platinum Card
,8/6/2018,QuikTrip,133.23,credit,Groceries,Silver Card
,11/17/2018,Power Company,83.74,debit,Home Improvement,Platinum Card
,8/2/2018,Starbucks,160.88,debit,Paycheck,Checking
,6/6/2019,City Water Charges,33.92,credit,Coffee Shops,Platinum Card
,2/3/2018,American Tavern,72.39,credit,Groceries,Silver Card
,11/19/2019,Brewing Company,178.43,debit,Groceries,Platinum Card
,4/5/2018,City Water Charges,14.45,credit,Paycheck,Silver Card
,6/8/2018,Whole Foods Market,9.56,credit,Paycheck,Silver Card
,10/9/2019,Starbucks,58.49,credit,Groceries,Platinum Card
,4/14/2019,Barbershop,127.59,debit,Credit Card Payment,Platinum Card
,11/21/2019,Movie Theater,124.4,credit,Home Improvement,Silver Card
,3/20/2019,Credit Card Payment,89.16,credit,Paycheck,Checking
,7/10/2018,Brunch Restaurant,54.85,debit,Shopping,Silver Card
,8/19/2019,Brewing Company,120.38,debit,Television,Silver Card
,12/14/2019,QuikTrip,104.04,debit,Shopping,Checking
,8/31/2019,Power Company,104.79,debit,Restaurants,Platinum Card
,1/14/2019,Grocery Store,26.01,debit,Utilities,Silver Card
,8/5/2018,Mortgage Payment,148.21,credit,Utilities,Platinum Card
,6/4/2018,Mortgage Payment,166.36,debit,Utilities,Silver Card
,11/25/2019,BP,184.91,credit,Utilities,Checking
,1/1/2019,TechCorp Salary,99.75,debit,Groceries,Checking
,4/11/2018,Gas Company,198.8,credit,Restaurants,Silver Card
,6/16/2018,Japanese Restaurant,58.84,debit,Groceries,Platinum Card
,10/3/2019,American Tavern,51.35,debit,Credit Card Payment,Checking
,1/25/2018,Credit Card Payment,100.5,debit,Utilities,Platinum Card
,8/11/2018,City Water Charges,199.65,debit,Credit Card Payment,Platinum Card
,8/5/2018,Grocery Store,40.17,debit,Shopping,Silver Card
,1/21/2019,Home Depot Hardware,133.86,debit,Gas & Fuel,Silver Card
,12/7/2018,Home Depot Hardware,49.54,debit,Gas & Fuel,Silver Card
,4/1/2018,Hardware Store,196.49,debit,Credit Card Payment,Checking
,8/1/2019,Spotify,143.12,debit,Fast Food,Silver Card
,8/20/2019,Credit Card Payment,50.55,debit,Groceries,Silver Card
,5/29/2019,Power Company,187.01,credit,Auto Insurance,Platinum Card
,9/24/2018,Phone Company,190.7,debit,Gas & Fuel,Platinum Card
,6/13/2019,Netflix,29.78,debit,Paycheck,Platinum Card
,5/9/2018,Brewing Company,194.06,debit,Shopping,Platinum Card
,10/22/2018,Starbucks,130.61,debit,Home Improvement,Checking
,11/11/2019,Home Depot Hardware,3.63,credit,Utilities,Platinum Card
,8/11/2019,BP,75.95,debit,Gas & Fuel,Platinum Card
,10/29/2018,Power Company,145.26,debit,Coffee Shops,Platinum Card
,5/28/2018,Phone Company,189.47,debit,Home Improvement,Platinum Card
,5/14/2019,Grocery Store,155.25,credit,Internet,Platinum Card
,11/22/2018,Amazon,183.0,credit,Shopping,Silver Card
,9/1/2018,Target,19.71,debit,Credit Card Payment,Platinum Card
,8/9/2019,Grocery Store,38.3,credit,Groceries,Checking
,7/19/2018,Whole Foods Market,192.47,debit,Groceries,Checking
,10/21/2018,American Tavern,51.58,debit,Alcohol & Bars,Silver Card
,4/9/2018,Phone Company,58.98,credit,Gas & Fuel,Platinum Card
,7/21/2018,Credit Card Payment,89.63,credit,Alcohol & Bars,Platinum Card
,7/5/2019,Belgian Restaurant,66.85,debit,Coffee Shops,Silver Card
,7/2/2018,Home Depot Hardware,57.21,debit,Auto Insurance,Platinum Card
,11/6/2019,American Tavern,148.69,debit,Restaurants,Silver Card
,4/25/2019,Shell,85.27,credit,Groceries,Platinum Card
,1/26/2019,German Restaurant,155.28,debit,Mobile Phone,Checking
,2/17/2018,City Water Charges,147.24,debit,Coffee Shops,Platinum Card
,2/16/2019,Credit Card Payment,86.84,credit,Music,Checking
,1/13/2019,TechCorp Salary,109.28,debit,Credit Card Payment,Platinum Card
,5/21/2019,BP,165.72,debit,Groceries,Platinum Card
,9/6/2018,Phone Company,122.7,credit,Auto Insurance,Silver Card
,6/8/2019,Grocery Store,123.36,credit,Paycheck,Platinum Card
,3/30/2018,Credit Card Payment,195.74,credit,Groceries,Silver Card
,6/23/2019,Brewing Company,59.07,credit,Paycheck,Platinum Card
,5/16/2018,American Tavern,167.64,credit,Credit Card Payment,Checking
,7/1/2019,Barbershop,129.89,debit,Groceries,Platinum Card
,11/26/2018,Amazon,197.37,credit,Shopping,Checking
,5/29/2019,Grocery Store,188.07,debit,Coffee Shops,Platinum Card
,5/4/2019,New York Deli,64.47,debit,Shopping,Platinum Card
,5/21/2019,Thai Restaurant,11.58,debit,Groceries,Checking
,8/8/2018,Power Company,89.99,debit,Auto Insurance,Platinum Card
,5/13/2018,Credit Card Payment,163.69,credit,Shopping,Platinum Card
,12/18/2018,Credit Card Payment,36.74,debit,Groceries,Checking
,6/24/2018,Food Truck,121.62,debit,Credit Card Payment,Silver Card
,2/11/2018,Grocery Store,149.19,credit,Fast Food,Platinum Card
,7/17/2018,Whole Foods Market,108.16,credit,Credit Card Payment,Silver Card
,4/7/2018,Bakery Place,32.61,credit,Restaurants,Silver Card
,12/3/2018,Vietnamese Restaurant,8.13,credit,Restaurants,Silver Card
,6/12/2018,Brunch Restaurant,102.65,credit,Coffee Shops,Platinum Card
,6/11/2018,Whole Foods Market,13.45,debit,Internet,Platinum Card
,6/12/2019,Whole Foods Market,99.82,credit,Gas & Fuel,Platinum Card
,10/7/2019,Home Depot Hardware,136.32,credit,Music,Checking
,1/30/2018,Biweekly Paycheck,183.33,debit,Credit Card Payment,Silver Card
,6/3/2018,Whole Foods Market,42.53,credit,Credit Card Payment,Platinum Card
,4/9/2019,Biweekly Paycheck,18.17,debit,Credit Card Payment,Platinum Card
,9/24/2019,Starbucks,113.86,debit,Credit Card Payment,Silver Card
,10/17/2019,Credit Card Payment,63.12,debit,Auto Insurance,Checking
,5/27/2018,Credit Card Payment,73.71,credit,Credit Card Payment,Platinum Card
,9/2/2019,Brewing Company,44.53,credit,Alcohol & Bars,Checking
,8/16/2019,Brewing Company,165.52,credit,Groceries,Silver Card
,5/25/2018,Mortgage Payment,61.94,credit,Groceries,Platinum Card
,2/8/2019,Fancy Restaurant,14.65,credit,Shopping,Checking
,1/15/2019,Credit Card Payment,87.05,debit,Credit Card Payment,Silver Card
,9/14/2019,Amazon,75.62,debit,Shopping,Platinum Card
,8/16/2018,Whole Foods Market,162.81,credit,Restaurants,Platinum Card
,1/19/2019,Hardware Store,10.7,debit,Coffee Shops,Silver Card
,4/16/2018,Amazon,92.61,debit,Credit Card Payment,Platinum Card
,2/7/2019,Gas Company,43.51,debit,Groceries,Checking
,12/5/2018,Whole Foods Market,95.77,credit,Utilities,Platinum Card
,5/29/2018,Whole Foods Market,41.85,debit,Utilities,Platinum Card
,5/7/2019,Netflix Subscription,7.55,credit,Credit Card Payment,Checking
,4/10/2019,TechCorp Salary,103.49,credit,Shopping,Checking
,6/18/2018,Fancy Restaurant,105.45,debit,Shopping,Silver Card
,3/24/2019,Grocery Store,138.67,debit,Credit Card Payment,Platinum Card
,9/16/2019,Netflix Subscription,78.36,credit,Groceries,Platinum Card
,5/25/2019,City Water Charges,59.84,debit,Mortgage & Rent,Platinum Card
,4/30/2018,Brunch Restaurant,163.54,credit,Shopping,Checking
,9/12/2018,Grocery Store,125.97,debit,Gas & Fuel,Platinum Card
,5/16/2019,Spotify,89.4,debit,Electronics & Software,Silver Card
,7/8/2019,American Tavern,156.6,debit,Shopping,Checking
,1/5/2019,Whole Foods Market,90.21,debit,Auto Insurance,Silver Card
,12/13/2018,Credit Card Payment,48.05,debit,Credit Card Payment,Silver Card
,12/14/2019,Whole Foods Market,82.46,debit,Movies & DVDs,Checking
,11/20/2018,Credit Card Payment,46.06,debit,Utilities,Silver Card
,12/13/2019,Pizza Place,57.51,credit,Shopping,Silver Card
,4/14/2018,Amazon,129.38,credit,Utilities,Silver Card
,6/23/2018,Barbershop,51.48,debit,Credit Card Payment,Silver Card
,12/14/2018,Biweekly Paycheck,68.82,debit,Shopping,Platinum Card
,11/19/2019,Phone Company,46.82,credit,Shopping,Checking
,8/19/2018,Credit Card Payment,144.82,debit,Credit Card Payment,Silver Card
,8/21/2019,American Tavern,183.21,debit,Credit Card Payment,Platinum Card
,8/3/2018,Brunch Restaurant,142.09,credit,Groceries,Platinum Card
,10/2/2019,Internet Service Provider,184.64,credit,Groceries,Checking
,10/19/2018,Credit Card Payment,189.18,credit,Credit Card Payment,Platinum Card
,7/16/2019,State Farm,176.13,debit,Music,Platinum Card
,7/19/2018,American Tavern,43.33,credit,Internet,Platinum Card
,9/14/2018,Mortgage Payment,27.39,debit,Paycheck,Silver Card
,12/23/2018,Gas Company,79.3,debit,Electronics & Software,Platinum Card
,2/6/2018,Gas Company,101.14,credit,Restaurants,Checking
,8/29/2019,Brewing Company,40.1,credit,Utilities,Platinum Card
,5/24/2018,Phone Company,173.68,debit,Groceries,Platinum Card
,5/9/2018,Amazon,95.3,debit,Utilities,Silver Card
,8/2/2019,Whole Foods Market,145.16,credit,Utilities,Checking
,1/9/2019,QuikTrip,180.22,credit,Credit Card Payment,Silver Card
,9/11/2019,Chick-Fil-A,14.12,credit,Groceries,Silver Card
,5/12/2019,Barbershop,172.36,credit,Credit Card Payment,Platinum Card
,2/3/2019,Phone Company,199.37,credit,Restaurants,Platinum Card
,2/15/2018,Spotify,28.63,debit,Credit Card Payment,Platinum Card
,9/4/2018,Grocery Store,81.34,credit,Restaurants,Platinum Card
,11/18/2019,Grocery Store,46.73,credit,Restaurants,Platinum Card
,7/18/2019,Spotify,12.4,debit,Gas & Fuel,Platinum Card
,9/16/2018,Thai Restaurant,184.14,credit,Credit Card Payment,Checking
,6/4/2018,Grocery Store,194.32,credit,Paycheck,Platinum Card
,2/1/2019,State Farm,46.22,debit,Electronics & Software,Platinum Card
,10/12/2019,Starbucks Coffee,142.25,debit,Groceries,Platinum Card
,8/30/2019,Whole Foods Market,88.28,debit,Shopping,Platinum Card
,7/29/2018,City Water Charges,14.96,credit,Music,Silver Card
,9/9/2018,Grocery Store,108.24,credit,Coffee Shops,Platinum Card
,7/28/2019,Grocery Store,51.37,debit,Shopping,Checking
,9/10/2018,Credit Card Payment,41.01,debit,Credit Card Payment,Checking
,11/18/2019,Internet Service Provider,178.88,debit,Auto Insurance,Platinum Card
,1/1/2019,Credit Card Payment,133.44,debit,Internet,Platinum Card
,12/18/2018,Credit Card Payment,53.53,credit,Music,Silver Card
,5/26/2018,Whole Foods Market,110.94,credit,Home Improvement,Silver Card
,2/18/2018,TechCorp Salary,185.12,debit,Groceries,Platinum Card
,5/17/2018,Biweekly Paycheck,184.4,debit,Groceries,Silver Card
,12/16/2018,Credit Card Payment,190.31,debit,Television,Platinum Card
,5/1/2018,Grocery Store,43.3,credit,Utilities,Platinum Card
,11/27/2018,Biweekly Paycheck,57.96,credit,Credit Card Payment,Platinum Card
,6/17/2019,American Tavern,78.32,debit,Credit Card Payment,Platinum Card
,8/9/2018,Grocery Store,136.05,debit,Haircut,Platinum Card
,8/25/2019,Phone Company,4.15,debit,Restaurants,Platinum Card
,5/11/2018,American Tavern,93.48,credit,Restaurants,Checking
,1/12/2019,Roadside Diner,102.2,credit,Auto Insurance,Platinum Card
,10/15/2018,Internet Service Provider,47.35,credit,Movies & DVDs,Checking
,1/12/2018,Chick-Fil-A,116.8,credit,Restaurants,Silver Card
,3/8/2019,Home Depot Hardware,108.38,credit,Gas & Fuel,Platinum Card
,12/1/2018,Gas Company,121.6,debit,Credit Card Payment,Platinum Card
,12/28/2018,BP,68.87,debit,Paycheck,Checking
,10/12/2019,Power Company,14.16,debit,Restaurants,Platinum Card
,1/13/2019,QuikTrip,15.28,credit,Movies & DVDs,Silver Card
,10/17/2018,Barbershop,132.66,credit,Gas & Fuel,Platinum Card
,10/11/2018,Netflix Subscription,154.75,credit,Auto Insurance,Platinum Card
,8/10/2019,Grocery Store,52.61,credit,Gas & Fuel,Checking
,12/30/2018,Gas Company,9.32,debit,Mobile Phone,Silver Card
,7/16/2018,Starbucks Coffee,10.56,debit,Coffee Shops,Platinum Card
,8/20/2019,Netflix,28.65,debit,Groceries,Platinum Card
,10/24/2019,Phone Company,116.77,debit,Haircut,Checking
,7/13/2019,Credit Card Payment,65.34,debit,Restaurants,Platinum Card
,7/19/2018,QuikTrip,18.95,credit,Groceries,Platinum Card
,8/17/2018,QuikTrip,56.2,debit,Home Improvement,Platinum Card
,11/3/2019,Credit Card Payment,111.81,credit,Groceries,Silver Card
,10/22/2019,Credit Card Payment,135.02,credit,Alcohol & Bars,Checking
,5/12/2018,American Tavern,123.0,credit,Haircut,Silver Card
,1/25/2019,Starbucks,163.24,debit,Shopping,Checking
,4/26/2019,Greek Restaurant,196.62,debit,Utilities,Silver Card
,7/19/2019,Brewing Company,91.25,credit,Groceries,Silver Card
,5/23/2018,Credit Card Payment,137.08,debit,Coffee Shops,Platinum Card
,5/13/2018,Credit Card Payment,47.37,credit,Utilities,Platinum Card
,12/26/2018,Gas Company,47.1,debit,Shopping,Platinum Card
,5/13/2018,Credit Card Payment,98.51,credit,Auto Insurance,Silver Card
,5/13/2018,American Tavern,1.86,debit,Groceries,Platinum Card
,5/18/2019,Whole Foods Market,194.09,debit,Restaurants,Checking
,11/2/2018,Starbucks,87.85,debit,Credit Card Payment,Platinum Card
,6/28/2018,Credit Card Payment,154.14,debit,Gas & Fuel,Checking
,10/27/2019,Mortgage Payment,176.13,debit,Auto Insurance,Silver Card
,12/17/2018,Credit Card Payment,96.6,debit,Groceries,Platinum Card
,7/28/2019,Spotify,152.02,debit,Shopping,Checking
,1/5/2019,Biweekly Paycheck,107.02,debit,Paycheck,Checking
,5/11/2018,Grocery Store,161.84,credit,Groceries,Platinum Card
,11/13/2018,Netflix,126.85,credit,Utilities,Platinum Card
,7/16/2018,Shell,21.84,credit,Credit Card Payment,Checking
,8/13/2019,Amazon,137.43,debit,Mobile Phone,Silver Card
,7/19/2019,Credit Card Payment,177.21,credit,Credit Card Payment,Platinum Card
,3/18/2018,Starbucks,56.94,credit,Restaurants,Platinum Card
,2/22/2019,Target,21.42,credit,Restaurants,Silver Card
,10/19/2018,Gas Company,110.47,debit,Groceries,Silver Card
,6/3/2019,Netflix Subscription,168.53,debit,Shopping,Platinum Card
,7/6/2019,Barbershop,198.18,credit,Mobile Phone,Platinum Card
,5/21/2019,Credit Card Payment,110.42,debit,Paycheck,Checking
,10/3/2019,Amazon,4.86,debit,Electronics & Software,Checking
,12/20/2018,Credit Card Payment,36.3,credit,Groceries,Silver Card
,11/17/2019,Whole Foods Market,37.88,credit,Gas & Fuel,Checking
,1/13/2019,Internet Service Provider,64.6,debit,Alcohol & Bars,Platinum Card
,9/24/2019,American Tavern,82.95,credit,Haircut,Platinum Card
,7/5/2019,Gas Company,175.09,debit,Restaurants,Checking
,7/4/2018,Gas Company,101.72,debit,Credit Card Payment,Checking
,3/14/2019,Valero,13.84,debit,Utilities,Platinum Card
,9/17/2019,Credit Card Payment,149.4,credit,Restaurants,Checking
,6/14/2019,Brewing Company,130.99,credit,Shopping,Checking
,10/16/2018,Starbucks,171.37,debit,Internet,Platinum Card
,4/5/2018,Home Depot Hardware,3.55,credit,Restaurants,Platinum Card
,4/22/2018,Biweekly Paycheck,152.06,credit,Utilities,Platinum Card
,10/26/2018,TechCorp Salary,11.15,debit,Paycheck,Platinum Card
,1/10/2019,BP,8.6,debit,Gas & Fuel,Platinum Card
,1/27/2019,American Tavern,69.19,credit,Haircut,Silver Card
,9/28/2019,Brewing Company,55.34,debit,Credit Card Payment,Platinum Card
,7/26/2019,Home Depot Hardware,105.23,credit,Credit Card Payment,Silver Card
,5/13/2018,Grocery Store,22.9,debit,Credit Card Payment,Platinum Card
,9/10/2019,Amazon,67.2,credit,Groceries,Silver Card
,3/19/2019,Hardware Store,149.94,credit,Internet,Silver Card
,10/10/2019,Brunch Restaurant,31.01,debit,Restaurants,Platinum Card
,1/21/2019,Credit Card Payment,43.09,debit,Credit Card Payment,Platinum Card
,12/31/2019,Grocery Store,124.61,credit,Movies & DVDs,Platinum Card
,3/18/2018,Chick-Fil-A,54.22,credit,Restaurants,Platinum Card
,6/12/2018,Starbucks Coffee,66.33,credit,Restaurants,Checking
,2/24/2018,Belgian Restaurant,112.84,credit,Coffee Shops,Platinum Card
,1/7/2019,Amazon,65.37,credit,Utilities,Checking
,3/28/2018,Credit Card Payment,65.51,credit,Credit Card Payment,Platinum Card
,9/22/2019,Best Buy,149.52,debit,Utilities,Checking
,1/7/2019,Whole Foods Market,8.12,credit,Utilities,Platinum Card
,6/15/2019,Power Company,75.86,debit,Gas & Fuel,Checking
,8/27/2018,Mediterranean Restaurant,128.09,debit,Groceries,Platinum Card
,11/10/2019,Phone Company,74.82,debit,Music,Silver Card
,8/3/2019,Grocery Store,113.02,credit,Restaurants,Platinum Card
,11/19/2018,Home Depot Hardware,130.92,credit,Groceries,Checking
,6/15/2018,American Tavern,187.82,credit,Credit Card Payment,Platinum Card
,3/17/2019,Grocery Store,10.34,credit,Groceries,Checking
,2/27/2018,Mediterranean Restaurant,52.76,debit,Groceries,Platinum Card
,3/27/2019,Gas Company,18.79,credit,Auto Insurance,Platinum Card
,5/31/2018,Phone Company,24.08,credit,Haircut,Platinum Card
,7/4/2018,Credit Card Payment,153.27,credit,Electronics & Software,Platinum Card
,1/3/2019,Whole Foods Market,91.31,credit,Utilities,Platinum Card
,9/29/2019,Amazon,31.65,debit,Movies & DVDs,Silver Card
,6/23/2018,Credit Card Payment,146.17,credit,Shopping,Silver Card
,12/4/2018,Credit Card Payment,65.71,credit,Utilities,Platinum Card
,6/16/2019,Grocery Store,129.1,debit,Gas & Fuel,Checking
,3/14/2018,Hardware Store,1.3,credit,Internet,Platinum Card
,10/10/2018,Amazon,171.01,credit,Internet,Platinum Card
,4/18/2019,Amazon,192.67,credit,Groceries,Checking
,5/25/2019,Home Depot Hardware,133.81,debit,Utilities,Checking
,7/22/2018,Credit Card Payment,24.45,credit,Gas & Fuel,Checking
,10/30/2019,Barbershop,56.27,debit,Credit Card Payment,Platinum Card
,6/11/2019,Grocery Store,31.51,debit,Gas & Fuel,Platinum Card
,11/21/2018,Spotify,193.27,credit,Groceries,Silver Card
,6/8/2019,State Farm,46.75,credit,Auto Insurance,Platinum Card
,7/12/2018,Pizza Place,188.38,credit,Shopping,Platinum Card
,8/19/2019,Credit Card Payment,157.95,debit,Credit Card Payment,Platinum Card
,3/31/2018,Greek Restaurant,25.22,debit,Credit Card Payment,Platinum Card
,2/8/2018,Credit Card Payment,106.48,credit,Internet,Platinum Card
,8/9/2019,Brewing Company,106.65,credit,Utilities,Platinum Card
,3/4/2018,Movie Theater,151.31,debit,Restaurants,Checking
,3/13/2019,Pizza Place,140.92,credit,Shopping,Platinum Card
,7/9/2018,Hardware Store,17.36,credit,Auto Insurance,Checking
,7/4/2018,Amazon,109.7,debit,Shopping,Platinum Card
,5/9/2019,Power Company,152.9,credit,Mobile Phone,Silver Card
,7/8/2018,Credit Card Payment,64.81,credit,Paycheck,Silver Card
,5/1/2018,QuikTrip,151.9,credit,Groceries,Platinum Card
,1/27/2019,Whole Foods Market,173.24,debit,Electronics & Software,Platinum Card
,5/31/2019,Credit Card Payment,79.96,debit,Home Improvement,Checking
,5/25/2018,BP,72.95,credit,Shopping,Checking
,6/10/2019,Whole Foods Market,179.71,debit,Home Improvement,Platinum Card
,9/27/2018,BP,131.02,debit,Utilities,Platinum Card
,4/12/2019,Blue Sky Market,147.0,credit,Gas & Fuel,Platinum Card
,5/13/2018,Mortgage Payment,112.65,debit,Restaurants,Platinum Card
,5/26/2018,Brunch Restaurant,71.54,credit,Mobile Phone,Platinum Card
,10/12/2019,Credit Card Payment,22.8,credit,Home Improvement,Platinum Card
,5/26/2018,Gas Company,170.65,credit,Credit Card Payment,Platinum Card
,9/12/2019,TechCorp Salary,117.01,credit,Utilities,Platinum Card
,7/23/2018,Credit Card Payment,146.02,credit,Auto Insurance,Platinum Card
,11/13/2019,Power Company,17.45,debit,Credit Card Payment,Platinum Card
,11/28/2018,Shell,12.07,debit,Haircut,Silver Card
,9/21/2018,Grocery Store,61.89,debit,Restaurants,Platinum Card
,7/7/2019,Amazon,107.43,credit,Gas & Fuel,Checking
,4/16/2019,Gas Company,132.66,credit,Groceries,Checking
,10/30/2019,Biweekly Paycheck,149.82,debit,Restaurants,Platinum Card
,7/2/2018,Gas Company,163.79,credit,Credit Card Payment,Silver Card
,8/10/2018,Power Company,52.79,debit,Groceries,Checking
,7/24/2018,Credit Card Payment,195.44,credit,Television,Silver Card
,12/26/2018,Spotify,76.15,debit,Home Improvement,Checking
,9/3/2018,Brunch Restaurant,120.6,credit,Shopping,Checking
,2/16/2019,Credit Card Payment,116.27,debit,Mortgage & Rent,Checking
,6/1/2018,Mike's Construction Co.,137.03,credit,Groceries,Checking
,10/21/2019,Spotify,75.21,debit,Credit Card Payment,Silver Card
,11/23/2019,Hardware Store,67.8,debit,Credit Card Payment,Platinum Card
,7/23/2018,Netflix Subscription,2.5,credit,Restaurants,Platinum Card
,1/23/2019,Shell,175.01,credit,Credit Card Payment,Checking
,6/3/2019,Phone Company,111.02,debit,Groceries,Platinum Card
,5/8/2019,Power Company,134.29,credit,Credit Card Payment,Silver Card
,10/16/2018,Power Company,197.12,credit,Utilities,Checking
,3/22/2019,State Farm,194.56,debit,Groceries,Platinum Card
,10/11/2019,Chick-Fil-A,66.01,debit,Restaurants,Platinum Card
,3/16/2018,Grocery Store,49.73,debit,Groceries,Checking
,5/29/2018,Credit Card Payment,11.61,credit,Credit Card Payment,Checking
,7/12/2018,State Farm,153.24,debit,Internet,Platinum Card
,1/31/2019,Brewing Company,140.04,credit,Coffee Shops,Platinum Card
,8/28/2019,Power Company,93.12,credit,Restaurants,Platinum Card
,6/30/2018,Brunch Restaurant,142.16,debit,Groceries,Platinum Card
,8/8/2018,Shell,69.94,credit,Mobile Phone,Platinum Card
,7/2/2019,Shell,43.78,debit,Alcohol & Bars,Silver Card
,12/5/2018,Credit Card Payment,5.56,debit,Credit Card Payment,Checking
,8/21/2019,Whole Foods Market,187.09,debit,Restaurants,Checking
,9/6/2018,Starbucks Coffee,110.16,debit,Groceries,Silver Card
,9/10/2019,TechCorp Salary,193.35,credit,Movies & DVDs,Checking
,4/27/2018,Brunch Restaurant,44.22,debit,Food & Dining,Platinum Card
,1/6/2019,Fancy Restaurant,139.68,debit,Mobile Phone,Silver Card
,7/11/2018,Amazon,5.65,credit,Mobile Phone,Platinum Card
,5/20/2018,Home Depot Hardware,138.49,credit,Utilities,Silver Card
,6/7/2018,Gas Company,138.82,credit,Paycheck,Platinum Card
,5/26/2018,Credit Card Payment,42.97,debit,Credit Card Payment,Checking
,9/2/2019,Credit Card Payment,180.06,credit,Fast Food,Checking
,5/18/2018,Spotify,49.58,debit,Restaurants,Checking
,8/23/2019,Internet Service Provider,117.37,debit,Groceries,Checking
,9/29/2019,BP,21.92,credit,Paycheck,Checking
,1/30/2019,State Farm,70.45,debit,Auto Insurance,Silver Card
,10/9/2019,Internet Service Provider,107.18,credit,Shopping,Silver Card
,7/15/2019,Credit Card Payment,189.03,debit,Gas & Fuel,Checking
,5/31/2018,State Farm,37.5,credit,Shopping,Platinum Card
,5/16/2019,Netflix Subscription,25.81,debit,Food & Dining,Platinum Card
,5/1/2019,American Tavern,86.87,credit,Coffee Shops,Platinum Card
,6/26/2018,Vietnamese Restaurant,182.94,debit,Credit Card Payment,Platinum Card
,3/30/2018,Barbershop,105.34,credit,Auto Insurance,Platinum Card
,10/12/2018,TechCorp Salary,19.98,debit,Restaurants,Silver Card
,4/1/2019,Spotify,66.21,credit,Utilities,Platinum Card
,7/22/2018,Grocery Store,196.56,debit,Credit Card Payment,Silver Card
,2/15/2018,Seafood Restaurant,118.84,debit,Coffee Shops,Platinum Card
,3/28/2019,Credit Card Payment,125.96,credit,Home Improvement,Checking
,6/4/2018,Mediterranean Restaurant,162.97,debit,Alcohol & Bars,Checking
,9/3/2018,Mexican Restaurant,132.36,debit,Shopping,Platinum Card
,9/14/2019,Hardware Store,92.38,debit,Restaurants,Checking
,10/4/2018,Biweekly Paycheck,44.99,credit,Coffee Shops,Platinum Card
,5/20/2019,Biweekly Paycheck,3.45,debit,Credit Card Payment,Checking
,3/30/2019,Grocery Store,7.39,debit,Restaurants,Platinum Card
,5/16/2019,American Tavern,69.02,credit,Utilities,Checking
,6/12/2019,Mortgage Payment,74.79,debit,Utilities,Platinum Card
,7/4/2019,American Tavern,132.14,debit,Coffee Shops,Platinum Card
,8/25/2019,Credit Card Payment,46.74,credit,Restaurants,Checking
,5/24/2018,Amazon,29.97,credit,Coffee Shops,Platinum Card
,6/9/2019,Credit Card Payment,150.28,credit,Coffee Shops,Platinum Card
,6/11/2018,TechCorp Salary,172.89,credit,Restaurants,Silver Card
,3/9/2018,Spotify,24.12,credit,Auto Insurance,Checking
,11/22/2018,State Farm,70.01,credit,Fast Food,Platinum Card
,12/12/2018,Amazon,122.4,credit,Restaurants,Platinum Card
,6/18/2019,Shell,139.59,debit,Credit Card Payment,Platinum Card
,6/10/2019,American Tavern,63.84,credit,Electronics & Software,Checking
,11/18/2018,Brunch Restaurant,14.22,credit,Utilities,Checking
,8/14/2018,Grocery Store,14.27,debit,Credit Card Payment,Checking
,4/11/2019,Grocery Store,48.36,debit,Internet,Platinum Card
,12/13/2018,Starbucks Coffee,103.93,credit,Restaurants,Platinum Card
,8/30/2018,State Farm,22.66,credit,Restaurants,Platinum Card
,4/30/2018,Spotify,100.53,credit,Groceries,Platinum Card
,3/27/2018,Roadside Diner,83.93,debit,Credit Card Payment,Silver Card
,2/17/2019,City Water Charges,52.36,credit,Gas & Fuel,Checking
,10/5/2018,Grocery Store,41.34,debit,Groceries,Platinum Card
,7/5/2019,Phone Company,121.42,credit,Paycheck,Checking
,7/15/2019,American Tavern,152.95,debit,Restaurants,Silver Card
,3/19/2019,QuikTrip,68.76,credit,Home Improvement,Platinum Card
,12/6/2018,Grocery Store,56.07,debit,Restaurants,Platinum Card
,4/21/2019,TechCorp Salary,75.8,credit,Coffee Shops,Platinum Card
,4/3/2018,Grocery Store,47.0,debit,Restaurants,Platinum Card
,5/26/2018,Credit Card Payment,8.74,debit,Groceries,Silver Card
,5/8/2019,Credit Card Payment,126.56,debit,Mobile Phone,Platinum Card
,5/31/2018,Credit Card Payment,104.25,credit,Groceries,Silver Card
,5/6/2018,Internet Service Provider,184.76,debit,Groceries,Silver Card
,4/25/2019,Starbucks Coffee,122.08,credit,Groceries,Checking
,4/30/2018,Brunch Restaurant,82.84,credit,Restaurants,Platinum Card
,3/5/2019,Netflix Subscription,66.31,debit,Groceries,Platinum Card
,5/6/2018,State Farm,6.52,credit,Groceries,Silver Card
,11/17/2019,Biweekly Paycheck,11.64,debit,Shopping,Silver Card
,5/8/2019,American Tavern,173.79,credit,Movies & DVDs,Silver Card
,10/18/2018,Gas Company,81.14,debit,Haircut,Checking
,10/12/2018,Whole Foods Market,35.6,credit,Restaurants,Silver Card
,11/6/2018,Credit Card Payment,43.43,debit,Restaurants,Checking
,8/18/2018,Brunch Restaurant,84.12,debit,Gas & Fuel,Platinum Card
,2/26/2018,Credit Card Payment,79.42,debit,Groceries,Platinum Card
,7/9/2019,Starbucks Coffee,167.68,debit,Auto Insurance,Platinum Card
,4/9/2019,Spotify,170.15,credit,Shopping,Silver Card
,6/11/2019,TechCorp Salary,9.67,credit,Restaurants,Platinum Card
,8/18/2018,Biweekly Paycheck,164.9,debit,Credit Card Payment,Silver Card
,10/11/2018,Whole Foods Market,136.45,credit,Credit Card Payment,Platinum Card
,9/24/2019,TechCorp Salary,10.69,credit,Groceries,Silver Card
,6/2/2018,Amazon,64.41,credit,Utilities,Platinum Card
,11/9/2019,Starbucks,111.94,credit,Internet,Checking
,7/13/2018,Starbucks,143.75,credit,Coffee Shops,Checking
,8/7/2018,Internet Service Provider,8.77,credit,Credit Card Payment,Silver Card
,5/12/2018,Credit Card Payment,80.4,debit,Credit Card Payment,Platinum Card
,5/4/2019,Starbucks,160.71,credit,Restaurants,Checking
,1/18/2019,TechCorp Salary,25.5,debit,Internet,Checking
,1/15/2019,City Water Charges,58.56,credit,Credit Card Payment,Checking
,11/7/2019,Credit Card Payment,111.06,credit,Shopping,Platinum Card
,6/29/2019,Hardware Store,184.73,debit,Paycheck,Checking
,4/26/2018,Pizza Place,100.64,credit,Fast Food,Checking
,5/4/2018,Movie Theater,167.55,credit,Credit Card Payment,Platinum Card
,5/28/2018,Grocery Store,15.18,debit,Mobile Phone,Checking
,6/17/2019,Credit Card Payment,95.76,credit,Utilities,Checking
,7/9/2019,Amazon,36.14,debit,Groceries,Platinum Card
,11/23/2018,American Tavern,34.14,credit,Groceries,Platinum Card
,11/7/2019,Credit Card Payment,39.79,debit,Coffee Shops,Platinum Card
,11/12/2018,Pizza Place,101.02,credit,Mortgage & Rent,Checking
,4/17/2019,Credit Card Payment,40.57,debit,Groceries,Checking
,1/16/2019,Mexican Restaurant,132.35,credit,Haircut,Platinum Card
,10/15/2019,Brewing Company,8.66,debit,Restaurants,Silver Card
,11/20/2018,City Water Charges,38.17,credit,Food & Dining,Silver Card
,5/26/2019,Circle K,60.53,debit,Credit Card Payment,Platinum Card
,11/10/2018,Amazon,109.09,credit,Home Improvement,Platinum Card
,1/21/2019,Hardware Store,128.97,debit,Credit Card Payment,Platinum Card
,1/13/2019,Credit Card Payment,10.35,debit,Groceries,Silver Card
,8/26/2019,Brewing Company,41.53,credit,Food & Dining,Platinum Card
,6/18/2018,Whole Foods Market,168.1,credit,Credit Card Payment,Checking
,8/9/2018,Whole Foods Market,63.67,credit,Credit Card Payment,Checking
,10/24/2019,TechCorp Salary,195.14,credit,Restaurants,Checking
,4/28/2018,Chick-Fil-A,7.22,debit,Restaurants,Platinum Card
,9/10/2019,Whole Foods Market,197.23,credit,Credit Card Payment,Platinum Card
,10/21/2018,Spotify,40.95,credit,Shopping,Platinum Card
,4/10/2019,Home Depot Hardware,101.39,debit,Groceries,Platinum Card
,4/8/2018,Internet Service Provider,86.17,debit,Shopping,Checking
,5/5/2018,BP,66.49,credit,Credit Card Payment,Silver Card
,5/18/2018,American Tavern,103.36,debit,Haircut,Checking
,4/14/2019,Whole Foods Market,67.64,debit,Shopping,Silver Card
,2/24/2018,Credit Card Payment,69.7,debit,Restaurants,Checking
,2/4/2019,Grocery Store,141.9,debit,Shopping,Platinum Card
,12/23/2018,Internet Service Provider,21.81,credit,Credit Card Payment,Checking
,2/23/2019,Grocery Store,134.1,credit,Restaurants,Silver Card
,5/16/2019,Fancy Restaurant,29.65,credit,Restaurants,Checking
,3/11/2019,Mortgage Payment,118.76,credit,Gas & Fuel,Platinum Card
,3/3/2019,Italian Restaurant,169.96,debit,Credit Card Payment,Platinum Card
,9/15/2019,Whole Foods Market,163.65,credit,Gas & Fuel,Platinum Card
,12/1/2018,Barbershop,7.2,credit,Shopping,Checking
,7/3/2019,Spotify,162.43,debit,Movies & DVDs,Platinum Card
,3/1/2019,Phone Company,146.97,debit,Paycheck,Checking
,11/18/2018,Credit Card Payment,151.78,debit,Gas & Fuel,Platinum Card
,8/22/2019,Brewing Company,165.75,debit,Groceries,Platinum Card
,1/17/2019,Credit Card Payment,101.61,debit,Groceries,Checking
,11/16/2019,American Tavern,16.8,credit,Credit Card Payment,Platinum Card
,6/23/2018,Whole Foods Market,162.68,credit,Utilities,Checking
,7/8/2019,Grocery Store,196.04,credit,Utilities,Silver Card
,9/26/2018,Phone Company,163.33,debit,Restaurants,Checking
,3/16/2018,Amazon,151.73,credit,Movies & DVDs,Platinum Card
,5/15/2019,Credit Card Payment,4.47,credit,Credit Card Payment,Silver Card
,7/5/2019,Credit Card Payment,28.43,credit,Gas & Fuel,Checking
,8/21/2018,Credit Card Payment,12.08,credit,Credit Card Payment,Platinum Card
,11/11/2019,Home Depot Hardware,93.51,debit,Utilities,Platinum Card
,7/11/2018,Brunch Restaurant,132.46,debit,Credit Card Payment,Checking
,4/22/2019,Credit Card Payment,136.76,credit,Alcohol & Bars,Silver Card
,8/25/2018,Biweekly Paycheck,84.34,credit,Groceries,Silver Card
,11/9/2018,Credit Card Payment,143.75,debit,Restaurants,Platinum Card
,3/31/2018,Gas Company,80.98,debit,Music,Checking
,6/5/2019,Internet Service Provider,34.93,debit,Paycheck,Platinum Card
,12/16/2018,Credit Card Payment,1.48,credit,Groceries,Checking
,5/16/2018,Grocery Store,183.72,debit,Alcohol & Bars,Platinum Card
,9/3/2018,Whole Foods Market,104.21,credit,Shopping,Checking
,4/16/2018,Credit Card Payment,100.75,credit,Gas & Fuel,Checking
,4/14/2018,BP,86.41,debit,Shopping,Checking
,2/6/2019,Brunch Restaurant,8.05,debit,Restaurants,Platinum Card
,5/5/2018,QuikTrip,43.78,debit,Utilities,Silver Card
,1/23/2019,Amazon,20.55,credit,Gas & Fuel,Platinum Card
,7/13/2018,Bojangles,135.19,credit,Mortgage & Rent,Checking
,5/13/2019,Biweekly Paycheck,145.8,debit,Utilities,Silver Card
,9/17/2019,Movie Theater,81.47,credit,Restaurants,Silver Card
,9/3/2019,Credit Card Payment,9.26,credit,Alcohol & Bars,Platinum Card
,7/13/2019,Credit Card Payment,24.8,debit,Paycheck,Silver Card
,1/26/2019,Hardware Store,74.36,credit,Home Improvement,Platinum Card
,1/27/2019,Fancy Restaurant,161.29,debit,Groceries,Platinum Card
,1/10/2019,Starbucks Coffee,141.76,credit,Credit Card Payment,Silver Card
,6/24/2018,Fancy Restaurant,15.14,credit,Credit Card Payment,Platinum Card
,6/22/2019,Brewing Company,192.33,debit,Credit Card Payment,Silver Card
,10/3/2018,Credit Card Payment,116.94,debit,Credit Card Payment,Silver Card
,7/16/2019,Whole Foods Market,63.61,credit,Utilities,Platinum Card
,4/7/2018,Grocery Store,16.91,debit,Groceries,Silver Card
,10/4/2019,Spotify,142.27,credit,Credit Card Payment,Checking
,10/17/2018,Hardware Store,56.06,debit,Groceries,Checking
,12/25/2018,Amazon,97.01,credit,Paycheck,Platinum Card
,1/26/2019,Grocery Store,117.61,debit,Gas & Fuel,Platinum Card
,5/25/2018,Internet Service Provider,82.04,credit,Credit Card Payment,Platinum Card
,4/29/2018,Gas Company,136.31,credit,Utilities,Platinum Card
,5/5/2018,Credit Card Payment,116.26,credit,Credit Card Payment,Platinum Card
,12/7/2018,Hardware Store,175.6,debit,Groceries,Checking
,6/14/2019,Brunch Restaurant,155.12,debit,Groceries,Silver Card
,9/10/2019,Amazon,104.74,debit,Paycheck,Checking
,3/24/2018,Spotify,65.73,debit,Internet,Silver Card
,12/6/2018,Credit Card Payment,95.88,debit,Home Improvement,Checking
,1/18/2019,Barbershop,191.04,debit,Alcohol & Bars,Checking
,6/7/2018,Amazon,68.78,debit,Groceries,Platinum Card
,11/13/2018,Netflix Subscription,182.94,debit,Gas & Fuel,Platinum Card
,12/2/2018,Biweekly Paycheck,67.46,credit,Groceries,Platinum Card
,7/3/2019,Credit Card Payment,181.2,credit,Restaurants,Platinum Card
,4/2/2019,Fancy Restaurant,176.11,credit,Home Improvement,Silver Card
,8/9/2018,Brunch Restaurant,134.37,debit,Utilities,Checking
,4/8/2018,Grocery Store,179.54,credit,Shopping,Platinum Card
,9/22/2019,City Water Charges,133.34,debit,Groceries,Platinum Card
,8/25/2018,Credit Card Payment,6.57,credit,Gas & Fuel,Checking
,7/14/2019,Mortgage Payment,25.05,debit,Home Improvement,Platinum Card
,12/30/2019,Credit Card Payment,66.38,credit,Groceries,Platinum Card
,9/13/2019,Brunch Restaurant,173.99,credit,Restaurants,Silver Card
,1/25/2019,Grocery Store,158.96,credit,Credit Card Payment,Checking
,8/24/2018,Phone Company,194.09,debit,Utilities,Platinum Card
,10/28/2019,Netflix,8.19,debit,Groceries,Platinum Card
,2/4/2019,Credit Card Payment,55.78,credit,Utilities,Platinum Card
,5/19/2019,Whole Foods Market,6.28,credit,Credit Card Payment,Silver Card
,11/18/2018,Brewing Company,172.76,credit,Utilities,Silver Card
,6/21/2018,BP,8.35,debit,Credit Card Payment,Checking
,6/23/2018,Grocery Store,169.74,debit,Utilities,Platinum Card
,5/27/2019,State Farm,138.28,debit,Shopping,Platinum Card
,5/14/2019,Credit Card Payment,13.38,credit,Home Improvement,Checking
,10/2/2019,Thai Restaurant,8.51,credit,Credit Card Payment,Silver Card
,1/31/2019,Whole Foods Market,171.41,credit,Credit Card Payment,Platinum Card
,3/28/2018,Netflix,128.79,credit,Utilities,Checking
,2/18/2018,Phone Company,74.51,debit,Paycheck,Platinum Card
,9/15/2018,City Water Charges,89.73,debit,Restaurants,Platinum Card
,5/19/2018,Amazon,170.61,debit,Internet,Checking
,4/18/2018,BP,96.03,debit,Gas & Fuel,Silver Card
,3/10/2020,Mexican Restaurant,138.86,debit,Gas & Fuel,Checking
,2/16/2019,Gas Company,31.57,credit,Paycheck,Platinum Card
,10/7/2019,Amazon,9.9,debit,Paycheck,Silver Card
,3/6/2019,Brewing Company,115.66,credit,Paycheck,Platinum Card
,4/3/2019,Phone Company,164.0,credit,Fast Food,Platinum Card
,3/16/2018,TechCorp Salary,144.37,credit,Auto Insurance,Checking
,2/13/2018,Brunch Restaurant,199.93,credit,Coffee Shops,Checking
,12/16/2018,American Tavern,38.11,debit,Fast Food,Checking
,3/7/2019,Spotify,150.94,credit,Groceries,Platinum Card
,4/29/2019,State Farm,33.17,debit,Gas & Fuel,Checking
,12/17/2018,Internet Service Provider,104.97,debit,Utilities,Silver Card
,6/1/2018,Credit Card Payment,72.97,credit,Coffee Shops,Checking
,6/27/2018,American Tavern,23.99,credit,Paycheck,Checking
,8/1/2019,Credit Card Payment,86.57,debit,Auto Insurance,Checking
,12/23/2019,Netflix,128.98,credit,Groceries,Checking
,10/16/2019,Credit Card Payment,65.82,debit,Credit Card Payment,Platinum Card
,9/12/2019,Amazon,199.62,credit,Groceries,Silver Card
,4/10/2019,City Water Charges,192.9,debit,Utilities,Silver Card
,5/25/2019,Home Depot Hardware,12.22,credit,Restaurants,Platinum Card
,6/29/2018,Internet Service Provider,85.44,debit,Internet,Silver Card
,9/10/2019,Brunch Restaurant,174.18,credit,Credit Card Payment,Platinum Card
,8/6/2018,Italian Restaurant,192.96,credit,Restaurants,Platinum Card
,12/13/2018,Credit Card Payment,95.45,debit,Restaurants,Platinum Card
,5/12/2018,Mortgage Payment,64.75,credit,Restaurants,Checking
,10/30/2019,Movie Theater,3.45,debit,Alcohol & Bars,Platinum Card
,8/5/2018,Phone Company,8.54,credit,Credit Card Payment,Silver Card
,10/14/2018,TechCorp Salary,68.99,credit,Internet,Platinum Card
,7/10/2018,Credit Card Payment,174.0,debit,Shopping,Platinum Card
,1/5/2019,State Farm,58.07,debit,Coffee Shops,Silver Card
,3/20/2019,Credit Card Payment,8.44,credit,Groceries,Checking
,7/14/2018,Valero,141.76,credit,Credit Card Payment,Platinum Card
,9/10/2019,TechCorp Salary,89.96,debit,Shopping,Platinum Card
,5/5/2018,American Tavern,164.86,debit,Paycheck,Platinum Card
,11/22/2019,American Tavern,46.54,debit,Groceries,Checking
,7/4/2019,Power Company,51.47,debit,Restaurants,Checking
,7/9/2018,Barbershop,169.87,credit,Fast Food,Platinum Card
,5/21/2019,Gas Company,135.03,credit,Credit Card Payment,Checking
,4/7/2019,Amazon,76.06,credit,Utilities,Platinum Card
,6/6/2018,Whole Foods Market,2.44,debit,Paycheck,Platinum Card
,4/25/2019,Brewing Company,190.14,credit,Restaurants,Checking
,5/29/2019,Credit Card Payment,53.74,debit,Credit Card Payment,Silver Card
,8/22/2018,Netflix,175.63,debit,Groceries,Platinum Card
,6/30/2018,Grocery Store,103.62,debit,Credit Card Payment,Silver Card
,10/29/2018,Credit Card Payment,81.59,debit,Groceries,Checking
,6/18/2018,Biweekly Paycheck,97.05,debit,Gas & Fuel,Silver Card
,8/22/2019,Greek Restaurant,146.11,debit,Groceries,Platinum Card
,3/3/2018,Power Company,99.8,credit,Coffee Shops,Platinum Card
,12/8/2018,Target,6.99,debit,Mortgage & Rent,Platinum Card
,8/29/2018,Amazon,103.9,debit,Credit Card Payment,Platinum Card
,3/25/2018,Phone Company,118.8,debit,Auto Insurance,Platinum Card
,9/15/2018,Grocery Store,73.18,debit,Credit Card Payment,Platinum Card
,8/10/2019,Gas Company,106.79,debit,Internet,Platinum Card
,11/1/2019,Amazon,36.41,credit,Groceries,Platinum Card
,10/31/2018,Credit Card Payment,122.95,debit,Credit Card Payment,Checking
,5/6/2019,Greek Restaurant,137.35,debit,Coffee Shops,Checking
,12/23/2018,Credit Card Payment,15.45,credit,Gas & Fuel,Platinum Card
,1/27/2019,Biweekly Paycheck,100.71,credit,Groceries,Silver Card
,8/30/2019,Pizza Place,30.75,credit,Restaurants,Silver Card
,7/27/2019,Whole Foods Market,178.37,credit,Credit Card Payment,Checking
,7/30/2018,Whole Foods Market,30.59,debit,Restaurants,Silver Card
,8/25/2018,Brewing Company,22.32,credit,Music,Silver Card
,1/6/2019,Whole Foods Market,123.15,credit,Alcohol & Bars,Checking
,4/22/2019,Shell,1.23,debit,Groceries,Platinum Card
,6/20/2018,Gas Company,37.41,credit,Music,Silver Card
,10/25/2019,Whole Foods Market,188.1,credit,Mobile Phone,Silver Card
,4/8/2019,Credit Card Payment,80.61,credit,Utilities,Checking
,4/4/2018,Seafood Restaurant,64.57,credit,Restaurants,Platinum Card
,4/14/2018,American Tavern,123.27,debit,Shopping,Platinum Card
,9/13/2019,Amazon,38.63,debit,Gas & Fuel,Silver Card
,3/25/2019,Biweekly Paycheck,31.75,credit,Groceries,Platinum Card
,7/23/2019,Internet Service Provider,198.16,debit,Shopping,Platinum Card
,6/30/2019,Internet Service Provider,46.22,debit,Movies & DVDs,Silver Card
,6/25/2019,BP,13.58,credit,Groceries,Platinum Card
,1/7/2020,QuikTrip,131.5,debit,Credit Card Payment,Platinum Card
,4/15/2019,Gas Company,92.01,credit,Electronics & Software,Silver Card
,6/19/2018,Whole Foods Market,74.64,debit,Credit Card Payment,Platinum Card
,6/9/2019,Credit Card Payment,69.65,credit,Music,Platinum Card
,12/20/2018,Credit Card Payment,18.8,debit,Internet,Checking
,2/21/2018,Gas Company,179.44,credit,Restaurants,Silver Card
,7/19/2019,Credit Card Payment,48.03,credit,Shopping,Silver Card
,8/8/2018,Brewing Company,181.01,debit,Movies & DVDs,Platinum Card
,4/23/2019,Mediterranean Restaurant,120.18,credit,Restaurants,Checking
,3/19/2019,Whole Foods Market,142.38,credit,Music,Silver Card
,11/28/2019,Gas Company,122.45,credit,Credit Card Payment,Checking
,2/1/2019,Grocery Store,198.23,credit,Mobile Phone,Silver Card
,11/21/2019,Starbucks Coffee,123.27,credit,Credit Card Payment,Platinum Card
,3/27/2018,Grocery Store,33.17,debit,Credit Card Payment,Platinum Card
,8/29/2018,Pizza Place,119.39,credit,Groceries,Silver Card
,9/23/2019,Greek Restaurant,79.07,debit,Internet,Platinum Card
,9/16/2019,Amazon,188.04,credit,Paycheck,Platinum Card
,8/9/2019,Brunch Restaurant,126.97,credit,Restaurants,Checking
,6/23/2018,Gas Company,142.13,credit,Coffee Shops,Silver Card
,10/14/2019,Spotify,80.43,debit,Home Improvement,Silver Card
,11/2/2019,City Water Charges,184.16,credit,Fast Food,Platinum Card
,8/21/2019,Shell,184.65,debit,Shopping,Platinum Card
,7/18/2019,Gas Company,111.69,debit,Shopping,Platinum Card
,5/26/2018,Whole Foods Market,2.99,debit,Mobile Phone,Platinum Card
,5/8/2018,City Water Charges,167.3,credit,Shopping,Checking
,2/9/2019,Shell,170.0,credit,Internet,Platinum Card
,12/6/2018,Grocery Store,10.86,debit,Groceries,Silver Card
,9/23/2018,Barbershop,178.8,debit,Groceries,Checking
,1/15/2018,Amazon,25.82,debit,Restaurants,Checking
,6/5/2019,Grocery Store,176.36,debit,Auto Insurance,Platinum Card
,1/5/2019,Netflix Subscription,134.15,debit,Mobile Phone,Platinum Card
,6/27/2018,Belgian Restaurant,192.61,credit,Utilities,Checking
,2/1/2019,Spotify,8.47,credit,Restaurants,Silver Card
,1/27/2019,City Water Charges,73.24,credit,Credit Card Payment,Platinum Card
,7/18/2019,Home Depot Hardware,160.7,debit,Groceries,Platinum Card
,11/25/2018,City Water Charges,25.37,debit,Mortgage & Rent,Platinum Card
,10/28/2018,Power Company,26.76,debit,Credit Card Payment,Platinum Card
,11/22/2018,Amazon,52.85,credit,Restaurants,Checking
,8/28/2018,Credit Card Payment,179.25,debit,Groceries,Platinum Card
,11/29/2018,Shell,113.52,credit,Coffee Shops,Checking
,5/15/2019,Home Depot Hardware,29.27,credit,Credit Card Payment,Silver Card
,8/5/2018,Spotify,15.62,credit,Fast Food,Silver Card
,2/5/2018,City Water Charges,44.32,debit,Credit Card Payment,Platinum Card
,11/28/2019,Hardware Store,65.79,debit,Movies & DVDs,Silver Card
,6/14/2018,Amazon,54.57,debit,Coffee Shops,Silver Card
,6/14/2019,Home Depot Hardware,145.82,debit,Restaurants,Checking
,8/4/2019,Credit Card Payment,67.86,credit,Mortgage & Rent,Silver Card
,9/26/2018,Phone Company,47.16,debit,Paycheck,Platinum Card
,12/1/2018,Whole Foods Market,44.07,debit,Paycheck,Silver Card
,8/23/2018,Brewing Company,157.3,credit,Auto Insurance,Platinum Card
,8/6/2018,Power Company,15.52,credit,Movies & DVDs,Platinum Card
,9/17/2019,Gas Company,61.91,debit,Utilities,Checking
,8/24/2019,American Tavern,41.27,credit,Credit Card Payment,Platinum Card
,6/5/2018,Grocery Store,97.4,credit,Credit Card Payment,Checking
,10/26/2018,Netflix,163.36,credit,Auto Insurance,Platinum Card
,1/14/2019,Credit Card Payment,29.42,debit,Mobile Phone,Platinum Card
,7/16/2018,Power Company,104.39,credit,Utilities,Platinum Card
,4/3/2018,Mortgage Payment,64.28,credit,Mortgage & Rent,Silver Card
,7/2/2018,Amazon,104.83,credit,Restaurants,Checking
,7/31/2019,Hardware Store,160.12,credit,Music,Checking
,6/15/2018,Mexican Restaurant,124.25,debit,Utilities,Silver Card
,4/9/2018,TechCorp Salary,55.79,debit,Paycheck,Silver Card
,7/20/2018,Brewing Company,166.44,credit,Paycheck,Checking
,11/1/2019,Shell,69.57,debit,Utilities,Platinum Card
,6/11/2018,Amazon,96.02,credit,Credit Card Payment,Checking
,12/2/2019,Biweekly Paycheck,159.02,debit,Gas & Fuel,Platinum Card
,10/26/2018,Brunch Restaurant,116.51,credit,Internet,Platinum Card
,3/26/2019,Phone Company,45.92,debit,Gas & Fuel,Checking
,3/12/2018,Amazon,97.29,credit,Credit Card Payment,Silver Card
,9/11/2019,Mortgage Payment,108.13,debit,Groceries,Checking
,4/10/2019,American Tavern,63.18,credit,Internet,Checking
,6/17/2019,Home Depot Hardware,82.06,debit,Restaurants,Silver Card
,3/28/2018,American Tavern,27.28,debit,Utilities,Platinum Card
,8/30/2018,Credit Card Payment,62.49,debit,Credit Card Payment,Platinum Card
,8/25/2019,Biweekly Paycheck,173.96,credit,Credit Card Payment,Platinum Card
,11/17/2018,Biweekly Paycheck,19.87,credit,Utilities,Platinum Card
,8/17/2018,Mediterranean Restaurant,36.17,credit,Credit Card Payment,Silver Card
,7/28/2019,Shell,43.75,credit,Credit Card Payment,Platinum Card
,9/28/2019,Credit Card Payment,193.89,debit,Television,Checking
,5/25/2018,TechCorp Salary,150.56,debit,Credit Card Payment,Checking
,10/13/2018,Credit Card Payment,135.09,credit,Home Improvement,Platinum Card
,5/1/2019,Whole Foods Market,30.26,debit,Home Improvement,Silver Card
,8/27/2019,Credit Card Payment,74.65,credit,Coffee Shops,Silver Card
,1/29/2019,Movie Theater,192.29,credit,Restaurants,Checking
,2/18/2019,Credit Card Payment,39.8,debit,Groceries,Checking
,9/26/2019,American Tavern,119.57,credit,Gas & Fuel,Checking
,1/27/2019,Movie Theater,113.71,credit,Credit Card Payment,Checking
,3/29/2019,City Water Charges,1.63,debit,Restaurants,Silver Card
,2/28/2019,Amazon,189.16,credit,Paycheck,Platinum Card
,12/21/2018,Whole Foods Market,10.7,debit,Restaurants,Silver Card
,8/30/2019,Credit Card Payment,162.85,debit,Internet,Checking
,6/8/2019,Shell,117.88,credit,Shopping,Platinum Card
,3/28/2018,Power Company,61.25,credit,Coffee Shops,Platinum Card
,4/7/2018,Credit Card Payment,147.87,credit,Internet,Platinum Card
,7/8/2018,City Water Charges,70.3,debit,Paycheck,Silver Card
,5/20/2018,Biweekly Paycheck,34.9,credit,Mobile Phone,Platinum Card
,8/19/2018,Gas Company,84.29,credit,Shopping,Checking
,4/12/2018,State Farm,6.26,credit,Credit Card Payment,Platinum Card
,7/8/2019,Biweekly Paycheck,141.19,debit,Credit Card Payment,Silver Card
,12/1/2018,Credit Card Payment,86.41,debit,Credit Card Payment,Platinum Card
,8/10/2018,BP,184.95,debit,Electronics & Software,Platinum Card
,10/8/2018,Wendy's,173.15,credit,Paycheck,Platinum Card
,7/20/2018,Starbucks,173.54,credit,Alcohol & Bars,Platinum Card
,3/21/2018,Netflix Subscription,190.21,debit,Groceries,Checking
,8/9/2019,Credit Card Payment,74.7,credit,Gas & Fuel,Platinum Card
,11/25/2018,Barbershop,18.89,debit,Gas & Fuel,Platinum Card
,2/26/2018,American Tavern,91.7,debit,Mobile Phone,Checking
,2/25/2019,Power Company,113.16,credit,Utilities,Platinum Card
,1/3/2019,Shell,157.37,credit,Groceries,Silver Card
,5/2/2018,Grocery Store,27.68,credit,Mortgage & Rent,Platinum Card
,2/22/2018,Netflix Subscription,48.3,credit,Restaurants,Checking
,8/12/2019,Credit Card Payment,148.78,credit,Credit Card Payment,Silver Card
,12/17/2019,TechCorp Salary,89.89,credit,Home Improvement,Silver Card
,8/18/2018,Netflix,168.3,credit,Paycheck,Silver Card
,4/12/2019,Grocery Store,147.47,debit,Groceries,Platinum Card
,12/25/2018,Credit Card Payment,158.17,debit,Coffee Shops,Platinum Card
,6/23/2018,Valero,11.11,credit,Alcohol & Bars,Platinum Card
,7/16/2019,Vietnamese Restaurant,64.45,debit,Credit Card Payment,Checking
,4/25/2019,Sushi Restaurant,40.06,debit,Groceries,Checking
,1/21/2018,Grocery Store,153.45,credit,Internet,Silver Card
,1/13/2019,Gas Company,149.8,credit,Restaurants,Checking
,3/17/2018,Spotify,82.02,debit,Credit Card Payment,Silver Card
,11/16/2018,Credit Card Payment,121.36,credit,Groceries,Platinum Card
,5/27/2018,Grocery Store,9.87,debit,Home Improvement,Checking
,3/30/2018,American Tavern,95.59,debit,Groceries,Checking
,8/5/2019,Biweekly Paycheck,69.07,credit,Paycheck,Silver Card
,4/13/2019,Credit Card Payment,76.66,credit,Credit Card Payment,Platinum Card
,8/13/2018,Brewing Company,173.12,debit,Credit Card Payment,Checking
,5/23/2019,BP,147.39,debit,Groceries,Silver Card
,9/6/2018,Home Depot Hardware,80.09,credit,Gas & Fuel,Silver Card
,6/21/2019,State Farm,44.99,debit,Restaurants,Silver Card
,5/17/2019,Mexican Restaurant,182.5,debit,Internet,Checking
,12/30/2018,Credit Card Payment,43.35,debit,Shopping,Platinum Card
,5/26/2019,Brewing Company,62.38,credit,Music,Checking
,5/12/2018,City Water Charges,106.07,debit,Coffee Shops,Silver Card
,6/3/2018,Phone Company,183.69,credit,Restaurants,Silver Card
,8/19/2019,Wendy's,196.21,credit,Groceries,Silver Card
,1/26/2019,Netflix Subscription,193.99,debit,Paycheck,Platinum Card
,8/23/2018,Mike's Construction Co.,122.18,credit,Credit Card Payment,Silver Card
,10/22/2018,Amazon,50.51,credit,Coffee Shops,Platinum Card
,9/30/2018,Grocery Store,70.31,debit,Credit Card Payment,Checking
,10/30/2018,Internet Service Provider,105.14,credit,Restaurants,Checking
,4/28/2019,Mediterranean Restaurant,46.79,debit,Auto Insurance,Checking
,8/7/2018,Biweekly Paycheck,110.35,credit,Mobile Phone,Platinum Card
,2/19/2018,Biweekly Paycheck,63.34,debit,Shopping,Checking
,10/8/2018,Barbershop,112.75,debit,Groceries,Checking
,6/4/2018,Mortgage Payment,127.87,debit,Fast Food,Platinum Card
,11/4/2018,Amazon,134.07,credit,Restaurants,Checking
,12/11/2019,Barbershop,93.06,credit,Auto Insurance,Checking
,9/13/2019,Netflix,125.2,debit,Credit Card Payment,Silver Card
,9/23/2018,Amazon,171.44,credit,Shopping,Checking
,7/21/2019,Phone Company,186.91,credit,Shopping,Platinum Card
,11/13/2019,Starbucks Coffee,37.91,credit,Music,Platinum Card
,10/12/2019,Internet Service Provider,199.12,credit,Coffee Shops,Silver Card
,1/17/2019,Credit Card Payment,139.91,debit,Entertainment,Platinum Card
,8/19/2018,TechCorp Salary,93.4,debit,Paycheck,Checking
,11/4/2018,Whole Foods Market,103.71,debit,Mortgage & Rent,Platinum Card
,4/7/2019,Whole Foods Market,123.88,credit,Auto Insurance,Platinum Card
,8/19/2018,American Tavern,133.66,debit,Shopping,Silver Card
,12/6/2018,Credit Card Payment,46.04,credit,Coffee Shops,Platinum Card
,3/30/2018,Credit Card Payment,166.85,credit,Mortgage & Rent,Platinum Card
,5/16/2018,Shell,135.85,debit,Paycheck,Checking
,10/5/2019,Credit Card Payment,131.46,credit,Utilities,Checking
,8/3/2018,Credit Card Payment,112.46,credit,Utilities,Platinum Card
,7/12/2018,Wendy's,38.08,credit,Television,Platinum Card
,6/8/2019,Mortgage Payment,180.82,debit,Restaurants,Checking
,2/26/2019,Home Depot Hardware,64.97,debit,Movies & DVDs,Platinum Card
,9/15/2019,Home Depot Hardware,137.49,credit,Fast Food,Silver Card
,6/8/2018,Grocery Store,171.49,debit,Coffee Shops,Silver Card
,1/23/2019,Credit Card Payment,51.09,credit,Shopping,Platinum Card
,4/18/2018,Grocery Store,33.01,debit,Restaurants,Platinum Card
,10/5/2019,Brunch Restaurant,42.53,debit,Credit Card Payment,Platinum Card
,7/20/2019,Credit Card Payment,141.4,debit,Auto Insurance,Platinum Card
,3/7/2018,City Water Charges,163.08,credit,Home Improvement,Platinum Card
,5/21/2018,Wendy's,165.31,credit,Gas & Fuel,Silver Card
,8/15/2018,American Tavern,57.06,debit,Restaurants,Silver Card
,2/10/2018,Fancy Restaurant,39.28,credit,Credit Card Payment,Checking
,9/9/2019,American Tavern,69.05,credit,Restaurants,Checking
,10/5/2018,Brewing Company,161.72,credit,Groceries,Platinum Card
,5/30/2018,Credit Card Payment,152.75,credit,Utilities,Platinum Card
,9/29/2019,Internet Service Provider,94.72,credit,Utilities,Platinum Card
,6/10/2018,BP,43.43,debit,Credit Card Payment,Platinum Card
,5/10/2018,American Tavern,88.9,credit,Music,Silver Card
,7/16/2018,Credit Card Payment,186.32,debit,Credit Card Payment,Silver Card
,1/20/2019,TechCorp Salary,143.16,debit,Music,Platinum Card
,4/18/2018,BP,159.81,debit,Credit Card Payment,Checking
,5/6/2019,Roadside Diner,173.24,credit,Movies & DVDs,Platinum Card
,7/18/2018,City Water Charges,167.24,credit,Coffee Shops,Checking
,4/30/2018,State Farm,3.3,debit,Mortgage & Rent,Checking
,2/4/2019,Gas Company,90.99,debit,Gas & Fuel,Checking
,7/27/2019,Thai Restaurant,60.58,credit,Mortgage & Rent,Checking
,10/12/2018,Whole Foods Market,46.99,debit,Alcohol & Bars,Checking
,11/8/2019,Amazon,9.95,debit,Restaurants,Silver Card
,11/18/2018,Japanese Restaurant,148.78,debit,Mobile Phone,Checking
,1/29/2019,State Farm,128.42,credit,Credit Card Payment,Silver Card
,7/9/2018,American Tavern,143.52,debit,Groceries,Checking
,8/10/2019,Netflix Subscription,69.15,debit,Restaurants,Platinum Card
,1/29/2019,Netflix Subscription,133.72,debit,Groceries,Platinum Card
,9/14/2018,Credit Card Payment,181.56,credit,Utilities,Checking
,8/11/2018,Hardware Store,7.98,credit,Restaurants,Silver Card
,8/12/2019,Amazon,154.81,credit,Credit Card Payment,Platinum Card
,8/28/2018,Amazon,6.91,debit,Utilities,Platinum Card
,4/23/2019,Starbucks Coffee,146.74,debit,Groceries,Platinum Card
,6/16/2019,BBQ Restaurant,106.01,credit,Fast Food,Checking
,4/14/2018,Pizza Place,129.83,credit,Credit Card Payment,Platinum Card
,12/30/2018,Credit Card Payment,186.21,credit,Internet,Silver Card
,9/12/2018,State Farm,149.57,debit,Credit Card Payment,Checking
,3/6/2019,Spotify,27.29,debit,Mortgage & Rent,Platinum Card
,4/22/2018,Credit Card Payment,165.24,debit,Auto Insurance,Platinum Card
,1/19/2019,Starbucks,138.77,debit,Restaurants,Checking
,1/3/2019,Credit Card Payment,1.49,debit,Groceries,Checking
,11/27/2018,Whole Foods Market,113.68,debit,Groceries,Platinum Card
,8/23/2018,Biweekly Paycheck,181.99,debit,Alcohol & Bars,Silver Card
,4/19/2018,Credit Card Payment,111.06,credit,Credit Card Payment,Silver Card
,6/12/2018,Biweekly Paycheck,186.83,credit,Shopping,Platinum Card
,6/5/2018,Whole Foods Market,171.73,debit,Credit Card Payment,Silver Card
,4/29/2018,State Farm,169.69,debit,Coffee Shops,Platinum Card
,7/12/2018,Tiny Deli,148.58,credit,Coffee Shops,Platinum Card
,2/13/2019,Brunch Restaurant,65.25,credit,Alcohol & Bars,Platinum Card
,5/11/2018,American Tavern,195.39,credit,Groceries,Platinum Card
,8/6/2018,Belgian Restaurant,80.11,debit,Utilities,Checking
,5/2/2018,Internet Service Provider,80.15,debit,Gas & Fuel,Platinum Card
,4/29/2019,Grocery Store,134.36,debit,Utilities,Platinum Card
,5/3/2018,Credit Card Payment,142.1,credit,Paycheck,Platinum Card
,4/27/2019,City Water Charges,182.8,credit,Home Improvement,Silver Card
,12/1/2018,Gas Company,80.73,debit,Credit Card Payment,Platinum Card
,7/10/2019,Spotify,155.43,credit,Restaurants,Platinum Card
,3/5/2019,Shell,159.43,credit,Gas & Fuel,Checking
,10/9/2018,Credit Card Payment,98.37,credit,Credit Card Payment,Silver Card
,7/2/2019,Whole Foods Market,32.89,credit,Restaurants,Checking
,5/5/2019,Whole Foods Market,187.17,debit,Coffee Shops,Checking
,6/20/2018,Mortgage Payment,191.55,credit,Credit Card Payment,Checking
,7/23/2019,Grocery Store,141.61,credit,Utilities,Checking
,6/29/2019,Whole Foods Market,169.35,debit,Auto Insurance,Platinum Card
,4/25/2019,Starbucks Coffee,189.37,debit,Utilities,Platinum Card
,6/18/2019,Gas Company,169.85,debit,Credit Card Payment,Silver Card
,3/16/2018,Barbershop,16.32,credit,Alcohol & Bars,Platinum Card
,7/24/2019,Spotify,101.09,debit,Groceries,Silver Card
,10/16/2019,Fancy Restaurant,154.15,credit,Music,Platinum Card
,5/14/2018,Seafood Restaurant,167.64,credit,Restaurants,Silver Card
,9/14/2019,Best Buy,191.94,debit,Shopping,Checking
,1/11/2019,Shell,153.27,debit,Restaurants,Platinum Card
,8/18/2019,Shell,64.06,credit,Utilities,Silver Card
,5/16/2019,Biweekly Paycheck,116.57,credit,Home Improvement,Silver Card
,6/22/2019,American Tavern,78.6,credit,Restaurants,Silver Card
,6/29/2019,Starbucks,42.66,debit,Electronics & Software,Platinum Card
,5/27/2018,TechCorp Salary,40.06,credit,Restaurants,Checking
,12/3/2018,Food Truck,126.27,credit,Groceries,Platinum Card
,2/11/2019,Spotify,132.25,credit,Shopping,Platinum Card
,5/15/2019,Mike's Construction Co.,57.92,debit,Utilities,Silver Card
,4/14/2019,American Tavern,126.6,debit,Internet,Silver Card
,8/11/2018,Grocery Store,167.77,debit,Home Improvement,Checking
,7/27/2018,Fancy Restaurant,188.15,debit,Utilities,Checking
,12/15/2018,Credit Card Payment,131.77,credit,Groceries,Platinum Card
,7/1/2019,Barbershop,57.38,credit,Paycheck,Checking
,5/19/2018,Credit Card Payment,135.65,credit,Credit Card Payment,Silver Card
,8/20/2018,Gas Company,52.2,debit,Shopping,Checking
,5/29/2018,City Water Charges,119.77,credit,Home Improvement,Checking
,5/14/2018,Barbershop,68.92,debit,Restaurants,Platinum Card
,5/11/2018,Credit Card Payment,24.26,debit,Auto Insurance,Platinum Card
,11/19/2018,Home Depot Hardware,5.07,credit,Utilities,Checking
,11/14/2018,Power Company,9.92,debit,Utilities,Checking
,5/10/2018,Barbershop,110.02,debit,Groceries,Platinum Card
,2/2/2019,Best Buy,195.84,credit,Fast Food,Platinum Card
,2/23/2019,State Farm,150.38,credit,Coffee Shops,Checking
,11/22/2018,Gas Company,151.95,credit,Paycheck,Platinum Card
,11/20/2018,Credit Card Payment,143.21,credit,Credit Card Payment,Platinum Card
,9/23/2018,American Tavern,1.76,debit,Utilities,Platinum Card
,4/28/2018,Credit Card Payment,50.84,credit,Restaurants,Platinum Card
,11/17/2019,Pizza Place,41.0,credit,Credit Card Payment,Checking
,2/21/2018,Whole Foods Market,155.63,credit,Auto Insurance,Checking
,12/5/2018,Biweekly Paycheck,42.08,credit,Utilities,Checking
,1/28/2019,Gas Company,121.18,credit,Auto Insurance,Checking
,11/8/2019,Mortgage Payment,82.4,credit,Internet,Checking
,1/29/2019,Grocery Store,92.25,credit,Shopping,Platinum Card
,11/20/2018,Phone Company,73.53,credit,Shopping,Platinum Card
,11/27/2019,Phone Company,148.91,debit,Auto Insurance,Checking
,6/11/2018,Brewing Company,71.12,debit,Movies & DVDs,Silver Card
,9/5/2019,TechCorp Salary,165.75,debit,Mortgage & Rent,Platinum Card
,12/6/2019,Gas Company,19.29,debit,Credit Card Payment,Platinum Card
,12/9/2018,Home Depot Hardware,50.78,credit,Gas & Fuel,Checking
,8/26/2019,Mortgage Payment,95.92,debit,Mobile Phone,Platinum Card
,3/18/2019,Japanese Restaurant,163.63,credit,Utilities,Platinum Card
,9/13/2018,BP,76.0,debit,Haircut,Platinum Card
,9/6/2019,Brunch Restaurant,122.39,debit,Restaurants,Platinum Card
,8/21/2018,Credit Card Payment,142.32,credit,Fast Food,Platinum Card
,6/9/2019,Amazon,96.08,debit,Movies & DVDs,Silver Card
,7/16/2019,Grocery Store,185.94,debit,Utilities,Platinum Card
,5/2/2018,Best Buy,144.06,credit,Shopping,Platinum Card
,6/2/2019,Credit Card Payment,184.58,credit,Restaurants,Platinum Card
,9/22/2019,American Tavern,191.75,credit,Home Improvement,Platinum Card
,4/13/2019,Power Company,112.1,debit,Gas & Fuel,Platinum Card
,3/31/2018,Credit Card Payment,107.25,credit,Credit Card Payment,Platinum Card
,10/11/2019,Brewing Company,191.08,debit,Groceries,Checking
,6/3/2018,Netflix Subscription,85.14,credit,Gas & Fuel,Checking
,4/25/2018,State Farm,126.31,credit,Credit Card Payment,Checking
,4/24/2018,American Tavern,73.7,debit,Internet,Platinum Card
,10/9/2018,Brewing Company,174.76,credit,Restaurants,Platinum Card
,4/9/2019,Gas Company,15.18,debit,Shopping,Checking
,5/9/2018,City Water Charges,152.65,credit,Shopping,Silver Card
,7/2/2018,Amazon,156.09,debit,Shopping,Platinum Card
,1/17/2019,Mortgage Payment,11.0,debit,Utilities,Silver Card
,9/1/2019,New York Deli,107.38,credit,Credit Card Payment,Platinum Card
,8/26/2019,Credit Card Payment,157.26,credit,Restaurants,Checking
,4/1/2018,Whole Foods Market,192.8,credit,Utilities,Checking
,10/24/2018,Thai Restaurant,162.23,debit,Internet,Platinum Card
,8/11/2018,BP,39.41,credit,Gas & Fuel,Checking
,8/23/2019,Brewing Company,109.32,debit,Alcohol & Bars,Checking
,4/12/2018,Shell,24.05,credit,Utilities,Checking
,5/11/2018,Amazon,132.13,credit,Credit Card Payment,Platinum Card
,8/26/2018,Credit Card Payment,144.71,credit,Auto Insurance,Platinum Card
,8/16/2019,Credit Card Payment,5.12,debit,Mobile Phone,Platinum Card
,5/22/2018,Mortgage Payment,148.6,debit,Restaurants,Platinum Card
,7/28/2018,Credit Card Payment,113.47,debit,Credit Card Payment,Silver Card
,9/4/2018,Amazon Video,194.33,debit,Gas & Fuel,Platinum Card
,8/12/2018,Mike's Construction Co.,80.13,credit,Restaurants,Silver Card
,7/29/2018,Gas Company,131.98,debit,Auto Insurance,Checking
,2/18/2019,Starbucks,172.31,debit,Credit Card Payment,Checking
,12/19/2018,Brewing Company,54.29,credit,Utilities,Platinum Card
,9/25/2018,Grocery Store,38.34,debit,Credit Card Payment,Silver Card
,4/30/2018,Chick-Fil-A,75.21,debit,Utilities,Checking
,6/26/2018,Biweekly Paycheck,192.91,credit,Groceries,Silver Card
,4/25/2019,Grocery Store,105.2,debit,Restaurants,Platinum Card
,12/12/2018,Shell,53.28,debit,Home Improvement,Platinum Card
,1/18/2019,Amazon,123.07,debit,Groceries,Checking
,11/30/2019,Whole Foods Market,96.06,credit,Credit Card Payment,Checking
,2/24/2019,Credit Card Payment,15.3,debit,Credit Card Payment,Platinum Card
,2/2/2019,Bakery Place,168.83,credit,Paycheck,Platinum Card
,3/9/2018,Credit Card Payment,31.17,debit,Credit Card Payment,Platinum Card
,12/22/2018,Amazon,33.71,debit,Gas & Fuel,Silver Card
,2/27/2018,BBQ Restaurant,71.19,debit,Shopping,Silver Card
,8/7/2018,City Water Charges,192.84,debit,Credit Card Payment,Platinum Card
,7/4/2018,Credit Card Payment,176.42,credit,Electronics & Software,Platinum Card
,5/16/2019,Power Company,150.37,credit,Restaurants,Platinum Card
,10/28/2018,Spotify,148.56,credit,Paycheck,Platinum Card
,11/8/2019,Spotify,101.34,credit,Gas & Fuel,Platinum Card
,3/22/2019,TechCorp Salary,151.35,debit,Home Improvement,Platinum Card
,12/11/2018,Grocery Store,180.74,debit,Utilities,Checking
,8/14/2018,Brunch Restaurant,120.01,credit,Mortgage & Rent,Platinum Card
,7/11/2018,TechCorp Salary,9.1,debit,Groceries,Checking
,6/12/2018,Mike's Construction Co.,100.72,credit,Credit Card Payment,Platinum Card
,8/3/2019,Whole Foods Market,117.62,credit,Restaurants,Silver Card
,10/24/2019,Chick-Fil-A,129.69,credit,Credit Card Payment,Checking
,7/28/2018,Internet Service Provider,8.57,debit,Music,Checking
,9/24/2019,Credit Card Payment,184.0,debit,Paycheck,Checking
,1/30/2019,Grocery Store,172.69,debit,Haircut,Platinum Card
,5/2/2019,Credit Card Payment,172.81,credit,Paycheck,Platinum Card
,3/3/2019,Whole Foods Market,110.24,debit,Alcohol & Bars,Platinum Card
,12/20/2018,Barbershop,185.73,debit,Shopping,Checking
,3/27/2019,Brunch Restaurant,24.21,credit,Coffee Shops,Checking
,3/14/2018,Brunch Restaurant,75.55,debit,Utilities,Platinum Card
,12/17/2018,Credit Card Payment,147.58,credit,Credit Card Payment,Checking
,10/10/2018,Whole Foods Market,86.91,debit,Credit Card Payment,Silver Card
,1/19/2019,Whole Foods Market,54.08,credit,Groceries,Silver Card
,6/25/2019,American Tavern,133.39,credit,Credit Card Payment,Platinum Card
,2/26/2018,Gas Company,118.07,debit,Restaurants,Platinum Card
,4/19/2018,Power Company,22.55,debit,Groceries,Checking
,6/21/2018,Chick-Fil-A,173.04,debit,Home Improvement,Checking
,8/3/2018,Credit Card Payment,52.9,debit,Alcohol & Bars,Platinum Card
,4/21/2019,Shell,119.43,credit,Mortgage & Rent,Checking
,5/1/2019,Credit Card Payment,47.01,credit,Restaurants,Platinum Card
,6/12/2018,Brewing Company,193.42,debit,Fast Food,Checking
,2/10/2019,Credit Card Payment,27.89,credit,Alcohol & Bars,Checking
,9/11/2018,Credit Card Payment,63.5,debit,Utilities,Platinum Card
,3/6/2019,Thai Restaurant,79.52,debit,Home Improvement,Checking
,7/13/2019,Amazon,33.69,credit,Shopping,Platinum Card
,4/13/2018,Brunch Restaurant,171.78,debit,Television,Silver Card
,11/4/2019,Hardware Store,160.91,debit,Groceries,Platinum Card
,7/17/2018,Barbershop,145.68,credit,Credit Card Payment,Platinum Card
,3/6/2018,Whole Foods Market,119.58,debit,Mortgage & Rent,Platinum Card
,2/13/2019,Credit Card Payment,162.39,credit,Groceries,Platinum Card
,11/21/2018,Hardware Store,88.77,debit,Restaurants,Silver Card
,1/3/2019,Credit Card Payment,122.99,debit,Restaurants,Silver Card
,12/19/2018,Shell,169.37,credit,Shopping,Platinum Card
,4/16/2019,Credit Card Payment,126.71,credit,Paycheck,Silver Card
,6/12/2018,Sushi Restaurant,131.46,debit,Credit Card Payment,Silver Card
,1/2/2019,Gas Company,49.68,debit,Groceries,Silver Card
,12/20/2018,Amazon,92.75,debit,Internet,Platinum Card
,1/23/2019,Amazon,145.16,credit,Home Improvement,Platinum Card
,1/24/2018,Grocery Store,51.44,debit,Gas & Fuel,Platinum Card
,4/18/2019,Spotify,75.2,credit,Electronics & Software,Platinum Card
,10/13/2018,Amazon,98.92,credit,Shopping,Platinum Card
,2/13/2019,Phone Company,60.34,debit,Shopping,Checking
,2/21/2019,Credit Card Payment,56.17,credit,Credit Card Payment,Platinum Card
,12/8/2018,Credit Card Payment,136.62,debit,Mortgage & Rent,Checking
,12/5/2019,Belgian Restaurant,153.94,credit,Utilities,Platinum Card
,9/26/2018,Starbucks Coffee,38.78,debit,Auto Insurance,Checking
,9/8/2019,TechCorp Salary,188.6,debit,Utilities,Platinum Card
,11/28/2018,Credit Card Payment,20.67,debit,Internet,Platinum Card
,6/28/2018,Grocery Store,67.76,debit,Restaurants,Platinum Card
,4/7/2019,Grocery Store,142.63,credit,Credit Card Payment,Checking
,5/18/2019,Roadside Diner,78.32,debit,Paycheck,Platinum Card
,4/26/2019,Phone Company,190.14,credit,Internet,Checking
,6/2/2018,Netflix,199.1,credit,Credit Card Payment,Checking
,8/23/2018,Spotify,25.45,credit,Credit Card Payment,Checking
,2/24/2019,Home Depot Hardware,181.54,debit,Groceries,Checking
,3/31/2018,Starbucks,97.02,credit,Credit Card Payment,Checking
,5/10/2018,Starbucks Coffee,184.52,credit,Credit Card Payment,Platinum Card
,10/15/2019,Phone Company,112.0,credit,Credit Card Payment,Platinum Card
,7/15/2018,Netflix,167.75,credit,Gas & Fuel,Checking
,3/8/2018,BP,86.66,debit,Groceries,Checking
,9/3/2019,Barbershop,180.86,credit,Internet,Checking
,12/7/2018,Amazon,19.73,debit,Credit Card Payment,Platinum Card
,11/9/2019,American Tavern,102.34,debit,Groceries,Checking
,4/22/2018,Amazon,5.12,debit,Gas & Fuel,Checking
,5/29/2018,Grocery Store,7.13,credit,Home Improvement,Platinum Card
,6/13/2018,Whole Foods Market,8.21,credit,Haircut,Silver Card
,4/6/2018,Home Depot Hardware,79.1,credit,Paycheck,Checking
,3/4/2018,Home Depot Hardware,116.17,credit,Movies & DVDs,Platinum Card
,4/21/2018,Internet Service Provider,20.99,debit,Credit Card Payment,Silver Card
,5/11/2018,Credit Card Payment,77.16,credit,Groceries,Platinum Card
,8/20/2019,Barbershop,90.6,debit,Credit Card Payment,Silver Card
,9/21/2019,Credit Card Payment,170.94,credit,Groceries,Platinum Card
,7/26/2018,Power Company,160.0,debit,Home Improvement,Checking
,12/28/2018,Credit Card Payment,16.29,debit,Credit Card Payment,Platinum Card
,1/12/2019,Phone Company,190.78,debit,Alcohol & Bars,Checking
,11/17/2019,TechCorp Salary,136.88,credit,Coffee Shops,Checking
,10/20/2019,Whole Foods Market,108.15,credit,Shopping,Platinum Card
,11/27/2018,Hardware Store,93.8,debit,Utilities,Silver Card
,2/4/2018,Brunch Restaurant,76.69,debit,Shopping,Platinum Card
,7/24/2019,BP,129.92,credit,Movies & DVDs,Platinum Card
,2/24/2019,Credit Card Payment,12.4,credit,Shopping,Platinum Card
,3/31/2019,Biweekly Paycheck,85.15,debit,Credit Card Payment,Platinum Card
,2/2/2019,Netflix,186.97,debit,Paycheck,Checking
,11/8/2018,American Tavern,36.14,credit,Utilities,Platinum Card
,10/28/2018,Power Company,30.31,credit,Credit Card Payment,Platinum Card
,12/15/2018,Spotify,57.12,debit,Groceries,Silver Card
,9/24/2018,Spotify,142.5,credit,Internet,Silver Card
,6/8/2018,American Tavern,43.98,credit,Fast Food,Silver Card
,11/4/2018,New York Deli,98.26,credit,Restaurants,Platinum Card
,5/25/2018,Brewing Company,137.82,debit,Home Improvement,Checking
,11/9/2018,City Water Charges,140.41,credit,Alcohol & Bars,Checking
,12/18/2018,Hardware Store,11.76,debit,Home Improvement,Platinum Card
,4/1/2018,Shell,42.3,credit,Utilities,Silver Card
,5/27/2018,Roadside Diner,91.22,credit,Groceries,Silver Card
,10/22/2019,Brewing Company,100.12,credit,Entertainment,Checking
,7/15/2018,Credit Card Payment,48.41,debit,Restaurants,Platinum Card
,11/15/2019,Sushi Restaurant,55.5,debit,Coffee Shops,Platinum Card
,11/28/2018,Starbucks Coffee,150.25,debit,Shopping,Platinum Card
,10/10/2019,Credit Card Payment,129.38,credit,Groceries,Silver Card
,4/15/2018,Credit Card Payment,184.84,credit,Shopping,Platinum Card
,5/23/2018,Credit Card Payment,197.87,debit,Gas & Fuel,Checking
,10/25/2018,Internet Service Provider,164.43,credit,Groceries,Platinum Card
,1/21/2019,Biweekly Paycheck,143.47,credit,Coffee Shops,Platinum Card
,5/3/2018,Grocery Store,52.85,credit,Auto Insurance,Checking
,6/12/2019,Phone Company,42.96,credit,Groceries,Platinum Card
,9/12/2019,Credit Card Payment,46.41,credit,Shopping,Platinum Card
,4/22/2018,Credit Card Payment,98.08,debit,Shopping,Checking
,12/21/2018,TechCorp Salary,133.78,credit,Movies & DVDs,Platinum Card
,10/11/2019,BP,88.59,debit,Auto Insurance,Platinum Card
,4/11/2019,Whole Foods Market,142.59,debit,Restaurants,Platinum Card
,6/5/2018,City Water Charges,112.39,credit,Paycheck,Platinum Card
,3/29/2019,Roadside Diner,57.27,credit,Gas & Fuel,Silver Card
,6/24/2018,Phone Company,109.56,debit,Groceries,Silver Card
,11/7/2019,Phone Company,50.82,debit,Groceries,Platinum Card
,11/19/2018,Hardware Store,109.12,credit,Credit Card Payment,Silver Card
,8/20/2019,TechCorp Salary,116.68,credit,Food & Dining,Platinum Card
,4/26/2019,BP,124.18,credit,Auto Insurance,Silver Card
,8/17/2019,Gas Company,171.5,credit,Coffee Shops,Silver Card
,6/5/2019,Mediterranean Restaurant,172.99,debit,Paycheck,Checking
,6/29/2019,Thai Restaurant,101.07,credit,Credit Card Payment,Silver Card
,7/30/2018,Amazon,79.94,debit,Credit Card Payment,Silver Card
,12/27/2018,Credit Card Payment,149.22,debit,Mobile Phone,Platinum Card
,5/18/2019,Grocery Store,84.72,debit,Shopping,Checking
,9/6/2018,Credit Card Payment,15.42,credit,Groceries,Checking
,4/7/2018,Roadside Diner,152.76,debit,Paycheck,Platinum Card
,2/20/2019,Mortgage Payment,100.9,credit,Home Improvement,Checking
,1/11/2019,State Farm,51.68,credit,Credit Card Payment,Silver Card
,1/1/2019,Credit Card Payment,6.66,credit,Paycheck,Platinum Card
,1/11/2019,Grocery Store,83.92,credit,Groceries,Platinum Card
,10/26/2019,Credit Card Payment,134.55,credit,Credit Card Payment,Silver Card
,4/7/2018,TechCorp Salary,170.11,debit,Credit Card Payment,Checking
,2/7/2020,Amazon,94.79,credit,Auto Insurance,Platinum Card
,3/27/2019,Credit Card Payment,167.18,credit,Paycheck,Silver Card
,4/22/2019,TechCorp Salary,15.25,credit,Credit Card Payment,Checking
,6/2/2018,Credit Card Payment,35.79,credit,Shopping,Platinum Card
,2/22/2019,Credit Card Payment,85.5,debit,Groceries,Silver Card
,8/8/2019,Credit Card Payment,53.59,credit,Utilities,Platinum Card
,1/28/2018,Credit Card Payment,178.01,credit,Credit Card Payment,Checking
,9/16/2019,Credit Card Payment,153.08,credit,Groceries,Platinum Card
,11/24/2018,Credit Card Payment,48.5,debit,Restaurants,Platinum Card
,3/25/2019,Whole Foods Market,57.65,debit,Coffee Shops,Platinum Card
,10/6/2018,Phone Company,38.86,credit,Shopping,Platinum Card
,12/5/2019,Netflix,195.64,debit,Restaurants,Checking
,7/13/2019,City Water Charges,2.62,credit,Gas & Fuel,Platinum Card
,5/12/2018,Gas Company,150.08,debit,Restaurants,Platinum Card
,3/25/2018,Pizza Place,22.16,debit,Shopping,Silver Card
,7/14/2019,Internet Service Provider,72.21,debit,Paycheck,Checking
,8/24/2018,Credit Card Payment,44.82,credit,Paycheck,Platinum Card
,3/19/2018,Brewing Company,130.83,debit,Home Improvement,Platinum Card
,8/10/2018,City Water Charges,28.68,debit,Groceries,Silver Card
,6/13/2018,Internet Service Provider,4.1,debit,Electronics & Software,Checking
,2/9/2019,Credit Card Payment,197.32,debit,Credit Card Payment,Platinum Card
,6/28/2018,Credit Card Payment,142.11,debit,Television,Platinum Card
,4/28/2019,Credit Card Payment,24.99,credit,Groceries,Checking
,7/9/2019,Barbershop,160.78,credit,Mortgage & Rent,Platinum Card
,5/11/2019,Netflix Subscription,94.63,debit,Coffee Shops,Checking
,6/9/2018,Credit Card Payment,82.49,debit,Mobile Phone,Silver Card
,6/16/2018,TechCorp Salary,87.17,credit,Credit Card Payment,Platinum Card
,10/22/2019,Biweekly Paycheck,151.46,debit,Restaurants,Platinum Card
,5/28/2019,Credit Card Payment,31.21,debit,Credit Card Payment,Silver Card
,5/1/2018,City Water Charges,45.05,credit,Groceries,Platinum Card
,4/5/2019,Netflix,198.71,credit,Alcohol & Bars,Checking
,1/14/2019,BP,199.32,debit,Coffee Shops,Platinum Card
,9/19/2018,City Water Charges,187.63,debit,Fast Food,Silver Card
,9/28/2019,Blue Sky Market,193.37,debit,Groceries,Platinum Card
,6/25/2018,Amazon,178.45,debit,Paycheck,Platinum Card
,7/11/2019,BP,131.25,credit,Coffee Shops,Checking
,1/16/2019,Grocery Store,37.08,debit,Shopping,Checking
,9/14/2018,Gas Company,165.95,debit,Groceries,Silver Card
,9/26/2019,Biweekly Paycheck,183.52,debit,Groceries,Checking
,12/23/2018,American Tavern,134.27,debit,Gas & Fuel,Platinum Card
,6/3/2018,Starbucks Coffee,176.89,debit,Restaurants,Platinum Card
,2/24/2019,Gas Company,41.85,credit,Credit Card Payment,Silver Card
,11/22/2019,BP,196.58,credit,Groceries,Platinum Card
,4/10/2019,Credit Card Payment,96.3,debit,Credit Card Payment,Checking
,7/18/2019,TechCorp Salary,4.73,credit,Utilities,Checking
,9/14/2019,Spotify,105.54,credit,Utilities,Checking
,2/12/2019,Starbucks,146.75,credit,Groceries,Checking
,10/3/2019,Starbucks,128.04,debit,Shopping,Platinum Card
,9/26/2019,Grocery Store,121.99,debit,Groceries,Platinum Card
,1/12/2019,QuikTrip,197.47,debit,Credit Card Payment,Checking
,2/6/2019,Amazon,167.38,debit,Credit Card Payment,Platinum Card
,4/15/2019,Shell,179.66,credit,Restaurants,Checking
,10/23/2019,Grocery Store,72.41,credit,Groceries,Checking
,7/7/2018,Mortgage Payment,124.12,debit,Shopping,Silver Card
,7/3/2019,Amazon,84.84,debit,Utilities,Platinum Card
,1/27/2018,Gas Company,138.29,debit,Music,Silver Card
,8/28/2018,State Farm,66.77,credit,Mobile Phone,Silver Card
,10/31/2019,Gas Company,180.6,debit,Credit Card Payment,Platinum Card
,4/28/2018,TechCorp Salary,92.94,debit,Credit Card Payment,Platinum Card
,5/25/2018,QuikTrip,77.63,debit,Paycheck,Checking
,4/14/2019,Power Company,75.12,credit,Credit Card Payment,Checking
,4/6/2018,Biweekly Paycheck,71.87,debit,Credit Card Payment,Platinum Card
,12/6/2018,Credit Card Payment,75.06,credit,Credit Card Payment,Silver Card
,1/20/2019,Brewing Company,175.14,debit,Utilities,Checking
,3/26/2018,Shell,189.06,debit,Home Improvement,Platinum Card
,3/20/2019,Credit Card Payment,120.75,credit,Home Improvement,Checking
,9/4/2018,Mortgage Payment,38.85,debit,Restaurants,Silver Card
,11/29/2018,Hardware Store,193.26,debit,Credit Card Payment,Silver Card
,2/7/2019,American Tavern,137.93,credit,Groceries,Silver Card
,4/2/2019,Roadside Diner,7.65,credit,Home Improvement,Checking
,9/29/2019,Shell,158.16,credit,Groceries,Platinum Card
,8/6/2019,Phone Company,135.37,credit,Home Improvement,Checking
,10/25/2019,Hardware Store,155.16,credit,Groceries,Platinum Card
,4/21/2019,Biweekly Paycheck,112.57,debit,Music,Silver Card
,8/29/2018,Phone Company,46.04,credit,Groceries,Platinum Card
,10/12/2019,Credit Card Payment,9.49,credit,Groceries,Checking
,11/6/2018,Power Company,52.26,debit,Auto Insurance,Silver Card
,7/29/2018,Mortgage Payment,32.9,debit,Gas & Fuel,Checking
,7/23/2018,Brewing Company,7.37,credit,Auto Insurance,Checking
,1/30/2019,Mexican Restaurant,37.37,debit,Paycheck,Platinum Card
,7/6/2019,Amazon,106.92,debit,Groceries,Silver Card
,2/21/2018,Hardware Store,2.18,debit,Restaurants,Platinum Card
,6/16/2018,Seafood Restaurant,136.83,credit,Movies & DVDs,Checking
,11/8/2018,Grocery Store,167.11,debit,Credit Card Payment,Checking
,12/9/2018,Credit Card Payment,115.15,debit,Shopping,Platinum Card
,8/4/2018,State Farm,156.06,credit,Restaurants,Platinum Card
,12/29/2018,Gas Company,116.92,credit,Groceries,Checking
,11/29/2018,Amazon,28.13,credit,Paycheck,Checking
,8/29/2019,Credit Card Payment,102.02,credit,Groceries,Checking
,4/15/2019,Biweekly Paycheck,188.84,credit,Mortgage & Rent,Checking
,5/31/2018,Biweekly Paycheck,8.85,debit,Mortgage & Rent,Checking
,11/28/2019,Power Company,124.13,debit,Groceries,Checking
,8/27/2019,QuikTrip,140.35,credit,Gas & Fuel,Platinum Card
,9/15/2019,American Tavern,191.77,credit,Restaurants,Platinum Card
,5/30/2019,Gas Company,12.38,debit,Entertainment,Silver Card
,12/30/2018,Barbershop,197.4,debit,Auto Insurance,Silver Card
,3/30/2019,American Tavern,107.74,debit,Restaurants,Platinum Card
,3/13/2018,Mortgage Payment,165.54,debit,Shopping,Platinum Card
,7/1/2018,Netflix,169.91,debit,Groceries,Platinum Card
,4/23/2019,Credit Card Payment,122.19,credit,Restaurants,Platinum Card
,7/23/2019,Whole Foods Market,162.81,debit,Groceries,Checking
,5/19/2018,American Tavern,26.74,credit,Paycheck,Platinum Card
,9/15/2019,Netflix,22.17,debit,Haircut,Checking
,6/22/2019,Credit Card Payment,154.49,debit,Television,Platinum Card
,11/7/2019,City Water Charges,158.87,credit,Gas & Fuel,Checking
,3/4/2019,Amazon,148.18,credit,Utilities,Checking
,6/13/2018,Amazon,37.66,credit,Gas & Fuel,Checking
,8/30/2019,Grocery Store,189.58,credit,Shopping,Platinum Card
,7/23/2019,Credit Card Payment,88.04,credit,Credit Card Payment,Platinum Card
,9/29/2018,Credit Card Payment,125.22,credit,Haircut,Checking
,4/30/2018,Internet Service Provider,148.28,debit,Groceries,Silver Card
,11/10/2018,Power Company,17.85,debit,Groceries,Platinum Card
,9/16/2018,Spotify,117.17,credit,Mortgage & Rent,Checking
,7/3/2018,Credit Card Payment,25.68,credit,Internet,Platinum Card
,9/16/2018,Biweekly Paycheck,9.14,credit,Internet,Platinum Card
,6/13/2018,Grocery Store,157.88,credit,Shopping,Silver Card
,6/22/2018,Food Truck,181.26,credit,Restaurants,Checking
,11/19/2018,Grocery Store,68.37,credit,Restaurants,Platinum Card
,4/15/2018,Spotify,89.09,credit,Restaurants,Silver Card
,12/13/2018,Credit Card Payment,1.05,debit,Paycheck,Checking
,8/15/2019,TechCorp Salary,170.05,credit,Internet,Platinum Card
,3/24/2019,Credit Card Payment,91.37,debit,Utilities,Checking
,3/20/2019,Credit Card Payment,191.81,credit,Gas & Fuel,Silver Card
,6/9/2018,Biweekly Paycheck,170.05,credit,Restaurants,Platinum Card
,5/7/2019,Brunch Restaurant,55.85,debit,Utilities,Checking
,12/6/2018,Whole Foods Market,84.89,credit,Home Improvement,Silver Card
,7/29/2018,Amazon,11.57,credit,Credit Card Payment,Platinum Card
,7/12/2018,BBQ Restaurant,145.41,debit,Groceries,Platinum Card
,9/9/2019,Brewing Company,9.11,debit,Groceries,Platinum Card
,10/14/2019,American Tavern,121.82,credit,Restaurants,Silver Card
,11/12/2018,Amazon,108.01,debit,Paycheck,Checking
,11/19/2018,BP,86.48,credit,Utilities,Platinum Card
,12/2/2018,Credit Card Payment,87.84,debit,Paycheck,Checking
,9/5/2018,Seafood Restaurant,194.02,credit,Coffee Shops,Checking
,8/14/2018,Whole Foods Market,48.09,credit,Shopping,Silver Card
,4/14/2018,Home Depot Hardware,102.85,debit,Internet,Platinum Card
,2/10/2019,Brunch Restaurant,6.81,credit,Electronics & Software,Platinum Card
,2/5/2018,Home Depot Hardware,177.86,credit,Groceries,Platinum Card
,7/17/2019,Credit Card Payment,96.49,debit,Groceries,Checking
,7/6/2019,Mediterranean Restaurant,88.69,credit,Internet,Platinum Card
,2/4/2019,Power Company,143.65,credit,Music,Platinum Card
,5/22/2018,BP,105.57,credit,Coffee Shops,Platinum Card
,9/2/2019,Grocery Store,186.3,credit,Credit Card Payment,Checking
,9/10/2019,Credit Card Payment,44.55,credit,Credit Card Payment,Platinum Card
,8/9/2018,American Tavern,155.9,credit,Auto Insurance,Silver Card
,8/30/2018,Credit Card Payment,58.26,debit,Credit Card Payment,Platinum Card
,2/11/2019,Mortgage Payment,151.76,credit,Groceries,Platinum Card
,7/26/2019,American Tavern,36.37,credit,Credit Card Payment,Platinum Card
,4/28/2019,BBQ Restaurant,68.33,debit,Internet,Platinum Card
,10/6/2018,Biweekly Paycheck,26.48,credit,Shopping,Platinum Card
,6/13/2019,Brewing Company,105.44,credit,Groceries,Silver Card
,8/27/2019,BP,184.28,debit,Restaurants,Platinum Card
,9/11/2019,Blue Sky Market,148.33,credit,Credit Card Payment,Platinum Card
,5/19/2018,Shell,113.23,credit,Alcohol & Bars,Platinum Card
,2/8/2018,Netflix Subscription,9.8,debit,Groceries,Checking
,10/27/2018,Home Depot Hardware,91.2,credit,Haircut,Platinum Card
,4/8/2019,Gas Company,172.29,debit,Gas & Fuel,Checking
,11/12/2018,Greek Restaurant,123.27,debit,Utilities,Checking
,10/6/2018,Credit Card Payment,109.95,debit,Credit Card Payment,Platinum Card
,6/21/2018,Grocery Store,128.46,credit,Utilities,Platinum Card
,3/18/2018,Amazon,140.81,debit,Mobile Phone,Platinum Card
,4/19/2018,Shell,168.22,credit,Shopping,Platinum Card
,10/10/2019,Starbucks Coffee,92.38,credit,Credit Card Payment,Silver Card
,10/19/2018,Brunch Restaurant,23.12,debit,Home Improvement,Platinum Card
,4/3/2018,Grocery Store,14.07,credit,Groceries,Platinum Card
,10/12/2018,Netflix Subscription,184.19,debit,Groceries,Checking
,5/11/2018,Credit Card Payment,104.02,debit,Credit Card Payment,Platinum Card
,12/4/2018,Spotify,76.0,credit,Restaurants,Platinum Card
,2/14/2018,Biweekly Paycheck,176.24,credit,Shopping,Silver Card
,6/5/2018,State Farm,24.76,debit,Mortgage & Rent,Platinum Card
,1/4/2019,Credit Card Payment,86.33,credit,Utilities,Platinum Card
,11/29/2018,Grocery Store,167.91,debit,Fast Food,Platinum Card
,8/17/2018,Amazon,162.41,credit,Groceries,Checking
,6/16/2018,American Tavern,154.05,debit,Mobile Phone,Silver Card
,1/20/2019,Whole Foods Market,71.11,credit,Shopping,Platinum Card
,12/2/2018,BP,158.18,debit,Shopping,Checking
,5/17/2019,Credit Card Payment,4.88,debit,Movies & DVDs,Checking
,6/20/2018,Amazon,199.9,debit,Credit Card Payment,Checking
,7/13/2018,Pizza Place,148.17,debit,Movies & DVDs,Platinum Card
,9/13/2018,Grocery Store,32.53,credit,Paycheck,Platinum Card
,2/3/2019,Valero,128.78,debit,Gas & Fuel,Platinum Card
,10/19/2019,Roadside Diner,97.4,credit,Credit Card Payment,Checking
,3/6/2019,Grocery Store,176.02,credit,Paycheck,Platinum Card
,2/6/2018,Credit Card Payment,24.38,debit,Credit Card Payment,Platinum Card
,6/3/2019,Gas Company,10.16,debit,Credit Card Payment,Platinum Card
,9/29/2018,Brewing Company,196.1,debit,Groceries,Platinum Card
,6/11/2018,American Tavern,18.41,debit,Television,Checking
,9/2/2019,Internet Service Provider,46.15,credit,Utilities,Checking
,3/25/2018,Netflix,132.45,debit,Restaurants,Checking
,1/29/2018,Biweekly Paycheck,11.37,credit,Restaurants,Checking
,8/5/2018,Grocery Store,8.05,credit,Fast Food,Silver Card
,4/16/2018,Biweekly Paycheck,68.64,debit,Credit Card Payment,Platinum Card
,12/20/2018,Credit Card Payment,22.69,debit,Groceries,Platinum Card
,2/10/2018,Credit Card Payment,192.12,credit,Shopping,Silver Card
,1/16/2020,Chick-Fil-A,125.05,credit,Credit Card Payment,Platinum Card
,8/31/2019,Phone Company,106.11,debit,Credit Card Payment,Checking
,8/6/2018,City Water Charges,39.86,debit,Gas & Fuel,Checking
,8/22/2018,Grocery Store,165.36,credit,Credit Card Payment,Platinum Card
,5/23/2018,American Tavern,18.43,debit,Gas & Fuel,Silver Card
,2/3/2019,American Tavern,158.06,debit,Restaurants,Platinum Card
,12/21/2019,Amazon,111.99,credit,Internet,Platinum Card
,12/5/2018,TechCorp Salary,77.69,credit,Coffee Shops,Platinum Card
,8/13/2018,Grocery Store,191.05,credit,Home Improvement,Silver Card
,2/25/2019,QuikTrip,101.65,credit,Credit Card Payment,Platinum Card
,12/23/2019,Credit Card Payment,23.72,debit,Groceries,Checking
,6/20/2019,Starbucks,18.36,credit,Credit Card Payment,Checking
,8/1/2018,Grocery Store,97.5,credit,Gas & Fuel,Checking
,7/31/2018,Best Buy,119.9,credit,Credit Card Payment,Platinum Card
,4/2/2018,Whole Foods Market,76.5,debit,Utilities,Checking
,6/15/2018,Vietnamese Restaurant,186.72,debit,Shopping,Silver Card
,8/9/2019,Whole Foods Market,86.32,debit,Utilities,Checking
,8/28/2019,Brunch Restaurant,57.87,debit,Credit Card Payment,Platinum Card
,2/1/2019,Gas Company,42.92,debit,Paycheck,Checking
,7/31/2019,Starbucks,99.71,debit,Credit Card Payment,Platinum Card
,12/2/2019,Gas Company,10.9,debit,Paycheck,Platinum Card
,8/20/2019,Credit Card Payment,163.12,credit,Shopping,Platinum Card
,6/27/2018,Brewing Company,114.71,credit,Gas & Fuel,Checking
,8/17/2018,Credit Card Payment,172.9,credit,Shopping,Platinum Card
,9/26/2018,Grocery Store,63.23,credit,Credit Card Payment,Silver Card
,9/14/2018,Barbershop,12.37,credit,Gas & Fuel,Checking
,10/15/2019,Credit Card Payment,46.26,debit,Utilities,Platinum Card
,3/17/2019,Credit Card Payment,81.49,credit,Restaurants,Platinum Card
,12/27/2018,Internet Service Provider,77.32,debit,Auto Insurance,Platinum Card
,3/4/2019,Internet Service Provider,62.48,debit,Restaurants,Checking
,11/27/2018,Mike's Construction Co.,51.5,credit,Gas & Fuel,Platinum Card
,10/19/2018,Hardware Store,132.84,debit,Paycheck,Platinum Card
,4/24/2019,Gas Company,24.3,debit,Restaurants,Platinum Card
,4/19/2018,Home Depot Hardware,148.19,debit,Gas & Fuel,Checking
,6/11/2019,Mike's Construction Co.,116.04,credit,Utilities,Checking
,4/23/2019,Mike's Construction Co.,99.77,credit,Groceries,Checking
,6/18/2018,American Tavern,2.45,credit,Restaurants,Platinum Card
,7/19/2018,Movie Theater,161.3,credit,Internet,Checking
,1/16/2019,Roadside Diner,162.08,debit,Utilities,Checking
,8/10/2018,Chick-Fil-A,130.44,debit,Restaurants,Silver Card
,7/23/2018,Starbucks,62.57,credit,Haircut,Platinum Card
,7/4/2018,Gas Company,109.48,credit,Restaurants,Platinum Card
,10/17/2019,Credit Card Payment,26.48,debit,Coffee Shops,Platinum Card
,9/19/2018,BP,163.05,debit,Credit Card Payment,Platinum Card
,5/15/2019,Whole Foods Market,71.86,debit,Groceries,Platinum Card
,6/18/2018,City Water Charges,69.84,debit,Alcohol & Bars,Platinum Card
,2/22/2019,City Water Charges,188.77,credit,Restaurants,Silver Card
,1/30/2018,Best Buy,188.04,credit,Credit Card Payment,Platinum Card
,11/5/2018,Hardware Store,179.71,debit,Groceries,Silver Card
,8/30/2018,Amazon,131.78,credit,Alcohol & Bars,Platinum Card
,2/23/2018,Brunch Restaurant,52.94,debit,Groceries,Silver Card
,8/26/2018,State Farm,40.65,debit,Restaurants,Silver Card
,10/9/2018,Whole Foods Market,162.55,debit,Restaurants,Platinum Card
,5/28/2019,Credit Card Payment,167.98,debit,Movies & DVDs,Platinum Card
,5/21/2018,Brunch Restaurant,145.58,credit,Groceries,Platinum Card
,11/21/2018,Credit Card Payment,14.64,debit,Auto Insurance,Checking
,8/11/2018,Biweekly Paycheck,152.44,debit,Paycheck,Silver Card
,9/25/2018,American Tavern,71.23,credit,Credit Card Payment,Platinum Card
,8/9/2019,Internet Service Provider,26.65,debit,Utilities,Silver Card
,6/13/2018,Power Company,97.52,credit,Gas & Fuel,Platinum Card
,6/8/2018,Brewing Company,69.36,credit,Credit Card Payment,Checking
,11/11/2019,Spotify,41.04,debit,Fast Food,Silver Card
,10/28/2019,Whole Foods Market,193.07,credit,Home Improvement,Silver Card
,1/7/2019,Credit Card Payment,185.66,debit,Credit Card Payment,Silver Card
,5/31/2018,Power Company,145.23,debit,Fast Food,Platinum Card
,8/26/2018,Exxon,76.26,debit,Movies & DVDs,Platinum Card
,7/21/2018,Netflix Subscription,171.96,debit,Shopping,Platinum Card
,4/8/2018,American Tavern,71.39,debit,Utilities,Platinum Card
,5/14/2019,Belgian Restaurant,165.2,debit,Credit Card Payment,Checking
,6/20/2018,American Tavern,71.0,debit,Mortgage & Rent,Checking
,1/19/2019,Netflix Subscription,145.05,credit,Haircut,Platinum Card
,11/22/2018,Amazon,154.7,credit,Groceries,Platinum Card
,5/10/2019,Shell,16.88,debit,Home Improvement,Checking
,6/27/2019,Biweekly Paycheck,76.73,debit,Utilities,Platinum Card
,7/21/2018,Hardware Store,175.37,debit,Credit Card Payment,Platinum Card
,12/31/2018,Whole Foods Market,46.96,credit,Gas & Fuel,Checking
,3/26/2018,QuikTrip,73.43,debit,Restaurants,Platinum Card
,7/26/2018,Grocery Store,192.36,debit,Restaurants,Checking
,8/21/2018,Credit Card Payment,144.07,debit,Paycheck,Platinum Card
,10/21/2019,State Farm,16.08,credit,Groceries,Platinum Card
,11/17/2018,Mediterranean Restaurant,3.15,credit,Internet,Platinum Card
,1/16/2019,Hardware Store,181.24,credit,Shopping,Checking
,3/20/2019,Grocery Store,109.3,credit,Home Improvement,Silver Card
,5/5/2018,Starbucks,145.58,debit,Credit Card Payment,Silver Card
,11/1/2019,Greek Restaurant,85.41,debit,Home Improvement,Platinum Card
,10/12/2019,Credit Card Payment,130.96,credit,Groceries,Checking
,5/28/2018,Internet Service Provider,185.43,debit,Coffee Shops,Platinum Card
,12/8/2018,BP,131.45,credit,Paycheck,Platinum Card
,10/9/2019,Mike's Construction Co.,42.52,credit,Groceries,Silver Card
,9/15/2018,American Tavern,164.54,credit,Shopping,Silver Card
,5/31/2018,Gas Company,45.47,debit,Paycheck,Silver Card
,5/14/2019,Credit Card Payment,93.37,credit,Shopping,Platinum Card
,9/13/2019,Spotify,148.94,debit,Restaurants,Checking
,10/17/2019,Grocery Store,159.31,credit,Gas & Fuel,Platinum Card
,12/3/2018,Home Depot Hardware,27.87,debit,Haircut,Platinum Card
,7/27/2019,Whole Foods Market,192.93,credit,Music,Checking
,10/27/2018,Grocery Store,43.2,credit,Gas & Fuel,Checking
,8/10/2019,Credit Card Payment,177.74,credit,Restaurants,Checking
,1/10/2019,QuikTrip,84.58,debit,Haircut,Platinum Card
,9/11/2018,Grocery Store,197.86,debit,Shopping,Platinum Card
,5/17/2019,State Farm,44.2,credit,Credit Card Payment,Platinum Card
,7/11/2018,QuikTrip,144.83,credit,Credit Card Payment,Platinum Card
,7/1/2018,Credit Card Payment,168.62,debit,Credit Card Payment,Silver Card
,4/14/2018,BP,97.76,debit,Home Improvement,Checking
,6/26/2019,Whole Foods Market,147.59,credit,Restaurants,Platinum Card
,1/9/2020,State Farm,51.47,credit,Mobile Phone,Platinum Card
,12/22/2018,Biweekly Paycheck,106.95,debit,Fast Food,Platinum Card
,6/26/2018,Starbucks Coffee,89.22,debit,Groceries,Platinum Card
,1/25/2019,Gas Company,146.33,credit,Shopping,Platinum Card
,8/31/2018,Shell,183.58,debit,Gas & Fuel,Silver Card
,3/12/2018,Netflix,181.84,debit,Alcohol & Bars,Checking
,8/13/2019,Starbucks Coffee,102.45,credit,Restaurants,Platinum Card
,2/3/2019,City Water Charges,8.99,debit,Shopping,Platinum Card
,5/22/2018,State Farm,118.2,debit,Gas & Fuel,Checking
,10/3/2019,Whole Foods Market,136.33,debit,Credit Card Payment,Silver Card
,8/22/2019,Biweekly Paycheck,191.72,credit,Home Improvement,Checking
,4/26/2019,Amazon,153.46,credit,Credit Card Payment,Platinum Card
,12/25/2018,Credit Card Payment,16.98,credit,Credit Card Payment,Platinum Card
,8/3/2019,American Tavern,139.14,credit,Mortgage & Rent,Platinum Card
,11/11/2019,Amazon,142.12,credit,Credit Card Payment,Platinum Card
,3/10/2019,Grocery Store,127.43,debit,Shopping,Platinum Card
,7/5/2018,Credit Card Payment,18.73,credit,Credit Card Payment,Platinum Card
,8/31/2019,Barbershop,28.82,debit,Alcohol & Bars,Checking
,3/10/2019,New York Deli,46.75,credit,Utilities,Checking
,2/23/2019,Shell,104.64,debit,Utilities,Checking
,11/8/2018,Hardware Store,163.4,debit,Credit Card Payment,Checking
,8/12/2019,Whole Foods Market,107.01,credit,Haircut,Checking
,11/2/2019,Credit Card Payment,95.97,debit,Haircut,Platinum Card
,10/1/2019,Bakery Place,18.16,debit,Coffee Shops,Silver Card
,9/10/2018,Mortgage Payment,128.67,debit,Haircut,Checking
,1/18/2019,BP,72.14,debit,Restaurants,Checking
,10/11/2019,German Restaurant,175.31,credit,Coffee Shops,Checking
,7/8/2018,Brunch Restaurant,122.72,credit,Shopping,Platinum Card
,12/29/2018,QuikTrip,49.69,debit,Shopping,Checking
,9/14/2018,Spotify,174.25,credit,Gas & Fuel,Platinum Card
,10/24/2019,Gas Company,69.54,credit,Gas & Fuel,Silver Card
,6/5/2018,Gas Company,10.36,debit,Restaurants,Platinum Card
,4/2/2019,Credit Card Payment,41.84,credit,Gas & Fuel,Platinum Card
,2/21/2019,QuikTrip,125.21,debit,Shopping,Platinum Card
,8/23/2019,Biweekly Paycheck,70.19,debit,Gas & Fuel,Platinum Card
,4/7/2019,Home Depot Hardware,14.89,credit,Shopping,Platinum Card
,8/9/2018,Gas Company,121.65,credit,Credit Card Payment,Checking
,8/27/2019,Biweekly Paycheck,125.97,credit,Internet,Silver Card
,1/25/2019,Credit Card Payment,64.72,credit,Gas & Fuel,Checking
,11/22/2019,Best Buy,104.81,credit,Credit Card Payment,Silver Card
,12/21/2018,Roadside Diner,80.42,credit,Coffee Shops,Checking
,12/17/2019,Mediterranean Restaurant,97.96,debit,Shopping,Checking
,6/10/2018,Internet Service Provider,78.15,debit,Utilities,Platinum Card
,6/14/2018,Brunch Restaurant,125.18,credit,Shopping,Platinum Card
,4/25/2019,Credit Card Payment,151.58,debit,Internet,Checking
,9/14/2019,City Water Charges,154.04,credit,Utilities,Platinum Card
,2/12/2018,Biweekly Paycheck,182.04,credit,Gas & Fuel,Checking
,11/21/2018,Whole Foods Market,161.33,debit,Gas & Fuel,Checking
,1/26/2019,Phone Company,24.5,credit,Utilities,Silver Card
,1/15/2019,Shell,34.55,credit,Groceries,Checking
,3/15/2019,Netflix Subscription,111.86,credit,Credit Card Payment,Silver Card
,7/23/2018,TechCorp Salary,87.69,debit,Alcohol & Bars,Checking
,2/4/2019,Barbershop,40.19,debit,Restaurants,Checking
,6/24/2019,Netflix Subscription,11.65,debit,Gas & Fuel,Silver Card
,11/3/2019,Brewing Company,111.78,credit,Credit Card Payment,Checking
,6/28/2018,Mortgage Payment,144.66,debit,Groceries,Platinum Card
,1/10/2019,Whole Foods Market,162.65,credit,Restaurants,Silver Card
,3/27/2018,Credit Card Payment,153.9,credit,Credit Card Payment,Platinum Card
,1/31/2018,Gas Company,43.96,debit,Utilities,Silver Card
,10/1/2018,Spotify,97.46,debit,Home Improvement,Checking
,5/25/2018,Grocery Store,148.52,credit,Groceries,Checking
,5/15/2019,QuikTrip,88.98,credit,Groceries,Checking
,10/17/2018,Netflix Subscription,119.65,debit,Gas & Fuel,Platinum Card
,10/26/2018,Mortgage Payment,199.75,debit,Internet,Checking
,10/31/2019,Credit Card Payment,120.06,debit,Electronics & Software,Platinum Card
,3/17/2019,Brunch Restaurant,193.88,credit,Restaurants,Platinum Card
,3/9/2019,Hardware Store,39.47,credit,Movies & DVDs,Platinum Card
,6/28/2019,Hardware Store,69.4,credit,Credit Card Payment,Checking
,2/14/2018,Gas Company,107.59,credit,Alcohol & Bars,Checking
,10/15/2019,Biweekly Paycheck,70.2,credit,Mortgage & Rent,Checking
,9/3/2018,Starbucks,48.26,debit,Groceries,Platinum Card
,8/22/2018,Amazon,188.57,debit,Credit Card Payment,Platinum Card
,5/6/2018,Japanese Restaurant,187.17,credit,Groceries,Checking
,6/15/2018,Credit Card Payment,69.45,debit,Coffee Shops,Checking
,10/23/2019,Hardware Store,4.27,debit,Credit Card Payment,Silver Card
,2/7/2019,Mortgage Payment,8.54,debit,Television,Platinum Card
,11/13/2019,Amazon,115.0,credit,Credit Card Payment,Silver Card
,7/23/2019,QuikTrip,57.36,debit,Movies & DVDs,Platinum Card
,8/5/2018,Amazon,57.63,debit,Mortgage & Rent,Platinum Card
,4/28/2018,Mediterranean Restaurant,121.83,debit,Credit Card Payment,Platinum Card
,1/18/2019,Power Company,35.71,debit,Groceries,Platinum Card
,10/12/2019,Gas Company,177.38,credit,Home Improvement,Platinum Card
,4/29/2019,Gas Company,34.88,debit,Shopping,Platinum Card
,5/14/2019,Internet Service Provider,35.12,credit,Credit Card Payment,Checking
,1/4/2019,Netflix Subscription,176.7,credit,Utilities,Silver Card
,6/7/2018,Credit Card Payment,140.87,debit,Paycheck,Platinum Card
,3/31/2018,Phone Company,22.48,credit,Shopping,Checking
,8/10/2018,Whole Foods Market,3.85,credit,Groceries,Silver Card
,7/24/2019,Credit Card Payment,113.38,debit,Gas & Fuel,Checking
,3/1/2019,Credit Card Payment,8.51,debit,Utilities,Platinum Card
,10/23/2018,Thai Restaurant,32.62,debit,Utilities,Platinum Card
,5/31/2018,Spotify,10.81,debit,Gas & Fuel,Checking
,2/9/2018,Biweekly Paycheck,96.79,credit,Utilities,Platinum Card
,5/22/2019,Starbucks,60.68,debit,Groceries,Platinum Card
,4/22/2018,Sushi Restaurant,132.83,debit,Groceries,Platinum Card
,8/28/2018,Biweekly Paycheck,153.07,credit,Groceries,Platinum Card
,10/2/2019,Movie Theater,98.23,debit,Groceries,Platinum Card
,5/15/2019,State Farm,166.98,credit,Credit Card Payment,Platinum Card
,6/26/2018,Grocery Store,9.34,debit,Auto Insurance,Checking
,5/4/2019,Phone Company,81.23,credit,Restaurants,Platinum Card
,6/14/2018,Amazon,123.56,debit,Auto Insurance,Platinum Card
,6/6/2018,Power Company,64.07,debit,Restaurants,Platinum Card
,11/26/2018,Credit Card Payment,106.32,debit,Credit Card Payment,Checking
,7/27/2019,Credit Card Payment,144.84,credit,Credit Card Payment,Platinum Card
,3/17/2019,Biweekly Paycheck,115.18,credit,Alcohol & Bars,Platinum Card
,10/19/2019,City Water Charges,93.01,debit,Utilities,Checking
,4/13/2018,State Farm,4.85,credit,Coffee Shops,Checking
,10/27/2018,Power Company,197.67,debit,Utilities,Checking
,7/13/2019,Brewing Company,103.43,credit,Music,Platinum Card
,10/16/2019,Whole Foods Market,158.69,credit,Alcohol & Bars,Platinum Card
,8/4/2019,State Farm,5.62,debit,Utilities,Silver Card
,9/30/2018,Thai Restaurant,181.32,credit,Credit Card Payment,Checking
,6/17/2018,Belgian Restaurant,175.31,debit,Mobile Phone,Platinum Card
,11/24/2018,Phone Company,128.85,debit,Utilities,Checking
,4/28/2019,TechCorp Salary,156.15,debit,Restaurants,Platinum Card
,6/15/2018,Wendy's,155.77,debit,Paycheck,Platinum Card
,4/20/2019,Credit Card Payment,184.98,credit,Utilities,Checking
,2/23/2019,Internet Service Provider,45.45,credit,Auto Insurance,Checking
,7/10/2019,Brewing Company,153.42,credit,Haircut,Platinum Card
,8/17/2019,Mediterranean Restaurant,62.48,credit,Television,Checking
,9/1/2018,Starbucks,55.83,credit,Shopping,Platinum Card
,7/12/2018,BBQ Restaurant,159.14,debit,Credit Card Payment,Silver Card
,4/3/2019,American Tavern,110.62,credit,Haircut,Platinum Card
,9/2/2019,Credit Card Payment,145.11,credit,Fast Food,Platinum Card
,11/9/2019,City Water Charges,59.58,debit,Shopping,Platinum Card
,6/4/2018,BP,177.45,credit,Restaurants,Checking
,10/9/2019,Grocery Store,93.49,debit,Groceries,Platinum Card
,7/10/2019,Credit Card Payment,113.12,credit,Auto Insurance,Platinum Card
,2/9/2018,Brunch Restaurant,13.92,debit,Auto Insurance,Platinum Card
,10/21/2019,City Water Charges,120.9,credit,Utilities,Silver Card
,7/28/2018,Phone Company,108.65,debit,Coffee Shops,Checking
,8/7/2019,Credit Card Payment,41.86,debit,Utilities,Silver Card
,8/1/2018,Chick-Fil-A,161.15,credit,Restaurants,Checking
,5/27/2019,Grocery Store,189.12,debit,Gas & Fuel,Checking
,9/11/2019,Circle K,156.98,credit,Music,Platinum Card
,11/19/2019,Chick-Fil-A,177.85,debit,Paycheck,Platinum Card
,12/18/2018,Whole Foods Market,165.75,debit,Credit Card Payment,Platinum Card
,4/5/2018,Mortgage Payment,115.19,debit,Internet,Platinum Card
,4/28/2019,TechCorp Salary,71.46,debit,Credit Card Payment,Silver Card
,10/30/2019,Spotify,17.74,credit,Paycheck,Checking
,4/15/2018,Biweekly Paycheck,26.93,credit,Haircut,Silver Card
,6/1/2018,Gas Company,167.64,debit,Credit Card Payment,Checking
,4/21/2019,Gas Company,87.48,credit,Auto Insurance,Checking
,5/21/2019,Whole Foods Market,193.98,debit,Utilities,Platinum Card
,3/24/2018,Mortgage Payment,33.33,debit,Mobile Phone,Checking
,10/2/2019,Internet Service Provider,63.36,credit,Groceries,Checking
,5/10/2018,Wendy's,96.66,credit,Credit Card Payment,Platinum Card
,8/27/2018,Biweekly Paycheck,54.14,debit,Credit Card Payment,Platinum Card
,7/20/2019,Amazon,171.12,credit,Gas & Fuel,Platinum Card
,5/18/2018,Grocery Store,133.6,credit,Utilities,Silver Card
,5/14/2019,Hardware Store,105.02,debit,Alcohol & Bars,Silver Card
,8/9/2018,Whole Foods Market,167.06,credit,Restaurants,Platinum Card
,9/2/2018,Grocery Store,141.92,credit,Shopping,Platinum Card
,6/8/2019,Grocery Store,171.56,credit,Credit Card Payment,Platinum Card
,6/18/2018,American Tavern,130.05,debit,Paycheck,Platinum Card
,9/14/2019,Credit Card Payment,156.93,credit,Groceries,Silver Card
,7/21/2018,Spotify,165.43,debit,Utilities,Platinum Card
,6/23/2018,Shell,35.78,credit,Paycheck,Silver Card
,4/1/2018,Whole Foods Market,10.23,debit,Restaurants,Platinum Card
,9/25/2018,Biweekly Paycheck,110.66,credit,Restaurants,Silver Card
,3/21/2019,Whole Foods Market,108.36,credit,Groceries,Checking
,8/23/2018,Grocery Store,180.83,credit,Auto Insurance,Checking
,11/25/2019,Credit Card Payment,197.56,credit,Paycheck,Checking
,6/2/2019,Whole Foods Market,28.9,debit,Paycheck,Platinum Card
,1/7/2019,Credit Card Payment,75.59,credit,Alcohol & Bars,Checking
,8/26/2018,American Tavern,87.84,debit,Home Improvement,Checking
,8/24/2018,Hardware Store,198.21,debit,Alcohol & Bars,Platinum Card
,2/19/2019,Credit Card Payment,93.16,debit,Shopping,Silver Card
,7/7/2019,City Water Charges,174.24,debit,Credit Card Payment,Silver Card
,9/4/2018,Netflix Subscription,18.89,credit,Groceries,Platinum Card
,7/11/2018,Credit Card Payment,75.29,debit,Groceries,Silver Card
,6/26/2018,American Tavern,135.94,debit,Electronics & Software,Silver Card
,9/27/2019,Credit Card Payment,102.5,debit,Credit Card Payment,Silver Card
,10/1/2019,Credit Card Payment,123.16,debit,Utilities,Platinum Card
,1/1/2019,Brewing Company,183.41,debit,Fast Food,Checking
,7/20/2018,Gas Company,194.07,credit,Coffee Shops,Checking
,1/25/2019,Power Company,162.8,credit,Mobile Phone,Platinum Card
,4/12/2019,Netflix,46.0,credit,Restaurants,Silver Card
,7/31/2018,Whole Foods Market,116.83,credit,Mortgage & Rent,Platinum Card
,6/9/2018,Amazon,51.66,debit,Utilities,Silver Card
,12/12/2018,Starbucks Coffee,14.22,debit,Credit Card Payment,Platinum Card
,12/11/2018,Whole Foods Market,73.76,credit,Music,Silver Card
,8/11/2019,Whole Foods Market,179.64,credit,Utilities,Checking
,10/23/2018,Starbucks Coffee,188.34,debit,Credit Card Payment,Platinum Card
,8/14/2019,Chick-Fil-A,20.33,debit,Credit Card Payment,Platinum Card
,11/21/2019,Whole Foods Market,71.44,credit,Restaurants,Checking
,7/17/2018,Whole Foods Market,143.52,debit,Utilities,Platinum Card
,9/22/2018,Fancy Restaurant,170.28,debit,Utilities,Platinum Card
,1/26/2019,Grocery Store,125.84,credit,Utilities,Platinum Card
,10/14/2019,Whole Foods Market,87.55,credit,Restaurants,Platinum Card
,4/1/2019,Starbucks Coffee,114.01,debit,Gas & Fuel,Checking
,8/12/2019,Credit Card Payment,21.12,debit,Shopping,Checking
,7/16/2018,QuikTrip,93.71,credit,Paycheck,Platinum Card
,7/8/2019,Starbucks,159.78,credit,Groceries,Platinum Card
,4/2/2018,Home Depot Hardware,30.78,credit,Mobile Phone,Platinum Card
,5/7/2019,Internet Service Provider,182.07,debit,Coffee Shops,Silver Card
,11/19/2019,TechCorp Salary,124.54,credit,Groceries,Checking
,1/2/2019,Amazon,90.91,debit,Restaurants,Silver Card
,4/6/2018,Credit Card Payment,7.38,credit,Credit Card Payment,Checking
,6/2/2018,Biweekly Paycheck,81.28,credit,Coffee Shops,Silver Card
,11/29/2018,Home Depot Hardware,194.78,credit,Gas & Fuel,Platinum Card
,5/15/2018,Phone Company,98.61,credit,Alcohol & Bars,Platinum Card
,6/30/2019,Netflix Subscription,95.52,debit,Shopping,Checking
,8/31/2019,Mediterranean Restaurant,47.12,debit,Paycheck,Platinum Card
,2/12/2018,Phone Company,7.36,credit,Gas & Fuel,Checking
,8/30/2018,Biweekly Paycheck,60.66,debit,Gas & Fuel,Silver Card
,12/26/2018,Credit Card Payment,24.97,credit,Paycheck,Platinum Card
,5/17/2019,Grocery Store,148.21,credit,Mobile Phone,Platinum Card
,10/26/2019,Biweekly Paycheck,177.64,credit,Auto Insurance,Silver Card
,1/26/2019,Starbucks Coffee,192.78,credit,Credit Card Payment,Platinum Card
,9/18/2019,Internet Service Provider,141.38,credit,Alcohol & Bars,Platinum Card
,6/1/2019,Credit Card Payment,128.52,debit,Television,Checking
,10/4/2018,Netflix,82.47,credit,Paycheck,Platinum Card
,5/31/2018,TechCorp Salary,179.8,debit,Credit Card Payment,Checking
,2/10/2019,Grocery Store,51.9,debit,Restaurants,Silver Card
,9/9/2019,Credit Card Payment,110.17,credit,Shopping,Checking
,10/1/2018,Whole Foods Market,149.68,debit,Credit Card Payment,Silver Card
,12/23/2018,Mediterranean Restaurant,85.91,credit,Auto Insurance,Silver Card
,9/24/2019,Greek Restaurant,60.08,credit,Utilities,Checking
,7/30/2019,BP,199.34,debit,Restaurants,Checking
,3/1/2018,Mike's Construction Co.,106.18,debit,Coffee Shops,Platinum Card
,8/26/2019,Phone Company,6.15,credit,Credit Card Payment,Checking
,4/7/2018,Chick-Fil-A,75.01,debit,Paycheck,Checking
,5/24/2019,Credit Card Payment,26.5,credit,Gas & Fuel,Silver Card
,8/15/2019,Home Depot Hardware,113.49,debit,Groceries,Platinum Card
,11/9/2019,State Farm,199.95,debit,Auto Insurance,Platinum Card
,7/3/2019,Biweekly Paycheck,144.67,debit,Television,Silver Card
,5/14/2018,Credit Card Payment,94.4,credit,Auto Insurance,Platinum Card
,6/6/2018,Amazon,60.74,debit,Restaurants,Checking
,4/28/2019,Netflix Subscription,134.52,credit,Credit Card Payment,Checking
,7/3/2018,Thai Restaurant,16.75,debit,Gas & Fuel,Platinum Card
,4/25/2019,Power Company,83.91,credit,Paycheck,Checking
,10/31/2019,Netflix,139.52,debit,Shopping,Silver Card
,7/5/2019,Phone Company,193.35,credit,Restaurants,Platinum Card
,8/8/2019,Brewing Company,74.54,credit,Electronics & Software,Checking
,3/21/2019,Starbucks,35.08,credit,Groceries,Platinum Card
,5/23/2018,Spotify,76.3,credit,Mobile Phone,Silver Card
,1/31/2019,Credit Card Payment,113.59,credit,Auto Insurance,Checking
,2/19/2019,Credit Card Payment,56.54,debit,Paycheck,Silver Card
,11/22/2018,Shell,125.24,debit,Auto Insurance,Silver Card
,4/30/2018,Vietnamese Restaurant,74.47,debit,Utilities,Checking
,7/9/2018,Bakery Place,156.79,credit,Restaurants,Platinum Card
,10/27/2018,Spotify,126.7,debit,Utilities,Silver Card
,9/7/2019,Movie Theater,71.92,credit,Credit Card Payment,Checking
,4/14/2019,Credit Card Payment,113.73,debit,Paycheck,Silver Card
,7/23/2018,Gas Company,143.73,credit,Groceries,Platinum Card
,11/13/2018,Pizza Place,54.61,credit,Paycheck,Silver Card
,12/23/2018,American Tavern,41.56,debit,Paycheck,Silver Card
,4/11/2019,Amazon,116.72,credit,Utilities,Platinum Card
,7/1/2019,Credit Card Payment,22.4,credit,Movies & DVDs,Platinum Card
,11/9/2019,Home Depot Hardware,198.98,debit,Groceries,Checking
,8/6/2018,Barbershop,63.7,debit,Credit Card Payment,Checking
,6/5/2018,Amazon,45.0,debit,Groceries,Platinum Card
,6/20/2018,Gas Company,69.26,credit,Utilities,Platinum Card
,7/27/2018,State Farm,189.22,debit,Restaurants,Platinum Card
,8/5/2018,Credit Card Payment,102.95,debit,Groceries,Checking
,8/6/2019,Starbucks Coffee,137.32,debit,Haircut,Platinum Card
,10/18/2018,Gas Company,73.47,debit,Gas & Fuel,Platinum Card
,8/10/2018,Credit Card Payment,64.68,credit,Credit Card Payment,Checking
,6/25/2019,Biweekly Paycheck,192.89,debit,Credit Card Payment,Platinum Card
,8/29/2018,Shell,39.23,debit,Gas & Fuel,Platinum Card
,3/14/2019,Barbershop,159.6,debit,Groceries,Checking
,7/25/2018,State Farm,114.48,credit,Restaurants,Platinum Card
,6/4/2019,Credit Card Payment,123.63,debit,Credit Card Payment,Platinum Card
,4/3/2018,Phone Company,145.64,credit,Coffee Shops,Checking
,11/15/2019,Gas Company,107.39,debit,Restaurants,Platinum Card
,8/6/2018,Barbershop,188.2,credit,Groceries,Silver Card
,9/24/2018,Credit Card Payment,140.82,credit,Credit Card Payment,Platinum Card
,5/27/2018,Credit Card Payment,17.43,credit,Credit Card Payment,Platinum Card
,5/17/2019,Grocery Store,88.01,credit,Paycheck,Silver Card
,7/13/2018,American Tavern,185.36,credit,Utilities,Checking
,10/20/2019,Starbucks Coffee,71.52,credit,Restaurants,Platinum Card
,6/1/2019,Amazon,11.57,credit,Utilities,Checking
,6/15/2019,Gas Company,99.77,debit,Groceries,Platinum Card
,4/11/2018,Gas Company,122.63,credit,Groceries,Platinum Card
,11/4/2019,Credit Card Payment,195.55,debit,Paycheck,Platinum Card
,2/20/2019,Starbucks,106.45,credit,Credit Card Payment,Silver Card
,1/21/2019,Steakhouse,148.68,credit,Auto Insurance,Silver Card
,5/9/2019,Power Company,75.18,debit,Credit Card Payment,Checking
,1/22/2019,Grocery Store,5.93,credit,Alcohol & Bars,Checking
,4/19/2019,Roadside Diner,40.87,debit,Credit Card Payment,Platinum Card
,9/18/2018,Best Buy,112.46,credit,Music,Silver Card
,9/16/2018,Credit Card Payment,194.47,debit,Auto Insurance,Checking
,11/14/2018,TechCorp Salary,142.26,credit,Credit Card Payment,Platinum Card
,1/28/2019,American Tavern,62.45,debit,Credit Card Payment,Platinum Card
,8/6/2019,Brewing Company,130.75,credit,Credit Card Payment,Platinum Card
,9/16/2018,TechCorp Salary,67.36,credit,Restaurants,Platinum Card
,8/16/2018,Starbucks,190.01,credit,Television,Checking
,3/10/2018,Phone Company,152.86,debit,Coffee Shops,Platinum Card
,2/4/2018,Netflix,90.6,debit,Shopping,Silver Card
,6/26/2018,Credit Card Payment,199.48,credit,Fast Food,Platinum Card
,5/22/2018,Credit Card Payment,70.37,debit,Credit Card Payment,Platinum Card
,11/15/2018,Credit Card Payment,87.75,debit,Restaurants,Platinum Card
,5/3/2019,Phone Company,126.8,debit,Internet,Platinum Card
,8/17/2018,Grocery Store,103.12,debit,Restaurants,Platinum Card
,8/23/2018,Internet Service Provider,147.48,debit,Groceries,Platinum Card
,6/23/2019,Credit Card Payment,146.14,debit,Groceries,Checking
,11/24/2018,Brewing Company,37.19,credit,Groceries,Platinum Card
,1/30/2019,Credit Card Payment,107.79,credit,Shopping,Silver Card
,8/8/2019,Brewing Company,135.68,debit,Mortgage & Rent,Silver Card
,6/24/2018,City Water Charges,170.46,debit,Restaurants,Checking
,5/29/2019,Grocery Store,163.69,debit,Groceries,Platinum Card
,2/27/2018,Mediterranean Restaurant,180.28,debit,Utilities,Platinum Card
,8/12/2018,Whole Foods Market,166.93,debit,Paycheck,Platinum Card
,8/26/2018,TechCorp Salary,141.96,credit,Groceries,Silver Card
,9/28/2018,Grocery Store,76.11,credit,Coffee Shops,Silver Card
,2/15/2019,Gas Company,60.93,credit,Internet,Checking
,11/7/2018,BP,3.74,debit,Groceries,Checking
,11/6/2018,Credit Card Payment,120.25,credit,Credit Card Payment,Platinum Card
,11/5/2018,Netflix Subscription,183.38,credit,Auto Insurance,Silver Card
,9/25/2018,Brewing Company,27.43,debit,Credit Card Payment,Silver Card
,3/27/2019,Pizza Place,141.71,credit,Groceries,Platinum Card
,5/14/2018,City Water Charges,131.98,credit,Coffee Shops,Platinum Card
,11/22/2019,Power Company,182.7,credit,Gas & Fuel,Checking
,7/31/2019,City Water Charges,9.86,debit,Credit Card Payment,Checking
,6/4/2018,TechCorp Salary,173.2,debit,Restaurants,Platinum Card
,11/8/2018,Credit Card Payment,59.67,debit,Food & Dining,Silver Card
,7/20/2019,Whole Foods Market,155.36,credit,Home Improvement,Platinum Card
,8/7/2018,Amazon,192.99,debit,Groceries,Checking
,2/7/2019,Grocery Store,64.87,debit,Groceries,Checking
,11/12/2019,Amazon,80.69,debit,Utilities,Checking
,8/1/2018,Barbershop,19.65,credit,Groceries,Checking
,11/14/2018,QuikTrip,34.42,debit,Mortgage & Rent,Checking
,2/28/2018,Home Depot Hardware,148.65,debit,Restaurants,Checking
,5/30/2018,Amazon,152.41,debit,Credit Card Payment,Platinum Card
,3/8/2018,American Tavern,43.57,credit,Music,Platinum Card
,7/6/2018,BP,91.54,credit,Restaurants,Platinum Card
,6/19/2019,American Tavern,2.93,credit,Gas & Fuel,Checking
,2/20/2019,Amazon,8.17,debit,Mortgage & Rent,Checking
,11/15/2018,Credit Card Payment,93.43,credit,Mortgage & Rent,Platinum Card
,4/17/2018,City Water Charges,178.69,debit,Credit Card Payment,Silver Card
,5/20/2019,Amazon,56.17,credit,Alcohol & Bars,Platinum Card
,8/23/2018,Biweekly Paycheck,7.12,debit,Groceries,Platinum Card
,10/29/2018,Movie Theater,31.23,credit,Haircut,Checking
,3/14/2018,TechCorp Salary,116.81,debit,Utilities,Checking
,5/11/2018,Biweekly Paycheck,85.26,credit,Restaurants,Platinum Card
,2/28/2018,Starbucks,84.32,credit,Credit Card Payment,Checking
,5/13/2018,Starbucks Coffee,184.83,debit,Shopping,Platinum Card
,9/20/2018,Shell,92.68,debit,Alcohol & Bars,Platinum Card
,8/28/2019,City Water Charges,75.12,debit,Mobile Phone,Platinum Card
,9/17/2018,Whole Foods Market,129.64,credit,Groceries,Platinum Card
,7/18/2019,Gas Company,72.17,debit,Restaurants,Silver Card
,12/7/2019,TechCorp Salary,114.39,debit,Restaurants,Silver Card
,10/20/2018,Starbucks Coffee,180.24,debit,Groceries,Platinum Card
,1/2/2019,Starbucks,142.1,debit,Credit Card Payment,Silver Card
,3/1/2018,Credit Card Payment,184.83,credit,Mortgage & Rent,Platinum Card
,3/12/2019,Mexican Restaurant,184.9,debit,Restaurants,Silver Card
,4/10/2019,Credit Card Payment,42.33,debit,Auto Insurance,Silver Card
,7/13/2018,Power Company,97.18,credit,Music,Checking
,7/3/2018,Amazon,123.73,debit,Auto Insurance,Silver Card
,12/22/2018,Chick-Fil-A,88.69,debit,Groceries,Silver Card
,6/5/2019,Internet Service Provider,177.26,credit,Groceries,Platinum Card
,8/10/2018,Amazon,99.73,credit,Restaurants,Platinum Card
,8/26/2019,Fancy Restaurant,32.39,credit,Restaurants,Checking
,3/30/2018,Credit Card Payment,11.17,debit,Utilities,Silver Card
,10/7/2018,American Tavern,112.06,credit,Movies & DVDs,Platinum Card
,9/12/2018,Mexican Restaurant,96.21,credit,Shopping,Checking
,3/26/2019,Power Company,168.95,debit,Groceries,Checking
,6/17/2018,American Tavern,85.11,debit,Haircut,Checking
,1/7/2019,Whole Foods Market,131.35,credit,Movies & DVDs,Platinum Card
,8/19/2018,Whole Foods Market,132.53,credit,Groceries,Platinum Card
,5/1/2019,Whole Foods Market,53.1,debit,Shopping,Checking
,2/14/2019,Grocery Store,177.82,debit,Auto Insurance,Checking
,11/15/2018,Amazon,39.86,credit,Credit Card Payment,Platinum Card
,5/6/2018,Credit Card Payment,112.35,debit,Restaurants,Platinum Card
,12/31/2018,Phone Company,155.49,credit,Mobile Phone,Checking
,12/29/2018,Mortgage Payment,149.91,debit,Gas & Fuel,Platinum Card
,5/2/2018,BP,72.14,credit,Auto Insurance,Silver Card
,10/18/2019,American Tavern,3.3,credit,Utilities,Platinum Card
,5/19/2018,Brewing Company,25.65,credit,Home Improvement,Platinum Card
,6/3/2018,Credit Card Payment,101.93,credit,Groceries,Platinum Card
,7/17/2018,BP,157.52,debit,Shopping,Platinum Card
,5/10/2019,Credit Card Payment,49.25,credit,Groceries,Platinum Card
,2/11/2019,Italian Restaurant,184.01,credit,Gas & Fuel,Silver Card
,7/2/2018,Thai Restaurant,84.06,credit,Credit Card Payment,Checking
,3/14/2019,Biweekly Paycheck,115.31,debit,Credit Card Payment,Checking
,5/29/2019,Whole Foods Market,64.91,credit,Shopping,Checking
,4/10/2019,Starbucks,157.99,credit,Restaurants,Platinum Card
,4/4/2018,Chick-Fil-A,193.09,credit,Restaurants,Platinum Card
,4/17/2018,TechCorp Salary,55.91,credit,Groceries,Platinum Card
,5/16/2019,Grocery Store,165.67,credit,Mobile Phone,Checking
,3/17/2018,Power Company,52.82,credit,Utilities,Checking
,5/25/2019,Whole Foods Market,126.63,credit,Credit Card Payment,Checking
,11/21/2018,American Tavern,4.81,credit,Groceries,Platinum Card
,10/14/2018,German Restaurant,135.73,credit,Restaurants,Platinum Card
,3/10/2019,Amazon,128.02,credit,Television,Platinum Card
,7/3/2018,Brewing Company,192.66,credit,Restaurants,Silver Card
,6/14/2019,Gas Company,104.09,credit,Restaurants,Platinum Card
,10/12/2019,Hardware Store,111.73,credit,Alcohol & Bars,Checking
,7/6/2019,American Tavern,34.52,credit,Restaurants,Checking
,9/14/2018,State Farm,47.5,credit,Gas & Fuel,Silver Card
,5/15/2018,Home Depot Hardware,18.74,debit,Auto Insurance,Platinum Card
,9/3/2018,Credit Card Payment,118.77,credit,Alcohol & Bars,Platinum Card
,12/2/2018,Credit Card Payment,188.69,credit,Gas & Fuel,Checking
,10/8/2018,Starbucks,10.07,credit,Groceries,Platinum Card
,6/28/2019,Chick-Fil-A,157.94,debit,Credit Card Payment,Platinum Card
,10/6/2018,Pizza Place,125.23,credit,Home Improvement,Checking
,9/2/2019,Brewing Company,76.83,debit,Credit Card Payment,Checking
,7/16/2018,Whole Foods Market,71.28,debit,Haircut,Checking
,10/7/2019,Credit Card Payment,69.25,debit,Fast Food,Silver Card
,11/23/2019,Credit Card Payment,150.38,debit,Groceries,Checking
,1/8/2019,Mexican Restaurant,54.88,debit,Auto Insurance,Checking
,4/20/2018,Grocery Store,67.12,debit,Paycheck,Silver Card
,7/28/2019,Grocery Store,23.25,credit,Restaurants,Platinum Card
,11/4/2019,Brewing Company,105.17,credit,Mortgage & Rent,Silver Card
,7/14/2018,Starbucks Coffee,27.31,debit,Utilities,Checking
,6/20/2018,Starbucks,43.69,credit,Auto Insurance,Silver Card
,5/17/2018,Biweekly Paycheck,138.11,credit,Coffee Shops,Silver Card
,11/20/2018,Gas Company,14.2,debit,Credit Card Payment,Platinum Card
,12/6/2018,Brewing Company,11.74,debit,Credit Card Payment,Checking
,5/29/2018,Spotify,123.81,debit,Credit Card Payment,Silver Card
,6/1/2018,Target,190.64,credit,Groceries,Platinum Card
,6/26/2018,Pizza Place,66.44,debit,Restaurants,Platinum Card
,4/28/2019,Gas Company,11.76,debit,Credit Card Payment,Platinum Card
,12/6/2018,Biweekly Paycheck,126.14,credit,Restaurants,Platinum Card
,11/10/2018,Grocery Store,151.41,credit,Restaurants,Checking
,5/2/2018,State Farm,85.32,debit,Restaurants,Checking
,6/4/2018,Credit Card Payment,65.33,credit,Mortgage & Rent,Platinum Card
,12/23/2018,Hardware Store,81.02,debit,Groceries,Checking
,2/7/2019,Hardware Store,178.41,credit,Utilities,Platinum Card
,10/28/2019,Internet Service Provider,171.96,credit,Shopping,Checking
,5/13/2019,Power Company,175.97,debit,Home Improvement,Checking
,6/4/2018,Gas Company,168.74,credit,Groceries,Silver Card
,5/4/2018,Phone Company,88.11,credit,Utilities,Checking
,12/25/2018,Grocery Store,154.71,credit,Home Improvement,Checking
,2/21/2019,Credit Card Payment,7.82,credit,Groceries,Silver Card
,7/30/2018,Thai Restaurant,165.34,debit,Restaurants,Checking
,7/13/2018,Power Company,19.58,credit,Electronics & Software,Platinum Card
,3/7/2018,Credit Card Payment,62.29,credit,Groceries,Platinum Card
,2/10/2019,Starbucks Coffee,165.66,debit,Mobile Phone,Silver Card
,6/29/2018,Credit Card Payment,2.7,credit,Restaurants,Platinum Card
,9/3/2018,Whole Foods Market,82.38,credit,Coffee Shops,Silver Card
,5/20/2019,Gas Company,68.35,debit,Auto Insurance,Platinum Card
,6/28/2019,Amazon,189.1,credit,Alcohol & Bars,Platinum Card
,7/14/2018,TechCorp Salary,17.73,credit,Restaurants,Silver Card
,10/28/2018,Whole Foods Market,199.88,debit,Restaurants,Platinum Card
,2/13/2018,Biweekly Paycheck,82.65,debit,Shopping,Silver Card
,6/9/2019,Starbucks,125.72,debit,Coffee Shops,Checking
,1/4/2019,Credit Card Payment,18.65,credit,Shopping,Checking
,6/16/2018,Credit Card Payment,105.61,debit,Utilities,Platinum Card
,5/21/2018,Food Truck,139.46,debit,Paycheck,Checking
,6/16/2019,Whole Foods Market,153.67,credit,Groceries,Silver Card
,8/18/2019,Starbucks Coffee,19.75,debit,Credit Card Payment,Silver Card
,6/22/2018,American Tavern,20.89,credit,Restaurants,Checking
,1/24/2019,Spotify,162.55,credit,Gas & Fuel,Platinum Card
,12/16/2018,Credit Card Payment,104.64,debit,Coffee Shops,Platinum Card
,6/15/2019,Credit Card Payment,194.58,credit,Paycheck,Checking
,7/22/2018,Credit Card Payment,18.8,debit,Paycheck,Platinum Card
,1/28/2019,Netflix,137.0,debit,Credit Card Payment,Checking
,8/25/2019,American Tavern,154.58,credit,Fast Food,Silver Card
,1/22/2019,City Water Charges,181.29,credit,Mobile Phone,Silver Card
,10/24/2019,TechCorp Salary,141.6,credit,Paycheck,Platinum Card
,10/15/2019,Biweekly Paycheck,36.01,debit,Utilities,Platinum Card
,10/13/2019,Credit Card Payment,172.47,debit,Entertainment,Platinum Card
,10/11/2019,Credit Card Payment,74.94,credit,Auto Insurance,Platinum Card
,10/16/2018,Credit Card Payment,135.33,debit,Restaurants,Silver Card
,4/29/2018,City Water Charges,174.27,debit,Entertainment,Checking
,6/26/2019,Credit Card Payment,60.6,credit,Restaurants,Platinum Card
,9/3/2019,Credit Card Payment,111.91,credit,Coffee Shops,Checking
,6/17/2018,Shell,59.22,credit,Credit Card Payment,Checking
,5/28/2018,City Water Charges,26.36,credit,Utilities,Platinum Card
,4/29/2019,Brunch Restaurant,64.69,debit,Fast Food,Silver Card
,9/26/2018,Credit Card Payment,97.96,debit,Utilities,Silver Card
,3/5/2018,Wendy's,35.86,debit,Haircut,Platinum Card
,6/2/2019,Internet Service Provider,145.1,credit,Groceries,Platinum Card
,2/9/2018,Whole Foods Market,107.02,debit,Credit Card Payment,Platinum Card
,6/21/2019,Internet Service Provider,182.78,debit,Home Improvement,Platinum Card
,7/13/2019,Mortgage Payment,21.65,credit,Groceries,Checking
,7/25/2019,TechCorp Salary,154.9,credit,Fast Food,Platinum Card
,5/12/2018,American Tavern,152.07,debit,Groceries,Silver Card
,9/25/2018,Grocery Store,83.46,debit,Groceries,Checking
,11/28/2019,Home Depot Hardware,72.27,debit,Coffee Shops,Silver Card
,3/22/2019,Power Company,99.5,credit,Groceries,Checking
,10/1/2018,BP,49.23,credit,Shopping,Platinum Card
,6/5/2018,TechCorp Salary,28.03,credit,Restaurants,Checking
,11/3/2018,Phone Company,141.9,credit,Credit Card Payment,Platinum Card
,11/20/2018,American Tavern,92.65,debit,Restaurants,Silver Card
,10/16/2018,Belgian Restaurant,10.3,debit,Groceries,Silver Card
,5/16/2019,Phone Company,187.08,credit,Shopping,Checking
,3/13/2019,BP,180.62,debit,Utilities,Silver Card
,9/7/2018,Sushi Restaurant,54.63,credit,Paycheck,Silver Card
,6/16/2019,City Water Charges,129.84,debit,Groceries,Silver Card
,5/28/2018,Spotify,86.63,debit,Home Improvement,Checking
,3/8/2018,Mike's Construction Co.,126.38,credit,Shopping,Platinum Card
,10/20/2019,Home Depot Hardware,15.96,debit,Movies & DVDs,Platinum Card
,9/26/2019,Hardware Store,102.55,credit,Credit Card Payment,Checking
,7/16/2019,BP,62.62,credit,Credit Card Payment,Silver Card
,4/2/2018,Mike's Construction Co.,163.1,credit,Groceries,Checking
,7/29/2019,Vietnamese Restaurant,42.02,credit,Paycheck,Silver Card
,6/7/2018,Starbucks Coffee,69.19,debit,Credit Card Payment,Checking
,1/15/2019,Credit Card Payment,83.76,credit,Fast Food,Silver Card
,11/10/2018,Amazon,88.39,credit,Internet,Platinum Card
,5/26/2018,Credit Card Payment,185.01,credit,Groceries,Silver Card
,9/18/2018,Brewing Company,168.62,credit,Mobile Phone,Silver Card
,10/15/2018,Credit Card Payment,37.0,debit,Coffee Shops,Platinum Card
,3/7/2018,Grocery Store,27.41,credit,Credit Card Payment,Platinum Card
,7/8/2018,Credit Card Payment,101.4,debit,Gas & Fuel,Platinum Card
,11/5/2019,Whole Foods Market,2.52,credit,Fast Food,Checking
,7/5/2019,Brewing Company,181.25,debit,Credit Card Payment,Platinum Card
,3/11/2018,Whole Foods Market,54.41,debit,Mobile Phone,Checking
,6/20/2018,Brewing Company,81.71,debit,Coffee Shops,Silver Card
,4/22/2019,Whole Foods Market,141.79,credit,Shopping,Silver Card
,3/18/2019,Mexican Restaurant,186.02,debit,Groceries,Platinum Card
,7/18/2019,Mediterranean Restaurant,26.34,credit,Paycheck,Platinum Card
,2/19/2019,American Tavern,121.92,debit,Movies & DVDs,Checking
,3/25/2019,Amazon,6.71,debit,Gas & Fuel,Checking
,11/14/2019,Whole Foods Market,16.64,debit,Paycheck,Platinum Card
,10/18/2019,Credit Card Payment,158.86,debit,Groceries,Platinum Card
,5/3/2018,Credit Card Payment,148.8,credit,Paycheck,Checking
,9/8/2018,American Tavern,90.4,credit,Credit Card Payment,Platinum Card
,4/29/2019,Home Depot Hardware,114.97,debit,Restaurants,Platinum Card
,9/12/2019,Netflix,186.03,debit,Coffee Shops,Platinum Card
,5/9/2018,Starbucks,189.27,credit,Groceries,Platinum Card
,10/21/2018,Phone Company,34.41,debit,Shopping,Platinum Card
,1/17/2019,Barbershop,2.97,credit,Shopping,Platinum Card
,12/1/2018,Mediterranean Restaurant,122.94,credit,Restaurants,Platinum Card
,5/26/2019,Shell,44.03,credit,Utilities,Checking
,6/15/2019,City Water Charges,65.7,debit,Shopping,Checking
,2/10/2019,Credit Card Payment,88.16,credit,Credit Card Payment,Platinum Card
,7/28/2019,American Tavern,130.0,debit,Restaurants,Checking
,2/4/2018,Internet Service Provider,110.41,credit,Fast Food,Platinum Card
,10/13/2019,Credit Card Payment,47.26,debit,Restaurants,Platinum Card
,6/3/2018,Credit Card Payment,157.1,debit,Coffee Shops,Silver Card
,6/29/2019,German Restaurant,71.03,credit,Restaurants,Platinum Card
,3/31/2018,Credit Card Payment,117.72,debit,Groceries,Silver Card
,2/6/2019,American Tavern,140.87,credit,Credit Card Payment,Checking
,4/27/2018,Netflix Subscription,43.47,debit,Mortgage & Rent,Platinum Card
,6/29/2019,American Tavern,76.62,debit,Utilities,Platinum Card
,9/9/2018,Gas Company,90.02,debit,Home Improvement,Checking
,9/4/2019,Credit Card Payment,3.11,credit,Credit Card Payment,Checking
,5/26/2018,Mike's Construction Co.,172.36,debit,Groceries,Silver Card
,3/22/2018,BP,78.56,debit,Groceries,Platinum Card
,10/2/2018,Mortgage Payment,123.4,debit,Coffee Shops,Silver Card
,10/8/2019,American Tavern,165.3,credit,Groceries,Checking
,6/17/2018,Whole Foods Market,35.78,debit,Paycheck,Checking
,4/30/2019,TechCorp Salary,99.31,credit,Home Improvement,Platinum Card
,1/22/2019,Credit Card Payment,100.17,debit,Coffee Shops,Platinum Card
,7/23/2018,Grocery Store,151.1,credit,Restaurants,Platinum Card
,8/8/2019,American Tavern,170.59,credit,Credit Card Payment,Silver Card
,5/17/2019,Credit Card Payment,4.03,credit,Shopping,Checking
,6/19/2019,Spotify,82.26,debit,Music,Silver Card
,10/13/2019,Thai Restaurant,118.61,credit,Groceries,Silver Card
,9/10/2019,Credit Card Payment,192.58,debit,Utilities,Checking
,10/10/2018,Netflix Subscription,102.68,credit,Credit Card Payment,Silver Card
,1/10/2019,Credit Card Payment,65.75,debit,Paycheck,Platinum Card
,11/18/2018,Netflix,14.03,debit,Home Improvement,Checking
,4/6/2018,Credit Card Payment,36.02,credit,Fast Food,Platinum Card
,5/14/2019,State Farm,115.5,credit,Electronics & Software,Silver Card
,7/10/2018,Barbershop,154.99,debit,Paycheck,Platinum Card
,11/9/2019,Credit Card Payment,74.4,debit,Groceries,Silver Card
,5/15/2018,TechCorp Salary,135.91,credit,Paycheck,Platinum Card
,8/28/2018,Brewing Company,183.06,debit,Television,Checking
,7/23/2019,Amazon,163.48,credit,Mortgage & Rent,Platinum Card
,9/4/2018,Power Company,117.12,debit,Groceries,Silver Card
,7/16/2019,Credit Card Payment,31.63,debit,Restaurants,Checking
,8/3/2019,Credit Card Payment,83.79,debit,Auto Insurance,Platinum Card
,12/7/2018,Mortgage Payment,59.97,debit,Groceries,Platinum Card
,12/8/2018,Amazon,90.54,credit,Credit Card Payment,Silver Card
,10/6/2019,City Water Charges,82.32,credit,Credit Card Payment,Platinum Card
,7/25/2018,City Water Charges,150.93,debit,Groceries,Platinum Card
,11/4/2019,Pizza Place,151.92,debit,Mortgage & Rent,Platinum Card
,12/22/2018,BP,91.1,credit,Restaurants,Platinum Card
,5/13/2018,American Tavern,142.21,debit,Restaurants,Platinum Card
,2/26/2018,BP,141.27,credit,Mobile Phone,Silver Card
,9/1/2019,Biweekly Paycheck,29.67,credit,Gas & Fuel,Checking
,4/22/2019,Internet Service Provider,179.72,credit,Television,Checking
,8/31/2018,Biweekly Paycheck,73.97,credit,Auto Insurance,Platinum Card
,10/7/2019,Credit Card Payment,58.57,debit,Restaurants,Silver Card
,10/2/2018,Power Company,81.15,credit,Credit Card Payment,Platinum Card
,10/13/2018,Whole Foods Market,100.62,debit,Mobile Phone,Checking
,4/4/2019,Brewing Company,39.15,debit,Groceries,Platinum Card
,7/1/2018,Credit Card Payment,102.83,credit,Credit Card Payment,Silver Card
,7/23/2018,Credit Card Payment,185.25,debit,Shopping,Platinum Card
,12/1/2019,Home Depot Hardware,29.36,debit,Groceries,Checking
,8/30/2019,Mediterranean Restaurant,139.29,credit,Credit Card Payment,Checking
,6/13/2019,Irish Pub,99.77,debit,Groceries,Platinum Card
,2/19/2019,Credit Card Payment,173.71,debit,Auto Insurance,Silver Card
,7/4/2018,Gas Company,199.47,debit,Home Improvement,Silver Card
,11/30/2018,Vietnamese Restaurant,199.01,credit,Home Improvement,Checking
,10/30/2018,Credit Card Payment,80.9,credit,Mobile Phone,Silver Card
,1/26/2019,Grocery Store,48.57,credit,Credit Card Payment,Platinum Card
,7/14/2019,American Tavern,80.35,credit,Auto Insurance,Platinum Card
,11/8/2018,Amazon,124.67,debit,Restaurants,Platinum Card
,12/28/2018,Pizza Place,116.03,debit,Home Improvement,Platinum Card
,7/2/2018,Credit Card Payment,7.31,credit,Auto Insurance,Checking
,1/4/2019,Brewing Company,195.45,credit,Utilities,Checking
,2/15/2018,QuikTrip,177.64,credit,Groceries,Silver Card
,4/25/2018,Amazon,135.25,debit,Credit Card Payment,Platinum Card
,4/11/2018,Credit Card Payment,161.92,debit,Mobile Phone,Checking
,1/13/2019,TechCorp Salary,94.42,credit,Credit Card Payment,Silver Card
,8/29/2019,Biweekly Paycheck,136.86,credit,Utilities,Platinum Card
,5/7/2019,City Water Charges,51.25,debit,Home Improvement,Silver Card
,8/15/2019,Barbershop,8.17,debit,Mobile Phone,Platinum Card
,11/4/2019,Credit Card Payment,56.03,debit,Alcohol & Bars,Silver Card
,11/2/2019,Shell,155.0,debit,Utilities,Checking
,3/18/2018,Whole Foods Market,91.74,debit,Gas & Fuel,Checking
,8/1/2018,Amazon Video,59.63,debit,Home Improvement,Platinum Card
,7/10/2018,Netflix Subscription,22.19,debit,Gas & Fuel,Silver Card
,9/15/2019,Grocery Store,81.77,debit,Restaurants,Platinum Card
,12/24/2018,Whole Foods Market,196.57,credit,Electronics & Software,Silver Card
,10/8/2019,American Tavern,117.36,debit,Groceries,Platinum Card
,12/2/2019,Internet Service Provider,75.97,debit,Credit Card Payment,Platinum Card
,4/9/2019,American Tavern,155.37,debit,Utilities,Platinum Card
,1/31/2019,BP,160.87,debit,Restaurants,Platinum Card
,4/19/2018,Brewing Company,74.11,credit,Music,Platinum Card
,3/13/2019,State Farm,39.29,credit,Coffee Shops,Silver Card
,4/8/2018,Phone Company,40.22,debit,Haircut,Platinum Card
,5/8/2019,Netflix,16.4,credit,Shopping,Checking
,2/10/2019,Grocery Store,33.5,debit,Gas & Fuel,Silver Card
,9/18/2019,QuikTrip,49.94,credit,Alcohol & Bars,Silver Card
,8/5/2018,American Tavern,180.48,debit,Auto Insurance,Platinum Card
,1/27/2019,Mortgage Payment,135.26,credit,Gas & Fuel,Platinum Card
,12/15/2018,Whole Foods Market,55.48,debit,Restaurants,Platinum Card
,10/4/2019,Barbershop,56.7,debit,Credit Card Payment,Checking
,8/18/2018,Starbucks,10.48,credit,Restaurants,Checking
,9/25/2018,Credit Card Payment,19.37,credit,Credit Card Payment,Platinum Card
,7/13/2019,Amazon Video,101.48,credit,Mobile Phone,Platinum Card
,3/11/2018,Grocery Store,26.9,credit,Credit Card Payment,Checking
,4/21/2018,Chick-Fil-A,193.42,credit,Groceries,Checking
,2/5/2018,Chick-Fil-A,33.84,debit,Television,Platinum Card
,5/18/2019,Blue Sky Market,149.22,debit,Gas & Fuel,Platinum Card
,5/29/2019,Whole Foods Market,58.37,debit,Paycheck,Silver Card
,8/18/2018,Spotify,28.98,credit,Groceries,Platinum Card
,6/27/2018,Gas Company,91.25,credit,Groceries,Platinum Card
,8/20/2019,Barbershop,158.64,credit,Restaurants,Checking
,10/8/2018,Amazon,57.11,credit,Restaurants,Silver Card
,9/1/2018,Greek Restaurant,23.53,credit,Internet,Platinum Card
,6/24/2019,Pizza Place,143.58,debit,Haircut,Platinum Card
,3/28/2019,Brewing Company,145.43,credit,Paycheck,Platinum Card
,2/5/2018,Gas Company,44.3,credit,Music,Platinum Card
,11/30/2019,Credit Card Payment,39.08,credit,Credit Card Payment,Platinum Card
,6/10/2018,Grocery Store,122.64,debit,Restaurants,Checking
,10/9/2019,Mortgage Payment,94.51,credit,Groceries,Checking
,3/24/2019,Whole Foods Market,166.59,debit,Auto Insurance,Checking
,12/14/2018,Starbucks,108.89,debit,Auto Insurance,Platinum Card
,10/1/2019,Power Company,127.99,credit,Credit Card Payment,Silver Card
,8/18/2018,Gas Company,15.62,debit,Music,Silver Card
,10/28/2018,Starbucks,81.36,credit,Gas & Fuel,Platinum Card
,10/16/2019,Credit Card Payment,18.45,credit,Shopping,Checking
,8/3/2018,Whole Foods Market,13.64,debit,Groceries,Platinum Card
,7/27/2018,Mediterranean Restaurant,157.96,debit,Paycheck,Platinum Card
,12/17/2018,Valero,30.14,credit,Credit Card Payment,Checking
,6/11/2019,Netflix Subscription,18.56,credit,Utilities,Platinum Card
,4/4/2018,Credit Card Payment,11.29,credit,Electronics & Software,Checking
,10/14/2019,Grocery Store,126.32,credit,Auto Insurance,Platinum Card
,9/3/2019,Amazon,179.14,credit,Mortgage & Rent,Silver Card
,4/30/2019,Credit Card Payment,84.22,credit,Paycheck,Checking
,2/28/2019,Starbucks Coffee,161.16,debit,Coffee Shops,Platinum Card
,5/31/2019,Whole Foods Market,66.07,debit,Restaurants,Silver Card
,2/25/2019,Amazon,113.46,credit,Music,Silver Card
,10/10/2018,Brewing Company,23.92,debit,Utilities,Checking
,10/9/2019,Credit Card Payment,108.47,debit,Shopping,Silver Card
,9/1/2018,TechCorp Salary,14.96,debit,Paycheck,Silver Card
,9/19/2019,State Farm,156.19,credit,Utilities,Checking
,9/7/2019,Barbershop,185.97,debit,Alcohol & Bars,Platinum Card
,6/30/2019,Credit Card Payment,152.37,debit,Gas & Fuel,Silver Card
,10/7/2019,Barbershop,75.67,debit,Restaurants,Platinum Card
,3/22/2019,Whole Foods Market,113.82,credit,Utilities,Checking
,9/16/2018,Netflix Subscription,25.65,debit,Restaurants,Platinum Card
,2/12/2019,Whole Foods Market,102.64,credit,Restaurants,Platinum Card
,4/29/2019,Credit Card Payment,117.24,credit,Utilities,Platinum Card
,8/29/2018,Whole Foods Market,163.79,debit,Restaurants,Platinum Card
,12/10/2018,American Tavern,155.63,credit,Utilities,Checking
,2/27/2019,Shell,70.49,debit,Coffee Shops,Checking
,1/2/2019,Amazon,27.37,debit,Electronics & Software,Platinum Card
,10/2/2019,Hardware Store,98.05,credit,Restaurants,Checking
,10/29/2018,City Water Charges,28.86,debit,Mortgage & Rent,Checking
,8/15/2019,Whole Foods Market,78.52,debit,Utilities,Platinum Card
,9/14/2019,BP,164.35,credit,Utilities,Checking
,7/30/2018,Shell,120.24,credit,Mortgage & Rent,Silver Card
,3/17/2018,Gas Company,83.13,credit,Groceries,Platinum Card
,8/5/2018,Whole Foods Market,82.79,credit,Shopping,Platinum Card
,12/4/2018,Credit Card Payment,108.11,credit,Credit Card Payment,Platinum Card
,8/4/2019,TechCorp Salary,101.96,debit,Credit Card Payment,Silver Card
,10/21/2018,Credit Card Payment,53.14,credit,Credit Card Payment,Checking
,7/11/2018,Whole Foods Market,81.33,credit,Groceries,Checking
,7/19/2018,Home Depot Hardware,179.3,credit,Mortgage & Rent,Silver Card
,10/1/2019,Credit Card Payment,139.73,credit,Credit Card Payment,Checking
,7/23/2018,Whole Foods Market,81.06,credit,Groceries,Checking
,8/22/2018,Grocery Store,10.93,credit,Groceries,Platinum Card
,10/3/2018,American Tavern,146.23,debit,Groceries,Checking
,5/21/2018,Internet Service Provider,154.54,credit,Paycheck,Platinum Card
,6/15/2019,City Water Charges,67.67,debit,Internet,Platinum Card
,2/21/2019,Italian Restaurant,178.32,credit,Fast Food,Silver Card
,5/13/2018,Credit Card Payment,176.28,debit,Gas & Fuel,Silver Card
,7/2/2018,Starbucks,194.39,credit,Electronics & Software,Checking
,9/9/2019,Netflix Subscription,188.33,credit,Restaurants,Platinum Card
,4/15/2018,Brewing Company,131.16,credit,Home Improvement,Checking
,3/2/2019,Credit Card Payment,110.54,debit,Groceries,Checking
,5/24/2019,Credit Card Payment,45.26,debit,Coffee Shops,Platinum Card
,3/12/2019,Credit Card Payment,62.95,credit,Credit Card Payment,Checking
,9/8/2018,TechCorp Salary,4.66,credit,Coffee Shops,Checking
,5/30/2019,Whole Foods Market,106.08,debit,Restaurants,Checking
,8/3/2018,Power Company,69.25,debit,Mobile Phone,Platinum Card
,5/5/2018,City Water Charges,38.68,debit,Credit Card Payment,Platinum Card
,10/21/2019,Shell,189.52,credit,Groceries,Checking
,8/8/2018,Credit Card Payment,1.57,debit,Alcohol & Bars,Platinum Card
,11/16/2018,Netflix,27.47,debit,Fast Food,Silver Card
,7/20/2019,Roadside Diner,161.0,credit,Restaurants,Checking
,6/17/2019,Whole Foods Market,17.15,credit,Gas & Fuel,Platinum Card
,7/23/2019,Biweekly Paycheck,74.12,debit,Internet,Silver Card
,1/13/2019,Internet Service Provider,46.29,debit,Utilities,Checking
,1/7/2019,Home Depot Hardware,90.81,credit,Restaurants,Platinum Card
,11/13/2019,Netflix,48.11,credit,Credit Card Payment,Platinum Card
,10/21/2019,Brewing Company,189.47,debit,Credit Card Payment,Checking
,5/8/2018,State Farm,42.99,credit,Restaurants,Checking
,1/27/2019,American Tavern,76.78,debit,Gas & Fuel,Platinum Card
,3/19/2018,Credit Card Payment,44.37,credit,Credit Card Payment,Platinum Card
,11/27/2018,TechCorp Salary,93.62,debit,Auto Insurance,Platinum Card
,8/18/2019,Grocery Store,77.83,debit,Credit Card Payment,Silver Card
,8/29/2018,Credit Card Payment,10.86,debit,Music,Silver Card
,3/14/2019,Belgian Restaurant,163.25,debit,Gas & Fuel,Silver Card
,10/2/2019,Amazon,181.43,credit,Utilities,Checking
,11/11/2019,Credit Card Payment,4.97,debit,Mortgage & Rent,Silver Card
,12/26/2018,American Tavern,73.23,debit,Internet,Silver Card
,1/4/2019,Home Depot Hardware,188.32,credit,Groceries,Platinum Card
,6/6/2018,Credit Card Payment,153.09,debit,Paycheck,Platinum Card
,3/12/2018,Whole Foods Market,74.15,credit,Groceries,Checking
,8/31/2018,Starbucks Coffee,3.99,credit,Credit Card Payment,Platinum Card
,7/7/2019,Wendy's,193.34,credit,Utilities,Silver Card
,9/10/2018,BP,200.0,credit,Groceries,Platinum Card
,9/17/2018,Brunch Restaurant,143.1,credit,Groceries,Checking
,4/20/2019,Credit Card Payment,3.93,credit,Groceries,Platinum Card
,3/31/2018,Credit Card Payment,162.08,debit,Gas & Fuel,Platinum Card
,6/20/2019,Credit Card Payment,190.05,credit,Credit Card Payment,Checking
,12/31/2018,Food Truck,59.42,credit,Gas & Fuel,Silver Card
,7/5/2019,City Water Charges,68.86,credit,Movies & DVDs,Silver Card
,6/27/2018,Credit Card Payment,65.84,credit,Utilities,Platinum Card
,11/27/2018,Internet Service Provider,5.01,credit,Gas & Fuel,Silver Card
,12/19/2018,Whole Foods Market,3.23,credit,Groceries,Checking
,11/13/2018,State Farm,52.65,credit,Gas & Fuel,Silver Card
,1/4/2019,Gas Company,43.81,debit,Fast Food,Platinum Card
,1/1/2019,Barbershop,69.27,credit,Utilities,Platinum Card
,5/30/2018,Phone Company,57.76,credit,Electronics & Software,Checking
,4/20/2018,Credit Card Payment,108.89,debit,Groceries,Checking
,6/30/2018,Barbershop,124.45,debit,Utilities,Platinum Card
,6/8/2019,Whole Foods Market,93.46,debit,Restaurants,Platinum Card
,6/21/2018,Biweekly Paycheck,186.42,credit,Gas & Fuel,Platinum Card
,2/6/2019,Credit Card Payment,27.25,debit,Groceries,Platinum Card
,3/21/2018,Power Company,198.63,credit,Gas & Fuel,Checking
,2/16/2019,Mortgage Payment,23.44,debit,Home Improvement,Platinum Card
,6/27/2018,Spotify,44.91,credit,Haircut,Silver Card
,11/21/2019,Valero,77.2,debit,Restaurants,Platinum Card
,7/23/2019,Credit Card Payment,153.75,debit,Credit Card Payment,Platinum Card
,3/26/2019,Pizza Place,52.3,credit,Groceries,Platinum Card
,8/14/2018,Steakhouse,172.34,debit,Fast Food,Platinum Card
,11/5/2019,Grocery Store,50.36,debit,Coffee Shops,Checking
,6/15/2019,TechCorp Salary,23.11,credit,Gas & Fuel,Checking
,8/27/2018,Netflix Subscription,106.01,debit,Restaurants,Silver Card
,10/31/2018,Spotify,6.71,debit,Credit Card Payment,Platinum Card
,11/19/2019,BP,193.96,credit,Movies & DVDs,Platinum Card
,11/4/2019,Whole Foods Market,11.97,credit,Restaurants,Platinum Card
,5/2/2018,Amazon,63.77,credit,Television,Platinum Card
,6/18/2018,Movie Theater,101.19,debit,Electronics & Software,Platinum Card
,11/11/2018,Bakery Place,197.52,debit,Auto Insurance,Silver Card
,7/6/2018,American Tavern,8.34,credit,Utilities,Platinum Card
,8/22/2018,Biweekly Paycheck,193.07,debit,Haircut,Platinum Card
,9/30/2019,Amazon,188.62,debit,Auto Insurance,Platinum Card
,8/15/2019,Grocery Store,12.2,debit,Credit Card Payment,Platinum Card
,6/28/2019,Biweekly Paycheck,107.37,credit,Mobile Phone,Checking
,8/31/2019,Internet Service Provider,144.38,credit,Mortgage & Rent,Silver Card
,3/2/2018,Gas Company,122.18,credit,Restaurants,Platinum Card
,8/29/2018,Brewing Company,79.22,credit,Utilities,Checking
,9/14/2018,Power Company,58.77,credit,Shopping,Silver Card
,5/31/2018,American Tavern,71.81,credit,Gas & Fuel,Silver Card
,10/7/2019,Spotify,123.17,credit,Television,Silver Card
,7/16/2018,American Tavern,76.4,credit,Restaurants,Checking
,12/6/2018,Netflix,161.51,debit,Shopping,Checking
,9/26/2018,Food Truck,107.69,credit,Paycheck,Platinum Card
,7/2/2018,Gas Company,20.13,debit,Utilities,Silver Card
,7/11/2019,Gas Company,42.61,debit,Restaurants,Silver Card
,5/19/2018,Barbershop,187.67,debit,Auto Insurance,Platinum Card
,7/20/2018,Vietnamese Restaurant,97.27,debit,Credit Card Payment,Checking
,6/24/2018,Grocery Store,108.84,credit,Groceries,Silver Card
,4/16/2019,Starbucks Coffee,33.85,credit,Auto Insurance,Checking
,10/29/2018,Starbucks,43.98,credit,Movies & DVDs,Checking
,8/8/2018,Whole Foods Market,79.23,debit,Coffee Shops,Platinum Card
,12/16/2019,Barbershop,104.55,debit,Shopping,Checking
,5/9/2019,State Farm,31.73,credit,Television,Checking
,8/3/2018,Spotify,84.02,debit,Shopping,Silver Card
,9/10/2018,Whole Foods Market,37.88,debit,Shopping,Silver Card
,4/27/2019,Starbucks Coffee,54.24,debit,Groceries,Platinum Card
,10/19/2019,Credit Card Payment,185.72,credit,Credit Card Payment,Platinum Card
,8/29/2019,Grocery Store,131.32,credit,Haircut,Platinum Card
,2/21/2019,Credit Card Payment,9.56,credit,Auto Insurance,Silver Card
,6/15/2019,Movie Theater,84.93,debit,Paycheck,Platinum Card
,6/7/2019,Pizza Place,189.86,debit,Gas & Fuel,Platinum Card
,1/23/2018,American Tavern,115.04,debit,Restaurants,Checking
,7/14/2019,Phone Company,154.38,debit,Alcohol & Bars,Silver Card
,7/30/2019,Home Depot Hardware,115.87,debit,Internet,Checking
,12/13/2018,Brewing Company,19.72,credit,Restaurants,Platinum Card
,4/10/2019,Starbucks,18.13,debit,Paycheck,Platinum Card
,6/22/2019,City Water Charges,56.09,debit,Internet,Silver Card
,10/14/2019,BP,181.33,debit,Home Improvement,Checking
,9/18/2019,Credit Card Payment,96.83,credit,Mortgage & Rent,Platinum Card
,1/11/2019,American Tavern,153.31,credit,Paycheck,Silver Card
,7/20/2018,Grocery Store,66.71,debit,Credit Card Payment,Silver Card
,6/20/2018,Credit Card Payment,25.44,debit,Gas & Fuel,Silver Card
,6/20/2018,Brunch Restaurant,84.81,debit,Haircut,Checking
,3/2/2018,Hardware Store,50.28,credit,Fast Food,Platinum Card
,10/21/2018,Mike's Construction Co.,18.26,debit,Groceries,Platinum Card
,9/10/2018,Grocery Store,182.52,debit,Groceries,Checking
,1/3/2019,Credit Card Payment,5.69,credit,Credit Card Payment,Checking
,2/16/2019,Italian Restaurant,29.01,credit,Home Improvement,Platinum Card
,10/20/2018,Brewing Company,73.77,credit,Restaurants,Silver Card
,3/6/2019,Barbershop,151.99,debit,Utilities,Platinum Card
,5/1/2018,Food Truck,184.19,debit,Utilities,Platinum Card
,12/12/2018,Shell,126.06,debit,Restaurants,Silver Card
,1/24/2019,Starbucks,176.08,debit,Shopping,Silver Card
,3/7/2019,Spotify,117.67,credit,Groceries,Platinum Card
,10/2/2018,BBQ Restaurant,91.55,debit,Alcohol & Bars,Checking
,5/25/2018,Internet Service Provider,194.5,debit,Auto Insurance,Checking
,5/6/2019,Biweekly Paycheck,182.98,debit,Music,Platinum Card
,3/22/2018,Hardware Store,10.02,credit,Movies & DVDs,Silver Card
,3/26/2019,Netflix,141.91,debit,Groceries,Checking
,5/23/2019,Steakhouse,73.45,debit,Mortgage & Rent,Platinum Card
,12/20/2018,Whole Foods Market,151.89,debit,Credit Card Payment,Platinum Card
,6/20/2019,Power Company,121.45,credit,Restaurants,Checking
,11/5/2019,Grocery Store,105.56,debit,Credit Card Payment,Silver Card
,11/16/2019,TechCorp Salary,47.35,debit,Paycheck,Checking
,8/30/2019,Phone Company,71.32,debit,Electronics & Software,Platinum Card
,1/12/2019,Gas Company,32.18,credit,Home Improvement,Platinum Card
,9/19/2018,Thai Restaurant,129.55,credit,Gas & Fuel,Checking
,3/27/2019,State Farm,53.83,debit,Groceries,Checking
,3/15/2019,Phone Company,33.92,debit,Mortgage & Rent,Platinum Card
,8/24/2018,Whole Foods Market,181.04,debit,Utilities,Checking
,4/27/2018,Amazon,85.53,credit,Groceries,Platinum Card
,8/12/2018,Credit Card Payment,37.15,debit,Restaurants,Checking
,6/1/2019,Credit Card Payment,63.38,debit,Restaurants,Platinum Card
,6/5/2019,Credit Card Payment,31.52,debit,Groceries,Platinum Card
,7/5/2018,Mortgage Payment,130.4,debit,Credit Card Payment,Checking
,5/14/2018,Japanese Restaurant,97.05,credit,Coffee Shops,Platinum Card
,7/26/2018,Phone Company,71.79,credit,Internet,Checking
,6/28/2019,Gas Company,6.31,debit,Internet,Platinum Card
,4/18/2019,Credit Card Payment,191.96,debit,Restaurants,Silver Card
,5/27/2018,American Tavern,132.8,credit,Gas & Fuel,Platinum Card
,5/27/2019,Amazon,39.85,debit,Coffee Shops,Platinum Card
,4/16/2019,Gas Company,73.23,credit,Credit Card Payment,Platinum Card
,10/17/2019,Brewing Company,133.62,debit,Home Improvement,Checking
,7/20/2019,Movie Theater,49.51,debit,Utilities,Checking
,10/9/2019,Home Depot Hardware,48.88,debit,Internet,Platinum Card
,11/1/2019,Credit Card Payment,154.51,debit,Movies & DVDs,Checking
,12/18/2018,Brewing Company,49.22,credit,Shopping,Platinum Card
,1/8/2019,Movie Theater,55.45,credit,Credit Card Payment,Platinum Card
,3/3/2019,Gas Company,188.44,credit,Paycheck,Checking
,11/3/2018,Spotify,54.62,debit,Paycheck,Platinum Card
,4/15/2018,Spotify,86.24,debit,Paycheck,Platinum Card
,9/29/2018,Internet Service Provider,38.59,debit,Credit Card Payment,Silver Card
,5/23/2018,Belgian Restaurant,2.89,credit,Movies & DVDs,Checking
,6/11/2019,Credit Card Payment,132.9,debit,Restaurants,Checking
,1/6/2019,Gas Company,103.88,debit,Credit Card Payment,Silver Card
,5/4/2019,Biweekly Paycheck,64.03,credit,Gas & Fuel,Checking
,6/10/2019,Spotify,158.21,credit,Groceries,Platinum Card
,10/8/2019,Amazon,117.89,credit,Home Improvement,Platinum Card
,3/18/2019,Brunch Restaurant,103.22,credit,Groceries,Checking
,7/29/2018,Starbucks Coffee,1.15,credit,Internet,Platinum Card
,5/26/2018,Amazon,175.96,debit,Groceries,Platinum Card
,3/13/2018,Amazon,185.87,credit,Groceries,Platinum Card
,8/31/2019,Belgian Restaurant,106.13,credit,Auto Insurance,Platinum Card
,12/19/2018,Netflix,93.86,debit,Paycheck,Checking
,10/19/2018,Whole Foods Market,77.85,credit,Paycheck,Platinum Card
,9/28/2018,BP,124.09,credit,Alcohol & Bars,Checking
,9/20/2019,Credit Card Payment,18.21,debit,Electronics & Software,Silver Card
,6/25/2018,Gas Company,80.37,credit,Credit Card Payment,Platinum Card
,7/28/2019,Whole Foods Market,123.22,credit,Internet,Platinum Card
,3/3/2018,Spotify,118.28,credit,Gas & Fuel,Platinum Card
,2/19/2018,Phone Company,127.91,credit,Shopping,Checking
,5/28/2018,Chick-Fil-A,165.43,debit,Internet,Checking
,3/19/2019,Mexican Restaurant,32.51,credit,Restaurants,Silver Card
,8/3/2019,Gas Company,43.78,credit,Home Improvement,Platinum Card
,10/28/2019,Grocery Store,190.92,debit,Paycheck,Checking
,9/21/2018,Greek Restaurant,149.88,credit,Credit Card Payment,Platinum Card
,9/23/2018,Gas Company,10.27,debit,Credit Card Payment,Silver Card
,3/31/2019,Credit Card Payment,89.16,credit,Groceries,Silver Card
,7/10/2019,Gas Company,48.98,debit,Auto Insurance,Silver Card
,7/29/2019,Gas Company,65.64,credit,Restaurants,Platinum Card
,5/23/2018,Spotify,92.88,debit,Groceries,Checking
,12/19/2018,Grocery Store,143.9,credit,Groceries,Checking
,9/23/2019,QuikTrip,37.86,debit,Fast Food,Silver Card
,11/8/2018,Whole Foods Market,55.24,debit,Restaurants,Checking
,5/10/2018,Bojangles,139.27,credit,Restaurants,Checking
,2/18/2018,Credit Card Payment,55.69,debit,Credit Card Payment,Checking
,2/8/2019,Grocery Store,198.88,debit,Credit Card Payment,Silver Card
,1/20/2019,Phone Company,168.93,credit,Gas & Fuel,Checking
,8/5/2018,Spotify,108.66,debit,Movies & DVDs,Checking
,6/3/2018,Phone Company,80.38,credit,Restaurants,Checking
,3/18/2018,Fancy Restaurant,96.75,credit,Credit Card Payment,Silver Card
,2/7/2019,Credit Card Payment,16.59,debit,Mobile Phone,Checking
,12/20/2019,Credit Card Payment,140.16,debit,Movies & DVDs,Silver Card
,7/22/2018,Grocery Store,70.44,debit,Credit Card Payment,Platinum Card
,9/20/2019,Gas Company,75.6,credit,Groceries,Silver Card
,9/6/2018,Mortgage Payment,153.14,credit,Shopping,Checking
,6/27/2018,Fancy Restaurant,36.11,debit,Paycheck,Checking
,5/8/2019,Brunch Restaurant,47.89,debit,Groceries,Platinum Card
,3/26/2018,TechCorp Salary,106.34,credit,Gas & Fuel,Platinum Card
,1/15/2019,Movie Theater,191.9,credit,Shopping,Checking
,3/21/2018,State Farm,126.17,debit,Credit Card Payment,Platinum Card
,12/22/2018,BP,178.26,credit,Restaurants,Platinum Card
,9/2/2018,Spotify,10.98,debit,Restaurants,Silver Card
,12/4/2018,Amazon,168.55,debit,Groceries,Silver Card
,11/20/2018,Gas Company,9.52,credit,Internet,Checking
,3/5/2019,Belgian Restaurant,6.39,credit,Utilities,Platinum Card
,1/30/2019,TechCorp Salary,191.86,credit,Groceries,Platinum Card
,11/26/2019,Brunch Restaurant,33.74,credit,Mortgage & Rent,Checking
,1/9/2019,Credit Card Payment,101.69,credit,Haircut,Platinum Card
,11/27/2018,BP,168.78,debit,Credit Card Payment,Checking
,3/23/2019,Whole Foods Market,37.86,credit,Alcohol & Bars,Silver Card
,7/4/2018,Chick-Fil-A,75.43,credit,Gas & Fuel,Checking
,5/25/2018,Amazon,31.89,debit,Credit Card Payment,Platinum Card
,4/17/2019,Credit Card Payment,58.83,debit,Utilities,Platinum Card
,9/5/2018,American Tavern,183.83,debit,Shopping,Platinum Card
,5/24/2019,Gas Company,185.35,debit,Shopping,Checking
,8/22/2018,Credit Card Payment,48.95,debit,Restaurants,Silver Card
,9/17/2019,Hardware Store,11.13,debit,Fast Food,Silver Card
,5/9/2018,Barbershop,38.85,debit,Internet,Platinum Card
,5/26/2018,Credit Card Payment,115.6,debit,Credit Card Payment,Platinum Card
,6/26/2018,Shell,120.28,debit,Paycheck,Silver Card
,3/7/2019,Brewing Company,186.36,debit,Mobile Phone,Platinum Card
,4/25/2018,Best Buy,11.96,credit,Credit Card Payment,Checking
,8/5/2018,Internet Service Provider,184.79,credit,Restaurants,Silver Card
,11/27/2019,Amazon,41.74,debit,Groceries,Platinum Card
,7/22/2018,TechCorp Salary,42.07,credit,Credit Card Payment,Platinum Card
,10/22/2018,Internet Service Provider,74.92,debit,Groceries,Platinum Card
,1/9/2019,Belgian Restaurant,80.61,debit,Credit Card Payment,Silver Card
,11/7/2018,Netflix Subscription,194.5,credit,Coffee Shops,Silver Card
,7/17/2018,Brewing Company,145.03,debit,Mortgage & Rent,Silver Card
,9/22/2018,Credit Card Payment,6.91,debit,Groceries,Silver Card
,10/21/2018,Starbucks,117.88,credit,Mobile Phone,Silver Card
,5/22/2018,Spotify,178.87,credit,Mobile Phone,Checking
,11/9/2019,Brewing Company,161.35,debit,Gas & Fuel,Checking
,11/17/2019,Credit Card Payment,18.03,debit,Credit Card Payment,Checking
,2/3/2019,Netflix Subscription,161.88,credit,Credit Card Payment,Checking
,1/7/2019,Greek Restaurant,120.92,debit,Restaurants,Platinum Card
,11/5/2018,Grocery Store,179.29,credit,Credit Card Payment,Checking
,11/27/2019,Grocery Store,161.6,credit,Groceries,Checking
,2/7/2019,Biweekly Paycheck,172.07,credit,Haircut,Silver Card
,9/14/2018,Netflix,147.3,credit,Groceries,Platinum Card
,9/18/2019,Steakhouse,88.8,credit,Credit Card Payment,Platinum Card
,3/3/2018,Gas Company,163.74,credit,Haircut,Checking
,6/4/2018,Amazon,104.99,debit,Shopping,Platinum Card
,1/25/2019,Credit Card Payment,138.38,credit,Credit Card Payment,Checking
,1/11/2019,Starbucks,85.42,credit,Restaurants,Silver Card
,3/7/2019,Whole Foods Market,3.72,debit,Auto Insurance,Platinum Card
,8/1/2018,Brewing Company,63.76,debit,Groceries,Platinum Card
,7/12/2018,Power Company,112.68,debit,Credit Card Payment,Platinum Card
,7/9/2018,Credit Card Payment,62.68,debit,Gas & Fuel,Silver Card
,8/4/2018,Credit Card Payment,84.9,debit,Restaurants,Checking
,5/25/2018,Credit Card Payment,120.75,debit,Credit Card Payment,Platinum Card
,6/7/2019,Power Company,8.25,credit,Gas & Fuel,Platinum Card
,11/20/2018,Whole Foods Market,36.46,credit,Utilities,Platinum Card
,3/23/2019,Power Company,152.12,debit,Mobile Phone,Checking
,8/22/2018,Phone Company,169.87,debit,Shopping,Platinum Card
,7/8/2018,Barbershop,24.73,debit,Shopping,Platinum Card
,9/8/2019,Credit Card Payment,184.18,debit,Paycheck,Platinum Card
,3/16/2018,Amazon,82.31,debit,Gas & Fuel,Checking
,9/11/2018,Credit Card Payment,128.42,credit,Restaurants,Checking
,9/17/2019,Grocery Store,40.62,credit,Restaurants,Platinum Card
,4/9/2019,Spotify,25.95,credit,Internet,Checking
,2/11/2019,Power Company,189.83,credit,Credit Card Payment,Silver Card
,6/19/2018,Shell,83.4,credit,Mortgage & Rent,Platinum Card
,2/21/2019,Wendy's,119.07,debit,Groceries,Platinum Card
,6/14/2019,TechCorp Salary,175.65,debit,Groceries,Platinum Card
,3/20/2018,State Farm,163.04,debit,Groceries,Checking
,2/23/2018,Power Company,145.65,debit,Utilities,Platinum Card
,12/1/2018,State Farm,50.58,debit,Paycheck,Checking
,8/29/2019,Credit Card Payment,152.78,debit,Utilities,Silver Card
,8/30/2018,City Water Charges,3.88,credit,Groceries,Silver Card
,10/22/2018,Gas Company,20.27,credit,Paycheck,Platinum Card
,4/9/2018,Shell,157.09,credit,Restaurants,Platinum Card
,4/24/2018,Hardware Store,106.9,debit,Utilities,Silver Card
,1/11/2019,Grocery Store,186.47,credit,Home Improvement,Silver Card
,1/19/2019,Grocery Store,22.28,debit,Home Improvement,Checking
,3/24/2018,Home Depot Hardware,164.94,debit,Gas & Fuel,Silver Card
,4/20/2018,Hardware Store,92.13,debit,Restaurants,Platinum Card
,4/9/2018,Credit Card Payment,26.38,debit,Music,Platinum Card
,3/3/2018,Grocery Store,115.18,debit,Utilities,Checking
,2/10/2018,Grocery Store,111.22,credit,Restaurants,Checking
,9/5/2019,Mexican Restaurant,74.07,credit,Home Improvement,Platinum Card
,4/12/2018,City Water Charges,157.23,debit,Restaurants,Silver Card
,4/21/2018,Home Depot Hardware,76.32,credit,Alcohol & Bars,Checking
,1/21/2019,State Farm,7.12,debit,Coffee Shops,Checking
,4/25/2018,Credit Card Payment,127.01,credit,Shopping,Platinum Card
,5/15/2018,Credit Card Payment,118.21,credit,Shopping,Platinum Card
,1/30/2019,Shell,169.4,debit,Paycheck,Checking
,12/30/2018,Amazon,172.62,debit,Paycheck,Platinum Card
,9/28/2019,Credit Card Payment,124.74,debit,Groceries,Platinum Card
,11/25/2019,Credit Card Payment,106.11,debit,Fast Food,Silver Card
,8/4/2018,Starbucks Coffee,164.39,credit,Credit Card Payment,Silver Card
,7/3/2019,Brewing Company,19.38,debit,Restaurants,Platinum Card
,7/25/2018,Netflix Subscription,98.05,credit,Utilities,Checking
,6/29/2018,Gas Company,36.12,debit,Shopping,Platinum Card
,4/29/2018,Shell,184.94,credit,Fast Food,Checking
,11/13/2018,Gas Company,67.06,credit,Credit Card Payment,Platinum Card
,7/18/2019,Starbucks,2.87,credit,Credit Card Payment,Silver Card
,1/22/2019,Home Depot Hardware,47.94,credit,Utilities,Platinum Card
,4/26/2019,Whole Foods Market,166.86,credit,Coffee Shops,Silver Card
,5/29/2019,Netflix,102.44,debit,Groceries,Checking
,4/2/2018,Phone Company,193.2,credit,Gas & Fuel,Checking
,4/30/2019,Mediterranean Restaurant,19.66,credit,Gas & Fuel,Platinum Card
,12/4/2018,Credit Card Payment,19.32,debit,Credit Card Payment,Platinum Card
,7/8/2018,State Farm,43.11,debit,Mobile Phone,Checking
,7/2/2019,Movie Theater,168.13,credit,Shopping,Checking
,7/15/2019,Credit Card Payment,192.58,debit,Groceries,Platinum Card
,7/21/2018,Grocery Store,23.87,credit,Shopping,Checking
,7/26/2018,Hardware Store,111.97,debit,Groceries,Platinum Card
,11/3/2019,TechCorp Salary,103.32,credit,Alcohol & Bars,Checking
,10/7/2018,Grocery Store,176.82,debit,Restaurants,Platinum Card
,12/22/2018,Credit Card Payment,43.28,credit,Shopping,Silver Card
,10/12/2018,Credit Card Payment,197.27,debit,Shopping,Silver Card
,5/25/2019,Grocery Store,147.71,credit,Auto Insurance,Platinum Card
,6/29/2018,Shell,101.81,debit,Coffee Shops,Checking
,8/6/2019,Brewing Company,186.7,debit,Shopping,Platinum Card
,9/20/2018,Whole Foods Market,89.16,credit,Utilities,Checking
,7/20/2019,Wendy's,27.05,debit,Groceries,Platinum Card
,10/9/2019,Starbucks,17.82,debit,Restaurants,Platinum Card
,12/31/2018,Greek Restaurant,142.91,credit,Credit Card Payment,Checking
,11/25/2019,Credit Card Payment,126.57,credit,Restaurants,Platinum Card
,12/14/2018,American Tavern,38.86,credit,Groceries,Silver Card
,11/27/2018,Credit Card Payment,102.3,credit,Groceries,Silver Card
,2/28/2019,Credit Card Payment,112.57,debit,Auto Insurance,Platinum Card
,8/16/2018,Mortgage Payment,48.03,credit,Credit Card Payment,Platinum Card
,1/27/2019,Biweekly Paycheck,166.11,credit,Shopping,Checking
,12/28/2018,Credit Card Payment,135.99,credit,Groceries,Platinum Card
,9/6/2018,Fancy Restaurant,45.98,credit,Gas & Fuel,Silver Card
,3/23/2019,Grocery Store,11.14,debit,Utilities,Checking
,7/31/2018,Pizza Place,111.96,debit,Credit Card Payment,Platinum Card
,12/1/2018,Phone Company,155.9,credit,Credit Card Payment,Silver Card
,5/23/2018,Starbucks,65.01,credit,Coffee Shops,Platinum Card
,11/6/2018,Movie Theater,75.45,credit,Restaurants,Checking
,5/2/2018,Brewing Company,9.83,debit,Home Improvement,Platinum Card
,3/13/2018,Starbucks Coffee,171.38,credit,Utilities,Platinum Card
,7/9/2019,Grocery Store,133.74,credit,Shopping,Checking
,12/9/2018,Credit Card Payment,191.29,debit,Movies & DVDs,Platinum Card
,1/4/2019,Brewing Company,26.98,credit,Internet,Checking
,9/18/2019,Credit Card Payment,137.97,debit,Internet,Platinum Card
,8/22/2018,City Water Charges,32.3,debit,Shopping,Checking
,8/18/2018,Spotify,184.01,credit,Mortgage & Rent,Platinum Card
,12/21/2018,Whole Foods Market,116.38,credit,Shopping,Checking
,12/10/2018,City Water Charges,129.3,credit,Credit Card Payment,Silver Card
,8/26/2019,Starbucks Coffee,138.84,credit,Mortgage & Rent,Checking
,11/22/2019,Whole Foods Market,143.58,debit,Credit Card Payment,Platinum Card
,5/24/2019,American Tavern,99.66,debit,Internet,Platinum Card
,3/12/2019,Gas Company,104.62,debit,Groceries,Platinum Card
,5/29/2018,Whole Foods Market,193.9,debit,Credit Card Payment,Platinum Card
,11/7/2019,Credit Card Payment,183.76,credit,Groceries,Checking
,6/20/2018,Whole Foods Market,64.8,debit,Coffee Shops,Platinum Card
,5/24/2018,Belgian Restaurant,25.48,debit,Groceries,Platinum Card
,3/20/2019,Biweekly Paycheck,103.5,debit,Home Improvement,Silver Card
,9/29/2019,Amazon,135.15,credit,Haircut,Checking
,10/25/2018,Internet Service Provider,25.61,debit,Groceries,Silver Card
,6/19/2018,Whole Foods Market,183.29,credit,Groceries,Platinum Card
,2/7/2019,Credit Card Payment,135.98,debit,Haircut,Platinum Card
,9/10/2019,Amazon,13.37,credit,Restaurants,Platinum Card
,10/22/2019,Mortgage Payment,115.62,debit,Paycheck,Silver Card
,7/20/2018,Belgian Restaurant,43.13,debit,Groceries,Silver Card
,2/1/2019,American Tavern,13.06,debit,Credit Card Payment,Checking
,3/9/2019,City Water Charges,33.51,credit,Paycheck,Platinum Card
,5/4/2019,Grocery Store,154.16,debit,Utilities,Checking
,8/14/2018,BP,137.11,credit,Groceries,Silver Card
,9/8/2018,Biweekly Paycheck,136.5,debit,Utilities,Platinum Card
,8/28/2018,Amazon,137.28,credit,Credit Card Payment,Platinum Card
,9/17/2018,Credit Card Payment,185.97,credit,Paycheck,Platinum Card
,10/18/2018,Home Depot Hardware,51.29,credit,Restaurants,Silver Card
,12/17/2019,Gas Company,168.72,credit,Alcohol & Bars,Checking
,10/18/2019,Phone Company,1.06,credit,Credit Card Payment,Platinum Card
,8/30/2018,Amazon,151.63,credit,Credit Card Payment,Platinum Card
,4/30/2018,Internet Service Provider,17.55,credit,Groceries,Platinum Card
,5/14/2018,Starbucks,33.17,credit,Credit Card Payment,Checking
,3/24/2019,American Tavern,162.15,credit,Music,Silver Card
,6/12/2019,Biweekly Paycheck,106.72,debit,Movies & DVDs,Platinum Card
,5/30/2018,Hardware Store,181.69,debit,Restaurants,Checking
,8/25/2018,Thai Restaurant,56.42,debit,Home Improvement,Platinum Card
,4/30/2018,Credit Card Payment,59.38,debit,Fast Food,Silver Card
,10/16/2019,Barbershop,39.92,credit,Groceries,Checking
,2/2/2019,Whole Foods Market,180.54,credit,Credit Card Payment,Platinum Card
,6/22/2018,City Water Charges,27.27,debit,Alcohol & Bars,Platinum Card
,5/11/2019,Whole Foods Market,168.86,debit,Utilities,Platinum Card
,1/2/2019,Phone Company,192.91,debit,Restaurants,Platinum Card
,5/16/2018,Mike's Construction Co.,6.32,debit,Auto Insurance,Checking
,5/4/2019,Credit Card Payment,112.12,debit,Restaurants,Checking
,10/19/2018,Netflix Subscription,28.33,debit,Shopping,Platinum Card
,9/18/2019,Mortgage Payment,48.65,credit,Shopping,Silver Card
,9/28/2019,Amazon Video,38.81,credit,Utilities,Silver Card
,4/8/2019,Netflix,105.45,debit,Mortgage & Rent,Platinum Card
,7/15/2018,TechCorp Salary,123.52,credit,Haircut,Platinum Card
,6/28/2018,Credit Card Payment,129.53,debit,Credit Card Payment,Silver Card
,5/25/2018,Shell,28.85,credit,Shopping,Platinum Card
,11/21/2019,Whole Foods Market,41.93,debit,Coffee Shops,Platinum Card
,12/9/2018,Amazon,44.71,debit,Fast Food,Checking
,3/21/2018,City Water Charges,185.78,credit,Home Improvement,Platinum Card
,2/24/2019,American Tavern,87.62,credit,Groceries,Silver Card
,7/30/2018,Credit Card Payment,41.28,credit,Groceries,Platinum Card
,10/31/2019,Phone Company,137.53,debit,Coffee Shops,Platinum Card
,5/11/2019,Gas Company,180.19,credit,Gas & Fuel,Platinum Card
,9/4/2018,Irish Pub,126.9,credit,Utilities,Checking
,8/17/2019,Home Depot Hardware,117.94,debit,Mobile Phone,Platinum Card
,6/3/2019,Starbucks,157.02,credit,Credit Card Payment,Checking
,5/5/2018,Gas Company,70.03,credit,Gas & Fuel,Checking
,11/23/2018,Gas Company,79.84,debit,Utilities,Platinum Card
,12/29/2019,Home Depot Hardware,198.23,credit,Coffee Shops,Silver Card
,8/23/2018,State Farm,37.87,debit,Groceries,Checking
,10/28/2019,Credit Card Payment,164.71,debit,Credit Card Payment,Platinum Card
,12/20/2018,Phone Company,161.84,debit,Coffee Shops,Checking
,4/27/2018,Grocery Store,72.85,debit,Movies & DVDs,Platinum Card
,10/12/2019,Gas Company,29.66,debit,Restaurants,Platinum Card
,3/1/2019,Power Company,170.73,credit,Groceries,Checking
,6/25/2019,QuikTrip,189.38,debit,Restaurants,Checking
,3/20/2018,Phone Company,34.2,debit,Shopping,Silver Card
,5/9/2019,Grocery Store,30.78,credit,Groceries,Platinum Card
,9/25/2018,Credit Card Payment,75.34,debit,Groceries,Checking
,10/17/2018,Phone Company,86.88,debit,Credit Card Payment,Platinum Card
,8/24/2019,Starbucks Coffee,93.33,debit,Home Improvement,Checking
,7/10/2018,Credit Card Payment,66.67,credit,Shopping,Silver Card
,6/11/2019,Mortgage Payment,199.71,credit,Auto Insurance,Checking
,5/10/2018,State Farm,178.95,debit,Utilities,Checking
,4/2/2019,Hardware Store,102.27,debit,Credit Card Payment,Checking
,9/6/2018,Internet Service Provider,55.84,credit,Groceries,Silver Card
,12/26/2018,TechCorp Salary,8.45,credit,Utilities,Checking
,7/13/2018,Whole Foods Market,43.66,credit,Credit Card Payment,Silver Card
,4/28/2019,BBQ Restaurant,194.14,debit,Music,Checking
,1/14/2018,German Restaurant,15.48,debit,Credit Card Payment,Platinum Card
,10/26/2019,Power Company,2.3,credit,Credit Card Payment,Checking
,5/11/2018,Credit Card Payment,12.1,debit,Paycheck,Platinum Card
,4/8/2019,Hardware Store,192.47,credit,Credit Card Payment,Platinum Card
,1/10/2019,Gas Company,158.36,credit,Credit Card Payment,Platinum Card
,4/21/2018,Brewing Company,104.63,debit,Paycheck,Silver Card
,9/5/2018,City Water Charges,60.15,debit,Groceries,Platinum Card
,7/3/2018,Starbucks Coffee,19.25,debit,Television,Checking
,3/23/2018,Amazon,44.82,debit,Groceries,Checking
,10/7/2019,TechCorp Salary,119.1,debit,Alcohol & Bars,Platinum Card
,2/12/2019,American Tavern,177.43,credit,Credit Card Payment,Silver Card
,9/12/2018,Shell,177.79,debit,Coffee Shops,Platinum Card
,1/19/2019,Sushi Restaurant,118.84,credit,Paycheck,Checking
,11/29/2019,Shell,36.54,debit,Electronics & Software,Silver Card
,9/2/2018,Credit Card Payment,157.08,credit,Restaurants,Platinum Card
,9/12/2019,Grocery Store,7.22,debit,Gas & Fuel,Platinum Card
,1/19/2019,Credit Card Payment,48.64,credit,Restaurants,Checking
,4/8/2019,American Tavern,71.28,credit,Home Improvement,Checking
,5/25/2018,Credit Card Payment,95.5,debit,Auto Insurance,Platinum Card
,9/14/2018,Gas Company,183.58,credit,Shopping,Silver Card
,10/2/2018,Biweekly Paycheck,196.94,credit,Electronics & Software,Checking
,5/16/2019,American Tavern,163.81,debit,Music,Platinum Card
,9/2/2018,Gas Company,170.01,debit,Restaurants,Silver Card
,2/23/2019,Barbershop,39.41,credit,Shopping,Platinum Card
,6/27/2018,American Tavern,157.64,credit,Utilities,Platinum Card
,9/19/2019,Belgian Restaurant,157.79,debit,Groceries,Checking
,12/9/2018,Amazon,116.18,debit,Groceries,Platinum Card
,12/27/2018,Mike's Construction Co.,7.83,debit,Paycheck,Platinum Card
,6/24/2018,Gas Company,114.23,debit,Credit Card Payment,Platinum Card
,8/10/2019,Internet Service Provider,114.92,debit,Haircut,Checking
,2/4/2019,Credit Card Payment,199.35,credit,Gas & Fuel,Platinum Card
,11/22/2018,Gas Company,64.34,debit,Groceries,Checking
,5/1/2019,Greek Restaurant,47.11,credit,Paycheck,Platinum Card
,7/25/2018,City Water Charges,100.6,credit,Credit Card Payment,Checking
,11/23/2018,Mexican Restaurant,48.74,debit,Gas & Fuel,Platinum Card
,5/9/2019,Vietnamese Restaurant,35.45,debit,Internet,Checking
,9/22/2019,Power Company,162.1,credit,Mortgage & Rent,Checking
,6/1/2018,Whole Foods Market,111.13,debit,Utilities,Checking
,10/26/2019,Grocery Store,22.85,credit,Gas & Fuel,Checking
,6/15/2019,Grocery Store,100.48,credit,Credit Card Payment,Silver Card
,5/11/2018,Netflix,130.24,debit,Music,Silver Card
,10/10/2018,Mortgage Payment,10.83,debit,Groceries,Platinum Card
,3/17/2018,Chick-Fil-A,152.91,credit,Groceries,Platinum Card
,11/24/2018,Home Depot Hardware,1.86,debit,Credit Card Payment,Silver Card
,8/25/2019,Grocery Store,169.81,credit,Music,Platinum Card
,1/8/2019,Thai Restaurant,141.17,debit,Credit Card Payment,Silver Card
,12/27/2018,Thai Restaurant,10.66,credit,Home Improvement,Platinum Card
,4/10/2019,Biweekly Paycheck,72.42,debit,Shopping,Silver Card
,10/31/2018,Gas Company,58.09,debit,Electronics & Software,Platinum Card
,2/17/2019,Spotify,35.68,credit,Restaurants,Platinum Card
,5/16/2018,Grocery Store,6.83,credit,Internet,Silver Card
,1/4/2019,Credit Card Payment,101.86,credit,Credit Card Payment,Platinum Card
,5/22/2018,Whole Foods Market,62.52,credit,Shopping,Checking
,7/11/2019,Greek Restaurant,192.31,credit,Restaurants,Silver Card
,12/14/2019,Phone Company,176.91,debit,Movies & DVDs,Silver Card
,10/27/2018,Credit Card Payment,186.99,credit,Restaurants,Platinum Card
,7/29/2019,Amazon,75.18,debit,Credit Card Payment,Platinum Card
,9/10/2019,Credit Card Payment,27.88,credit,Credit Card Payment,Checking
,2/3/2019,Grocery Store,26.47,credit,Credit Card Payment,Silver Card
,5/26/2019,Brewing Company,196.88,credit,Coffee Shops,Platinum Card
,5/30/2018,Credit Card Payment,71.16,credit,Groceries,Platinum Card
,8/9/2018,Mediterranean Restaurant,44.13,credit,Auto Insurance,Platinum Card
,5/29/2018,Credit Card Payment,128.83,debit,Groceries,Silver Card
,1/21/2018,Brewing Company,11.41,debit,Credit Card Payment,Checking
,5/23/2019,Brewing Company,157.83,credit,Credit Card Payment,Platinum Card
,2/26/2018,Whole Foods Market,128.32,debit,Groceries,Platinum Card
,4/7/2019,Brewing Company,67.2,credit,Shopping,Checking
,6/11/2019,Starbucks Coffee,9.67,debit,Haircut,Platinum Card
,9/9/2018,Credit Card Payment,118.23,credit,Credit Card Payment,Platinum Card
,10/26/2019,Shell,87.23,credit,Auto Insurance,Checking
,8/19/2018,State Farm,77.89,debit,Paycheck,Platinum Card
,1/14/2019,Italian Restaurant,160.29,credit,Utilities,Silver Card
,8/4/2019,Hardware Store,31.26,credit,Restaurants,Silver Card
,7/15/2019,Amazon,91.51,debit,Internet,Platinum Card
,7/27/2018,Amazon,161.5,credit,Gas & Fuel,Silver Card
,11/9/2019,Credit Card Payment,46.76,credit,Mortgage & Rent,Platinum Card
,12/8/2018,State Farm,44.87,debit,Coffee Shops,Silver Card
,11/21/2018,Credit Card Payment,107.93,credit,Restaurants,Platinum Card
,10/25/2018,Whole Foods Market,181.31,debit,Mortgage & Rent,Silver Card
,11/24/2018,Whole Foods Market,82.01,debit,Mobile Phone,Platinum Card
,9/11/2018,Starbucks,127.0,credit,Internet,Platinum Card
,8/28/2018,Mediterranean Restaurant,183.1,debit,Groceries,Platinum Card
,11/1/2019,BP,13.47,credit,Haircut,Checking
,6/13/2018,TechCorp Salary,98.58,credit,Haircut,Platinum Card
,1/17/2019,Whole Foods Market,30.49,credit,Credit Card Payment,Silver Card
,11/25/2018,TechCorp Salary,102.89,debit,Alcohol & Bars,Checking
,5/23/2019,Valero,18.58,debit,Home Improvement,Checking
,5/10/2018,Brewing Company,46.09,credit,Gas & Fuel,Silver Card
,11/19/2018,BP,48.08,credit,Coffee Shops,Platinum Card
,6/11/2018,Amazon,194.89,debit,Music,Checking
,12/24/2018,Credit Card Payment,52.19,credit,Restaurants,Platinum Card
,6/20/2018,Best Buy,24.85,debit,Gas & Fuel,Platinum Card
,4/23/2018,Fancy Restaurant,102.96,credit,Coffee Shops,Silver Card
,3/21/2019,Power Company,33.44,debit,Groceries,Platinum Card
,9/3/2019,Bakery Place,105.33,credit,Movies & DVDs,Platinum Card
,9/13/2018,TechCorp Salary,184.01,debit,Credit Card Payment,Platinum Card
,7/9/2019,Whole Foods Market,176.26,debit,Shopping,Checking
,5/1/2018,Biweekly Paycheck,21.26,credit,Shopping,Checking
,6/14/2018,BP,59.8,debit,Groceries,Silver Card
,6/4/2018,Amazon,40.85,debit,Restaurants,Checking
,11/25/2018,Biweekly Paycheck,10.38,credit,Haircut,Checking
,7/25/2018,Circle K,22.61,credit,Restaurants,Silver Card
,2/1/2019,Phone Company,55.58,debit,Groceries,Platinum Card
,7/16/2019,Credit Card Payment,39.48,debit,Music,Platinum Card
,7/29/2018,Power Company,135.31,credit,Paycheck,Silver Card
,1/2/2019,Wendy's,6.16,debit,Credit Card Payment,Platinum Card
,8/30/2019,TechCorp Salary,13.14,credit,Mortgage & Rent,Checking
,9/24/2018,Grocery Store,83.14,credit,Credit Card Payment,Platinum Card
,9/23/2019,Starbucks Coffee,116.57,credit,Haircut,Checking
,6/4/2018,TechCorp Salary,106.8,debit,Groceries,Silver Card
,6/11/2019,Hardware Store,11.95,debit,Movies & DVDs,Silver Card
,5/17/2019,Phone Company,124.01,credit,Shopping,Checking
,3/22/2019,Bakery Place,194.24,debit,Restaurants,Platinum Card
,12/2/2018,Amazon,26.69,credit,Fast Food,Checking
,1/15/2019,BP,3.26,credit,Groceries,Checking
,10/18/2018,Starbucks,46.55,debit,Groceries,Checking
,12/6/2019,German Restaurant,38.63,debit,Shopping,Checking
,6/24/2019,Credit Card Payment,21.23,debit,Shopping,Platinum Card
,6/23/2018,Credit Card Payment,81.31,credit,Groceries,Checking
,1/1/2019,Whole Foods Market,174.29,debit,Credit Card Payment,Platinum Card
,1/15/2019,Grocery Store,76.95,credit,Internet,Platinum Card
,12/2/2019,Shell,125.67,debit,Gas & Fuel,Checking
,3/22/2019,Grocery Store,126.03,debit,Groceries,Silver Card
,6/16/2018,Shell,189.18,debit,Credit Card Payment,Checking
,10/6/2018,Movie Theater,41.44,credit,Internet,Platinum Card
,6/24/2018,City Water Charges,95.35,debit,Mobile Phone,Checking
,5/2/2019,Hardware Store,100.18,credit,Coffee Shops,Platinum Card
,4/8/2019,Chick-Fil-A,95.58,credit,Utilities,Checking
,12/15/2018,Amazon,133.3,debit,Groceries,Platinum Card
,3/17/2018,Credit Card Payment,119.39,debit,Groceries,Silver Card
,2/14/2018,Credit Card Payment,137.11,credit,Gas & Fuel,Checking
,11/21/2019,City Water Charges,85.81,debit,Restaurants,Platinum Card
,3/26/2018,Spotify,84.23,credit,Auto Insurance,Platinum Card
,9/25/2018,Credit Card Payment,35.13,credit,Shopping,Platinum Card
,2/11/2019,Credit Card Payment,195.81,debit,Shopping,Checking
,10/25/2018,Thai Restaurant,145.2,debit,Coffee Shops,Silver Card
,9/28/2019,Brewing Company,66.97,debit,Utilities,Platinum Card
,8/25/2019,Starbucks Coffee,151.86,debit,Auto Insurance,Checking
,8/15/2018,Biweekly Paycheck,24.36,credit,Home Improvement,Platinum Card
,7/3/2018,Amazon,71.97,credit,Restaurants,Platinum Card
,9/21/2018,Whole Foods Market,101.72,credit,Groceries,Platinum Card
,2/7/2019,Hardware Store,97.55,debit,Alcohol & Bars,Checking
,5/18/2019,Brunch Restaurant,40.0,credit,Utilities,Platinum Card
,5/9/2019,Greek Restaurant,79.55,credit,Internet,Silver Card
,4/19/2018,American Tavern,87.11,credit,Credit Card Payment,Platinum Card
,1/11/2019,Starbucks Coffee,165.04,credit,Credit Card Payment,Platinum Card
,2/2/2019,Movie Theater,14.81,credit,Coffee Shops,Silver Card
,5/29/2019,Brunch Restaurant,81.08,credit,Restaurants,Silver Card
,6/17/2018,Shell,130.37,credit,Gas & Fuel,Platinum Card
,6/9/2019,Biweekly Paycheck,182.61,credit,Utilities,Silver Card
,6/1/2018,Hardware Store,153.92,credit,Mortgage & Rent,Platinum Card
,12/11/2018,Credit Card Payment,167.07,debit,Internet,Silver Card
,8/14/2018,Credit Card Payment,74.58,debit,Credit Card Payment,Platinum Card
,10/8/2018,Internet Service Provider,45.92,credit,Credit Card Payment,Platinum Card
,9/10/2018,Gas Company,185.01,debit,Mobile Phone,Platinum Card
,5/11/2018,Internet Service Provider,152.03,debit,Groceries,Checking
,4/20/2019,Credit Card Payment,72.37,credit,Restaurants,Checking
,8/2/2019,City Water Charges,128.47,credit,Credit Card Payment,Checking
,4/11/2019,Grocery Store,125.96,debit,Shopping,Checking
,8/23/2019,Amazon,192.01,credit,Home Improvement,Platinum Card
,1/3/2020,Starbucks,146.16,debit,Shopping,Platinum Card
,9/4/2018,American Tavern,133.96,credit,Coffee Shops,Platinum Card
,5/28/2019,Credit Card Payment,121.48,debit,Utilities,Platinum Card
,4/20/2018,Netflix Subscription,2.94,credit,Groceries,Checking
,1/5/2019,Mortgage Payment,195.62,debit,Groceries,Silver Card
,7/28/2018,Biweekly Paycheck,54.77,debit,Shopping,Platinum Card
,9/12/2019,Valero,57.85,debit,Gas & Fuel,Checking
,5/19/2019,Credit Card Payment,81.76,credit,Restaurants,Platinum Card
,4/27/2019,Amazon,117.12,credit,Restaurants,Platinum Card
,2/8/2019,Whole Foods Market,98.25,debit,Auto Insurance,Platinum Card
,8/30/2018,Grocery Store,58.29,credit,Groceries,Silver Card
,5/20/2018,Hardware Store,179.28,debit,Shopping,Platinum Card
,9/7/2019,Grocery Store,151.87,debit,Mortgage & Rent,Checking
,5/26/2018,Credit Card Payment,15.07,debit,Movies & DVDs,Checking
,10/8/2018,City Water Charges,158.0,debit,Shopping,Platinum Card
,10/18/2018,Whole Foods Market,118.67,credit,Paycheck,Platinum Card
,9/12/2018,German Restaurant,13.43,credit,Fast Food,Silver Card
,6/14/2018,Starbucks,138.45,debit,Coffee Shops,Platinum Card
,3/13/2018,American Tavern,107.43,debit,Groceries,Checking
,4/5/2018,Netflix,169.43,credit,Gas & Fuel,Platinum Card
,2/17/2019,Whole Foods Market,87.3,debit,Mobile Phone,Silver Card
,10/18/2019,BP,102.79,debit,Groceries,Checking
,1/23/2020,TechCorp Salary,166.62,credit,Credit Card Payment,Silver Card
,3/7/2019,Circle K,112.6,debit,Credit Card Payment,Platinum Card
,4/22/2018,Mediterranean Restaurant,90.03,credit,Credit Card Payment,Silver Card
,8/27/2019,Pizza Place,117.45,debit,Fast Food,Platinum Card
,6/29/2019,Credit Card Payment,22.37,credit,Fast Food,Platinum Card
,4/21/2019,Mexican Restaurant,22.44,debit,Restaurants,Silver Card
,3/14/2018,BP,16.18,debit,Haircut,Platinum Card
,9/17/2018,Pizza Place,88.04,credit,Restaurants,Checking
,2/2/2019,Credit Card Payment,75.77,debit,Haircut,Silver Card
,1/24/2019,Brewing Company,98.45,credit,Restaurants,Platinum Card
,4/7/2019,American Tavern,76.32,credit,Utilities,Silver Card
,6/29/2019,Exxon,38.35,debit,Haircut,Silver Card
,9/19/2019,Movie Theater,175.62,credit,Music,Platinum Card
,5/19/2019,Whole Foods Market,12.02,debit,Restaurants,Platinum Card
,7/2/2019,Netflix,175.9,debit,Mobile Phone,Platinum Card
,2/13/2018,Spotify,121.65,debit,Credit Card Payment,Silver Card
,11/2/2019,TechCorp Salary,55.59,credit,Movies & DVDs,Checking
,2/15/2018,Starbucks,77.41,credit,Restaurants,Platinum Card
,11/11/2018,New York Deli,54.08,debit,Shopping,Platinum Card
,6/5/2018,Gas Company,38.58,credit,Groceries,Silver Card
,2/13/2019,Vietnamese Restaurant,162.62,debit,Groceries,Checking
,3/19/2018,Credit Card Payment,14.06,credit,Paycheck,Platinum Card
,8/22/2019,American Tavern,66.03,credit,Coffee Shops,Platinum Card
,4/11/2019,Spotify,75.43,debit,Shopping,Checking
,8/19/2018,Gas Company,28.2,debit,Movies & DVDs,Silver Card
,8/22/2019,BP,174.61,credit,Groceries,Platinum Card
,6/4/2018,Amazon,192.27,debit,Paycheck,Silver Card
,9/27/2019,State Farm,8.46,credit,Credit Card Payment,Silver Card
,4/15/2018,Spotify,56.25,debit,Home Improvement,Checking
,8/30/2018,Barbershop,162.65,credit,Movies & DVDs,Checking
,7/4/2019,Power Company,192.32,debit,Credit Card Payment,Platinum Card
,11/12/2018,Gas Company,165.72,credit,Paycheck,Checking
,10/18/2019,State Farm,188.67,credit,Groceries,Platinum Card
,5/28/2019,Credit Card Payment,166.06,debit,Paycheck,Silver Card
,12/11/2018,Phone Company,73.1,debit,Paycheck,Checking
,10/3/2018,Spotify,121.82,credit,Utilities,Silver Card
,3/30/2019,Grocery Store,16.68,debit,Coffee Shops,Silver Card
,6/26/2018,Mortgage Payment,80.43,credit,Groceries,Platinum Card
,9/18/2019,Movie Theater,162.48,debit,Utilities,Platinum Card
,5/3/2018,Vietnamese Restaurant,197.65,debit,Credit Card Payment,Checking
,11/8/2019,Credit Card Payment,119.44,credit,Credit Card Payment,Checking
,6/9/2018,Internet Service Provider,144.17,debit,Shopping,Checking
,12/14/2018,Starbucks Coffee,86.57,credit,Home Improvement,Silver Card
,7/18/2018,Biweekly Paycheck,115.06,debit,Groceries,Platinum Card
,6/16/2019,Credit Card Payment,63.3,debit,Restaurants,Checking
,10/29/2019,Thai Restaurant,108.88,credit,Internet,Platinum Card
,7/17/2018,Biweekly Paycheck,22.31,credit,Groceries,Silver Card
,9/18/2019,Credit Card Payment,111.37,credit,Home Improvement,Silver Card
,4/18/2018,Hardware Store,174.45,credit,Groceries,Platinum Card
,1/23/2019,Netflix,143.08,debit,Groceries,Checking
,10/19/2019,Whole Foods Market,62.05,credit,Credit Card Payment,Silver Card
,4/24/2019,Whole Foods Market,11.15,credit,Groceries,Silver Card
,11/21/2019,City Water Charges,176.7,debit,Credit Card Payment,Checking
,2/10/2018,BP,170.14,credit,Paycheck,Platinum Card
,4/10/2018,Circle K,3.26,debit,Utilities,Platinum Card
,3/1/2019,American Tavern,62.09,debit,Music,Checking
,11/10/2018,Greek Restaurant,131.06,credit,Credit Card Payment,Platinum Card
,12/8/2018,Credit Card Payment,89.38,debit,Credit Card Payment,Silver Card
,4/13/2018,Italian Restaurant,124.31,credit,Credit Card Payment,Platinum Card
,1/25/2019,American Tavern,116.59,debit,Credit Card Payment,Platinum Card
,2/9/2020,Hardware Store,183.01,credit,Restaurants,Platinum Card
,5/24/2018,City Water Charges,124.9,debit,Home Improvement,Platinum Card
,9/2/2018,Hardware Store,91.19,debit,Movies & DVDs,Checking
,11/10/2018,Uber Ride,35.03,debit,Transport,Checking
,6/22/2018,Uber Ride,20.09,debit,Transport,Platinum Card
,12/22/2018,Uber Ride,30.81,debit,Transport,Silver Card
,8/3/2019,Uber Ride,59.92,debit,Transport,Platinum Card
,7/9/2018,Uber Ride,55.0,debit,Transport,Checking
,12/10/2018,Uber Ride,17.17,debit,Transport,Silver Card
,11/24/2019,Uber Ride,40.35,debit,Transport,Silver Card
,5/3/2019,Uber Ride,44.15,debit,Transport,Platinum Card
,9/15/2018,Uber Ride,24.43,debit,Transport,Checking
2.0,2/1/2018,Uber Ride,21.53,debit,Transport,Platinum Card
,9/11/2019,Uber Ride,55.7,debit,Transport,Platinum Card
,9/22/2019,Uber Ride,58.6,debit,Transport,Checking
,7/2/2019,Uber Ride,59.64,debit,Transport,Checking
,8/14/2018,Uber Ride,50.54,debit,Transport,Checking
,9/15/2018,Uber Ride,44.86,debit,Transport,Platinum Card
,11/24/2018,Uber Ride,30.56,debit,Transport,Silver Card
,6/28/2018,Uber Ride,22.71,debit,Transport,Platinum Card
,5/21/2019,Uber Ride,18.55,debit,Transport,Platinum Card
,8/11/2019,Uber Ride,46.2,debit,Transport,Checking
,11/12/2018,Uber Ride,50.31,debit,Transport,Checking
,8/18/2019,Uber Ride,52.19,debit,Transport,Silver Card
,6/5/2019,Uber Ride,56.12,debit,Transport,Checking
,9/29/2018,Uber Ride,54.6,debit,Transport,Platinum Card
,7/31/2019,Uber Ride,59.99,debit,Transport,Platinum Card
,10/9/2019,Uber Ride,25.98,debit,Transport,Checking
,4/25/2018,Uber Ride,49.35,debit,Transport,Silver Card
,9/11/2018,Uber Ride,41.39,debit,Transport,Platinum Card
,6/24/2018,Uber Ride,26.76,debit,Transport,Checking
2.0,3/14/2019,Uber Ride,59.19,debit,Transport,Platinum Card
,7/18/2018,Uber Ride,55.41,debit,Transport,Platinum Card
,5/27/2018,Uber Ride,20.78,debit,Transport,Platinum Card
,1/31/2019,Uber Ride,16.18,debit,Transport,Checking
,7/20/2018,Uber Ride,45.97,debit,Transport,Checking
,5/13/2018,Uber Ride,42.19,debit,Transport,Checking
,5/2/2018,Uber Ride,57.11,debit,Transport,Platinum Card
,9/16/2019,Uber Ride,25.53,debit,Transport,Silver Card
,4/13/2019,Uber Ride,18.8,debit,Transport,Silver Card
,5/14/2018,Uber Ride,26.66,debit,Transport,Platinum Card
1.0,1/2/2019,Uber Ride,15.85,debit,Transport,Checking
,4/25/2018,Uber Ride,16.62,debit,Transport,Platinum Card
,8/2/2019,Uber Ride,56.17,debit,Transport,Checking
,8/12/2019,Uber Ride,30.84,debit,Transport,Checking
,12/13/2018,Uber Ride,33.49,debit,Transport,Checking
,1/3/2020,Uber Ride,15.83,debit,Transport,Platinum Card
3.0,3/22/2018,Uber Ride,27.17,debit,Transport,Silver Card
,5/13/2018,Uber Ride,51.21,debit,Transport,Platinum Card
,1/3/2019,Uber Ride,42.7,debit,Transport,Checking
,6/1/2018,Uber Ride,48.92,debit,Transport,Checking
,10/8/2019,Uber Ride,35.12,debit,Transport,Checking
,1/10/2019,Uber Ride,28.94,debit,Transport,Platinum Card
,7/19/2019,Uber Ride,36.73,debit,Transport,Platinum Card
,7/5/2019,Uber Ride,29.54,debit,Transport,Checking
,3/29/2019,Uber Ride,52.75,debit,Transport,Silver Card
,4/10/2019,Uber Ride,28.4,debit,Transport,Silver Card
,11/24/2018,Uber Ride,44.69,debit,Transport,Checking
,8/24/2019,Uber Ride,21.16,debit,Transport,Platinum Card
,7/20/2019,Uber Ride,45.91,debit,Transport,Platinum Card
,6/26/2018,Uber Ride,56.1,debit,Transport,Silver Card
,6/9/2018,Uber Ride,42.39,debit,Transport,Checking
,4/20/2018,Uber Ride,40.19,debit,Transport,Checking
,12/21/2018,Uber Ride,58.25,debit,Transport,Checking
2.0,11/9/2018,Uber Ride,43.23,debit,Transport,Platinum Card
,6/26/2018,Uber Ride,26.68,debit,Transport,Silver Card
,3/20/2018,Uber Ride,28.16,debit,Transport,Checking
,8/30/2019,Uber Ride,46.74,debit,Transport,Platinum Card
,3/22/2018,Uber Ride,48.09,debit,Transport,Silver Card
,7/23/2018,Uber Ride,28.66,debit,Transport,Checking
,9/6/2018,Uber Ride,30.54,debit,Transport,Silver Card
,12/3/2018,Uber Ride,59.6,debit,Transport,Silver Card
,12/11/2018,Uber Ride,19.59,debit,Transport,Platinum Card
,4/19/2018,Uber Ride,33.21,debit,Transport,Checking
,1/11/2019,Uber Ride,17.81,debit,Transport,Silver Card
,6/4/2018,Uber Ride,51.95,debit,Transport,Checking
,11/21/2018,Uber Ride,19.16,debit,Transport,Silver Card
,1/5/2019,Uber Ride,45.33,debit,Transport,Silver Card
,4/29/2019,Uber Ride,17.54,debit,Transport,Checking
,3/10/2018,Uber Ride,45.28,debit,Transport,Checking
,5/20/2018,Uber Ride,52.94,debit,Transport,Platinum Card
3.0,3/28/2018,Uber Ride,32.95,debit,Transport,Silver Card
,1/11/2018,Uber Ride,38.5,debit,Transport,Checking
,10/18/2019,Uber Ride,33.07,debit,Transport,Platinum Card
,9/12/2019,Uber Ride,28.52,debit,Transport,Platinum Card
,10/19/2018,Uber Ride,51.15,debit,Transport,Platinum Card
,7/28/2019,Uber Ride,27.24,debit,Transport,Checking
,5/29/2018,Uber Ride,47.53,debit,Transport,Silver Card
,3/31/2018,Uber Ride,24.28,debit,Transport,Platinum Card
,6/7/2019,Uber Ride,26.24,debit,Transport,Checking
,3/7/2018,Uber Ride,30.14,debit,Transport,Platinum Card
,11/15/2019,Uber Ride,41.51,debit,Transport,Platinum Card
,2/27/2019,Uber Ride,35.45,debit,Transport,Platinum Card
,3/17/2019,Uber Ride,48.53,debit,Transport,Checking
,10/4/2019,Uber Ride,24.61,debit,Transport,Platinum Card
,1/30/2019,Uber Ride,15.48,debit,Transport,Silver Card
,12/24/2018,Uber Ride,49.95,debit,Transport,Silver Card
,4/3/2018,Uber Ride,51.97,debit,Transport,Checking
,5/25/2018,Uber Ride,17.68,debit,Transport,Platinum Card
,8/17/2019,Uber Ride,42.49,debit,Transport,Silver Card
,11/26/2019,Uber Ride,32.02,debit,Transport,Checking
,12/23/2018,Uber Ride,50.73,debit,Transport,Platinum Card
,3/16/2018,Uber Ride,54.35,debit,Transport,Silver Card
,2/22/2019,Planet Fitness Dues,10.0,debit,Gym & Fitness,Checking
,6/25/2018,Planet Fitness Dues,10.0,debit,Gym & Fitness,Silver Card
,2/12/2019,Planet Fitness Dues,10.0,debit,Gym & Fitness,Silver Card
,7/15/2018,Planet Fitness Dues,10.0,debit,Gym & Fitness,Checking
,3/7/2019,Planet Fitness Dues,10.0,debit,Gym & Fitness,Silver Card
,4/28/2019,Planet Fitness Dues,10.0,debit,Gym & Fitness,Platinum Card
,8/17/2019,Planet Fitness Dues,10.0,debit,Gym & Fitness,Checking
,3/30/2018,Planet Fitness Dues,10.0,debit,Gym & Fitness,Checking
,10/13/2018,Planet Fitness Dues,10.0,debit,Gym & Fitness,Silver Card
,5/2/2018,Planet Fitness Dues,10.0,debit,Gym & Fitness,Checking
2.0,10/28/2018,Planet Fitness Dues,10.0,debit,Gym & Fitness,Platinum Card
,6/11/2019,Planet Fitness Dues,10.0,debit,Gym & Fitness,Checking
,4/15/2018,Planet Fitness Dues,10.0,debit,Gym & Fitness,Platinum Card
,1/22/2019,Planet Fitness Dues,10.0,debit,Gym & Fitness,Silver Card
,5/3/2018,Planet Fitness Dues,10.0,debit,Gym & Fitness,Checking
,10/4/2018,Planet Fitness Dues,10.0,debit,Gym & Fitness,Platinum Card
,11/16/2018,Planet Fitness Dues,10.0,debit,Gym & Fitness,Checking
,1/25/2018,Planet Fitness Dues,10.0,debit,Gym & Fitness,Platinum Card
,4/1/2019,Planet Fitness Dues,10.0,debit,Gym & Fitness,Platinum Card
,3/3/2018,Planet Fitness Dues,10.0,debit,Gym & Fitness,Silver Card
,7/31/2018,Planet Fitness Dues,10.0,debit,Gym & Fitness,Platinum Card
,11/22/2019,Planet Fitness Dues,10.0,debit,Gym & Fitness,Silver Card
,12/5/2018,Planet Fitness Dues,10.0,debit,Gym & Fitness,Silver Card
,8/26/2019,Planet Fitness Dues,10.0,debit,Gym & Fitness,Platinum Card
,9/8/2018,Planet Fitness Dues,10.0,debit,Gym & Fitness,Platinum Card
,1/5/2019,Planet Fitness Dues,10.0,debit,Gym & Fitness,Checking
,7/21/2019,Planet Fitness Dues,10.0,debit,Gym & Fitness,Platinum Card
,10/28/2019,Planet Fitness Dues,10.0,debit,Gym & Fitness,Platinum Card
,5/30/2018,Planet Fitness Dues,10.0,debit,Gym & Fitness,Platinum Card
,3/19/2018,Planet Fitness Dues,10.0,debit,Gym & Fitness,Platinum Card
,5/11/2018,Planet Fitness Dues,10.0,debit,Gym & Fitness,Silver Card
,11/17/2019,Planet Fitness Dues,10.0,debit,Gym & Fitness,Platinum Card
,3/2/2018,Planet Fitness Dues,10.0,debit,Gym & Fitness,Silver Card
,5/3/2018,Planet Fitness Dues,10.0,debit,Gym & Fitness,Platinum Card
,9/7/2018,Planet Fitness Dues,10.0,debit,Gym & Fitness,Silver Card
,6/23/2018,Planet Fitness Dues,10.0,debit,Gym & Fitness,Checking
,2/18/2019,Planet Fitness Dues,10.0,debit,Gym & Fitness,Platinum Card
,4/9/2019,Planet Fitness Dues,10.0,debit,Gym & Fitness,Silver Card
,12/4/2018,Planet Fitness Dues,10.0,debit,Gym & Fitness,Platinum Card
,11/22/2018,Planet Fitness Dues,10.0,debit,Gym & Fitness,Platinum Card
,10/4/2019,Planet Fitness Dues,10.0,debit,Gym & Fitness,Platinum Card
,4/11/2018,Planet Fitness Dues,10.0,debit,Gym & Fitness,Silver Card
,5/16/2018,Planet Fitness Dues,10.0,debit,Gym & Fitness,Platinum Card
,5/21/2019,Planet Fitness Dues,10.0,debit,Gym & Fitness,Checking
,6/19/2019,Planet Fitness Dues,10.0,debit,Gym & Fitness,Platinum Card
,2/26/2019,Planet Fitness Dues,10.0,debit,Gym & Fitness,Platinum Card
,12/2/2018,Planet Fitness Dues,10.0,debit,Gym & Fitness,Platinum Card
,6/6/2018,Planet Fitness Dues,10.0,debit,Gym & Fitness,Platinum Card
1.0,10/17/2018,Planet Fitness Dues,10.0,debit,Gym & Fitness,Checking
,10/3/2019,Planet Fitness Dues,10.0,debit,Gym & Fitness,Checking
