Date,Description,Amount,Transaction_Type,Category
2022-01-01,Salary Credit,91907.0,CREDIT,Salary
2022-01-01,Zomato,677.0,DEBIT,Restaurants
2022-01-01,Uber Ride,367.0,DEBIT,Transport
2022-01-01,HP Petrol Pump,260.0,DEBIT,Transport
2022-01-01,Auto Rickshaw,282.0,DEBIT,Transport
2022-01-01,DMart,354.0,DEBIT,Groceries
2022-01-02,Landlord Transfer,22277.0,DEBIT,Rent
2022-01-02,Milk Subscription,393.0,DEBIT,Groceries
2022-01-02,Blinkit,1102.0,DEBIT,Groceries
2022-01-02,Third Wave Coffee,452.0,DEBIT,Coffee Shops
2022-01-02,Cafe Coffee Day,196.0,DEBIT,Coffee Shops
2022-01-02,Swiggy,576.0,DEBIT,Restaurants
2022-01-02,Indian Oil,221.0,DEBIT,Transport
2022-01-03,Subway,867.0,DEBIT,Restaurants
2022-01-03,Myntra,2388.0,DEBIT,Shopping
2022-01-03,Zepto,872.0,DEBIT,Groceries
2022-01-03,Amazon Fresh,870.0,DEBIT,Groceries
2022-01-03,Ola Cab,384.0,DEBIT,Transport
2022-01-04,Croma,2041.0,DEBIT,Shopping
2022-01-04,Steam Game,607.0,DEBIT,Entertainment
2022-01-04,IKEA India,3622.0,DEBIT,Shopping
2022-01-04,RedBus,2670.0,DEBIT,Travel
2022-01-04,BEST Bus Ticket,324.0,DEBIT,Transport
2022-01-04,Ola Cab,169.0,DEBIT,Transport
2022-01-05,Subway,935.0,DEBIT,Restaurants
2022-01-05,Groww SIP,6582.0,DEBIT,Investment
2022-01-05,Milk Subscription,95.0,DEBIT,Groceries
2022-01-05,DMart,931.0,DEBIT,Groceries
2022-01-05,Auto Rickshaw,123.0,DEBIT,Transport
2022-01-05,Health Insurance Premium,2028.0,DEBIT,Medical
2022-01-05,BEST Bus Ticket,399.0,DEBIT,Transport
2022-01-05,HP Petrol Pump,422.0,DEBIT,Transport
2022-01-06,Dinner out,1049.0,DEBIT,Restaurants
2022-01-06,Indian Oil,556.0,DEBIT,Transport
2022-01-06,Zomato,484.0,DEBIT,Restaurants
2022-01-06,BookMyShow,659.0,DEBIT,Entertainment
2022-01-06,Amazon Fresh,1110.0,DEBIT,Groceries
2022-01-06,Auto Rickshaw,111.0,DEBIT,Transport
2022-01-06,Subway,768.0,DEBIT,Restaurants
2022-01-07,Blue Tokai,380.0,DEBIT,Coffee Shops
2022-01-07,McDonalds,1224.0,DEBIT,Restaurants
2022-01-07,Indian Oil,386.0,DEBIT,Transport
2022-01-07,IRCTC,164.0,DEBIT,Transport
2022-01-07,Milk Subscription,345.0,DEBIT,Groceries
2022-01-07,HP Petrol Pump,266.0,DEBIT,Transport
2022-01-07,Credit Card Bill,9754.0,DEBIT,EMI
2022-01-07,Subway,271.0,DEBIT,Restaurants
2022-01-08,Dinner out,1110.0,DEBIT,Restaurants
2022-01-08,Mumbai Metro,524.0,DEBIT,Transport
2022-01-08,Indian Oil,66.0,DEBIT,Transport
2022-01-08,Indian Oil,70.0,DEBIT,Transport
2022-01-09,Mumbai Metro,333.0,DEBIT,Transport
2022-01-09,Electricity Board,1235.0,DEBIT,Utilities
2022-01-09,McDonalds,1586.0,DEBIT,Restaurants
2022-01-09,Amazon Fresh,1142.0,DEBIT,Groceries
2022-01-09,IndiGo Airlines,5350.0,DEBIT,Travel
2022-01-09,Blinkit,1188.0,DEBIT,Groceries
2022-01-10,Dinner out,940.0,DEBIT,Restaurants
2022-01-10,Auto Rickshaw,442.0,DEBIT,Transport
2022-01-10,BigBasket,819.0,DEBIT,Groceries
2022-01-10,DMart,81.0,DEBIT,Groceries
2022-01-10,IRCTC Cancellation,514.0,CREDIT,Refund
2022-01-11,Ola Cab,523.0,DEBIT,Transport
2022-01-11,Dinner out,1669.0,DEBIT,Restaurants
2022-01-11,Burger King,1684.0,DEBIT,Restaurants
2022-01-11,Starbucks,394.0,DEBIT,Coffee Shops
2022-01-11,Health Insurance Premium,1888.0,DEBIT,Medical
2022-01-12,BookMyShow,343.0,DEBIT,Entertainment
2022-01-12,Adani Electricity,1119.0,DEBIT,Utilities
2022-01-12,Apollo Pharmacy,1910.0,DEBIT,Medical
2022-01-12,Zepto,1049.0,DEBIT,Groceries
2022-01-13,Indian Oil,255.0,DEBIT,Transport
2022-01-13,Indian Oil,97.0,DEBIT,Transport
2022-01-13,JioCinema,412.0,DEBIT,Entertainment
2022-01-13,BigBasket,1148.0,DEBIT,Groceries
2022-01-13,Decathlon,1195.0,DEBIT,Shopping
2022-01-14,PVR Cinemas,778.0,DEBIT,Entertainment
2022-01-14,IRCTC,99.0,DEBIT,Transport
2022-01-14,HP Petrol Pump,536.0,DEBIT,Transport
2022-01-14,Subway,1540.0,DEBIT,Restaurants
2022-01-14,Spotify Premium,571.0,DEBIT,Entertainment
2022-01-14,Blinkit,496.0,DEBIT,Groceries
2022-01-14,BEST Bus Ticket,547.0,DEBIT,Transport
2022-01-15,Gym Subscription,947.0,DEBIT,Miscellaneous
2022-01-15,Mumbai Metro,191.0,DEBIT,Transport
2022-01-15,Swiggy,326.0,DEBIT,Restaurants
2022-01-15,BigBasket,717.0,DEBIT,Groceries
2022-01-15,Mumbai Metro,91.0,DEBIT,Transport
2022-01-16,McDonalds,712.0,DEBIT,Restaurants
2022-01-16,Office Canteen Coffee,292.0,DEBIT,Coffee Shops
2022-01-16,Mumbai Metro,519.0,DEBIT,Transport
2022-01-16,Airtel Postpaid,1764.0,DEBIT,Utilities
2022-01-16,Adani Electricity,1605.0,DEBIT,Utilities
2022-01-17,Ola Cab,456.0,DEBIT,Transport
2022-01-17,Spotify Premium,180.0,DEBIT,Entertainment
2022-01-17,IRCTC,179.0,DEBIT,Transport
2022-01-17,Decathlon,2736.0,DEBIT,Shopping
2022-01-17,Cafe Coffee Day,441.0,DEBIT,Coffee Shops
2022-01-17,Luxury Zara,26763.0,DEBIT,Shopping
2022-01-18,Dominos,1196.0,DEBIT,Restaurants
2022-01-18,Water Bill,604.0,DEBIT,Utilities
2022-01-18,Amazon Fresh,319.0,DEBIT,Groceries
2022-01-18,BigBasket,590.0,DEBIT,Groceries
2022-01-19,Cafe Coffee Day,196.0,DEBIT,Coffee Shops
2022-02-01,Airtel Postpaid,546.0,DEBIT,Utilities
2022-02-01,Subway,922.0,DEBIT,Restaurants
2022-02-01,Indian Oil,155.0,DEBIT,Transport
2022-02-01,Uber Ride,456.0,DEBIT,Transport
2022-02-01,Ola Cab,136.0,DEBIT,Transport
2022-02-01,Adani Electricity,490.0,DEBIT,Utilities
2022-02-01,Monthly Paycheck,106365.0,CREDIT,Salary
2022-02-02,Apartment Maintenance,22208.0,DEBIT,Rent
2022-02-02,Steam Game,714.0,DEBIT,Entertainment
2022-02-02,Uber Ride,500.0,DEBIT,Transport
2022-02-02,Starbucks,425.0,DEBIT,Coffee Shops
2022-02-02,Auto Rickshaw,135.0,DEBIT,Transport
2022-02-03,HP Petrol Pump,141.0,DEBIT,Transport
2022-02-03,Croma,3441.0,DEBIT,Shopping
2022-02-03,BigBasket,912.0,DEBIT,Groceries
2022-02-03,DMart,615.0,DEBIT,Groceries
2022-02-04,Reliance Fresh,427.0,DEBIT,Groceries
2022-02-04,HP Petrol Pump,104.0,DEBIT,Transport
2022-02-04,Swiggy,385.0,DEBIT,Restaurants
2022-02-04,Mumbai Metro,484.0,DEBIT,Transport
2022-02-04,Auto Rickshaw,260.0,DEBIT,Transport
2022-02-05,HP Petrol Pump,88.0,DEBIT,Transport
2022-02-05,Reliance Fresh,837.0,DEBIT,Groceries
2022-02-05,Taj Hotel,5345.0,DEBIT,Travel
2022-02-05,Groww SIP,6942.0,DEBIT,Investment
2022-02-05,Flipkart,1550.0,DEBIT,Shopping
2022-02-06,Starbucks,202.0,DEBIT,Coffee Shops
2022-02-06,Local Cafe,1442.0,DEBIT,Restaurants
2022-02-06,Starbucks,247.0,DEBIT,Coffee Shops
2022-02-06,IRCTC,101.0,DEBIT,Transport
2022-02-06,Amazon Fresh,1136.0,DEBIT,Groceries
2022-02-07,Personal Loan EMI,10809.0,DEBIT,EMI
2022-02-07,DMart,409.0,DEBIT,Groceries
2022-02-07,Blinkit,1194.0,DEBIT,Groceries
2022-02-07,Local Grocery,623.0,DEBIT,Groceries
2022-02-07,BEST Bus Ticket,481.0,DEBIT,Transport
2022-02-08,Auto Rickshaw (High Value),24641.0,DEBIT,Transport
2022-02-08,Auto Rickshaw,353.0,DEBIT,Transport
2022-02-08,Burger King,1768.0,DEBIT,Restaurants
2022-02-08,Swiggy,1001.0,DEBIT,Restaurants
2022-02-08,Blue Tokai,342.0,DEBIT,Coffee Shops
2022-02-08,Amazon,771.0,DEBIT,Shopping
2022-02-08,HP Petrol Pump,310.0,DEBIT,Transport
2022-02-09,Auto Rickshaw,209.0,DEBIT,Transport
2022-02-09,Third Wave Coffee,228.0,DEBIT,Coffee Shops
2022-02-09,Office Canteen Coffee,186.0,DEBIT,Coffee Shops
2022-02-09,IRCTC,176.0,DEBIT,Transport
2022-02-09,Auto Rickshaw,376.0,DEBIT,Transport
2022-02-10,Swiggy,1536.0,DEBIT,Restaurants
2022-02-10,Office Canteen Coffee,286.0,DEBIT,Coffee Shops
2022-02-10,Dinner out,580.0,DEBIT,Restaurants
2022-02-10,Decathlon,2155.0,DEBIT,Shopping
2022-02-10,Auto Rickshaw,249.0,DEBIT,Transport
2022-02-10,Amazon Fresh,875.0,DEBIT,Groceries
2022-02-10,Dominos,996.0,DEBIT,Restaurants
2022-02-10,Myntra Return Refund,732.0,CREDIT,Refund
2022-02-11,Zomato,916.0,DEBIT,Restaurants
2022-02-11,BEST Bus Ticket,71.0,DEBIT,Transport
2022-02-11,BigBasket,873.0,DEBIT,Groceries
2022-02-11,BookMyShow,394.0,DEBIT,Entertainment
2022-02-11,Ola Cab,153.0,DEBIT,Transport
2022-02-12,Mumbai Metro,39.0,DEBIT,Transport
2022-02-12,Donation,120.0,DEBIT,Miscellaneous
2022-02-12,Reliance Fresh,1057.0,DEBIT,Groceries
2022-02-12,DMart,199.0,DEBIT,Groceries
2022-02-12,McDonalds,1517.0,DEBIT,Restaurants
2022-02-12,Zepto,952.0,DEBIT,Groceries
2022-02-12,BEST Bus Ticket,525.0,DEBIT,Transport
2022-02-12,Zomato Refund,399.0,CREDIT,Refund
2022-02-13,Dominos,459.0,DEBIT,Restaurants
2022-02-13,NetMeds,917.0,DEBIT,Medical
2022-02-13,Amazon,524.0,DEBIT,Shopping
2022-02-13,Starbucks,368.0,DEBIT,Coffee Shops
2022-02-13,IRCTC,485.0,DEBIT,Transport
2022-02-13,Dominos,923.0,DEBIT,Restaurants
2022-02-13,Swiggy,1497.0,DEBIT,Restaurants
2022-02-14,Mumbai Metro,340.0,DEBIT,Transport
2022-02-14,Cafe Coffee Day,230.0,DEBIT,Coffee Shops
2022-02-14,Croma,3418.0,DEBIT,Shopping
2022-02-14,Third Wave Coffee,348.0,DEBIT,Coffee Shops
2022-02-15,Dominos,1029.0,DEBIT,Restaurants
2022-02-15,Mahanagar Gas,1652.0,DEBIT,Utilities
2022-02-15,Milk Subscription,760.0,DEBIT,Groceries
2022-02-15,Uber Ride,589.0,DEBIT,Transport
2022-02-16,Zomato,1324.0,DEBIT,Restaurants
2022-02-16,Donation,963.0,DEBIT,Miscellaneous
2022-02-16,Dominos,554.0,DEBIT,Restaurants
2022-02-17,Indian Oil,483.0,DEBIT,Transport
2022-02-17,Uber Ride,314.0,DEBIT,Transport
2022-02-17,JioCinema,238.0,DEBIT,Entertainment
2022-02-17,IRCTC,288.0,DEBIT,Transport
2022-02-18,Auto Rickshaw,441.0,DEBIT,Transport
2022-02-18,Local Grocery,432.0,DEBIT,Groceries
2022-02-18,Amazon,3055.0,DEBIT,Shopping
2022-02-18,Subway,1598.0,DEBIT,Restaurants
2022-02-18,Subway,1014.0,DEBIT,Restaurants
2022-02-18,IRCTC,424.0,DEBIT,Transport
2022-02-18,DMart,102.0,DEBIT,Groceries
2022-02-19,Laundry,983.0,DEBIT,Miscellaneous
2022-02-19,Zara,2849.0,DEBIT,Shopping
2022-02-19,DMart,609.0,DEBIT,Groceries
2022-02-19,Mumbai Metro,234.0,DEBIT,Transport
2022-02-19,Indian Oil,249.0,DEBIT,Transport
2022-02-20,Local Clinic Checkup,1813.0,DEBIT,Medical
2022-02-20,Subway,507.0,DEBIT,Restaurants
2022-02-20,Milk Subscription,119.0,DEBIT,Groceries
2022-02-20,Mumbai Metro,416.0,DEBIT,Transport
2022-02-20,Cafe Coffee Day,242.0,DEBIT,Coffee Shops
2022-02-20,Zepto,1137.0,DEBIT,Groceries
2022-02-21,Third Wave Coffee,486.0,DEBIT,Coffee Shops
2022-02-21,Amazon Fresh,562.0,DEBIT,Groceries
2022-02-21,HP Petrol Pump,383.0,DEBIT,Transport
2022-02-21,HP Petrol Pump,195.0,DEBIT,Transport
2022-02-22,Mumbai Metro,299.0,DEBIT,Transport
2022-02-22,Auto Rickshaw,260.0,DEBIT,Transport
2022-02-23,Blue Tokai,168.0,DEBIT,Coffee Shops
2022-02-27,Fiverr Payout,12476.0,CREDIT,Freelancing
2022-03-01,Salary Credit,104378.0,CREDIT,Salary
2022-03-01,Zepto,502.0,DEBIT,Groceries
2022-03-01,Milk Subscription,289.0,DEBIT,Groceries
2022-03-01,Ola Cab,565.0,DEBIT,Transport
2022-03-01,Dominos,1488.0,DEBIT,Restaurants
2022-03-01,BEST Bus Ticket,129.0,DEBIT,Transport
2022-03-01,McDonalds,656.0,DEBIT,Restaurants
2022-03-02,Monthly House Rent,22747.0,DEBIT,Rent
2022-03-02,BEST Bus Ticket,450.0,DEBIT,Transport
2022-03-02,Indian Oil,415.0,DEBIT,Transport
2022-03-02,HP Petrol Pump,85.0,DEBIT,Transport
2022-03-02,Cafe Coffee Day,173.0,DEBIT,Coffee Shops
2022-03-03,Reliance Fresh,798.0,DEBIT,Groceries
2022-03-03,Uber Ride,537.0,DEBIT,Transport
2022-03-03,IKEA India,1721.0,DEBIT,Shopping
2022-03-03,DMart,838.0,DEBIT,Groceries
2022-03-04,Ola Cab,311.0,DEBIT,Transport
2022-03-04,Local Grocery,795.0,DEBIT,Groceries
2022-03-04,Steam Game,895.0,DEBIT,Entertainment
2022-03-04,Zepto,278.0,DEBIT,Groceries
2022-03-04,Local Cafe,1500.0,DEBIT,Restaurants
2022-03-04,Blinkit,651.0,DEBIT,Groceries
2022-03-04,Reliance Fresh,755.0,DEBIT,Groceries
2022-03-05,Zomato,619.0,DEBIT,Restaurants
2022-03-05,IKEA India,3320.0,DEBIT,Shopping
2022-03-05,Local Cafe,953.0,DEBIT,Restaurants
2022-03-05,Mumbai Metro,289.0,DEBIT,Transport
2022-03-05,Blinkit,669.0,DEBIT,Groceries
2022-03-05,Myntra,2412.0,DEBIT,Shopping
2022-03-05,Mutual Fund SIP,6127.0,DEBIT,Investment
2022-03-05,Third Wave Coffee,449.0,DEBIT,Coffee Shops
2022-03-06,Subway,472.0,DEBIT,Restaurants
2022-03-06,IRCTC,337.0,DEBIT,Transport
2022-03-06,Electricity Board,1250.0,DEBIT,Utilities
2022-03-06,Dinner out,1591.0,DEBIT,Restaurants
2022-03-07,Bajaj Finserv EMI,8641.0,DEBIT,EMI
2022-03-07,HP Petrol Pump,356.0,DEBIT,Transport
2022-03-07,Blue Tokai,406.0,DEBIT,Coffee Shops
2022-03-07,Donation,990.0,DEBIT,Miscellaneous
2022-03-07,Milk Subscription,1173.0,DEBIT,Groceries
2022-03-07,Cafe Coffee Day,497.0,DEBIT,Coffee Shops
2022-03-07,Uber Ride,74.0,DEBIT,Transport
2022-03-08,Reliance Fresh,1130.0,DEBIT,Groceries
2022-03-08,Starbucks,194.0,DEBIT,Coffee Shops
2022-03-08,Auto Rickshaw,272.0,DEBIT,Transport
2022-03-08,Steam Game,490.0,DEBIT,Entertainment
2022-03-08,IRCTC,402.0,DEBIT,Transport
2022-03-08,Starbucks,193.0,DEBIT,Coffee Shops
2022-03-08,Blue Tokai,472.0,DEBIT,Coffee Shops
2022-03-09,Myntra,3355.0,DEBIT,Shopping
2022-03-09,Office Canteen Coffee,476.0,DEBIT,Coffee Shops
2022-03-09,Ola Cab (High Value),25146.0,DEBIT,Transport
2022-03-09,Croma,1517.0,DEBIT,Shopping
2022-03-09,IRCTC,227.0,DEBIT,Transport
2022-03-10,Decathlon,3107.0,DEBIT,Shopping
2022-03-10,Ajio,2337.0,DEBIT,Shopping
2022-03-10,DMart,278.0,DEBIT,Groceries
2022-03-10,Jio Fiber (High Value),28531.0,DEBIT,Utilities
2022-03-11,HP Petrol Pump,503.0,DEBIT,Transport
2022-03-11,Burger King,639.0,DEBIT,Restaurants
2022-03-11,Local Grocery,823.0,DEBIT,Groceries
2022-03-11,Reliance Fresh,613.0,DEBIT,Groceries
2022-03-11,DMart,756.0,DEBIT,Groceries
2022-03-12,Blue Tokai,461.0,DEBIT,Coffee Shops
2022-03-12,Local Grocery,306.0,DEBIT,Groceries
2022-03-12,Gym Subscription,419.0,DEBIT,Miscellaneous
2022-03-12,Mumbai Metro,316.0,DEBIT,Transport
2022-03-12,IRCTC,475.0,DEBIT,Transport
2022-03-12,Amazon Fresh,880.0,DEBIT,Groceries
2022-03-13,Local Grocery,1072.0,DEBIT,Groceries
2022-03-13,HP Petrol Pump,351.0,DEBIT,Transport
2022-03-13,Mahanagar Gas,1947.0,DEBIT,Utilities
2022-03-18,Ola Cab,65.0,DEBIT,Transport
2022-03-21,Amazon Pay Reward,141.0,CREDIT,Cashback
2022-03-29,Uber Ride,34.0,DEBIT,Transport
2022-03-30,Amazon Pay Reward,91.0,CREDIT,Cashback
2022-04-01,Salary Credit,106049.0,CREDIT,Salary
2022-04-01,Cafe Coffee Day,435.0,DEBIT,Coffee Shops
2022-04-01,Reliance Fresh,494.0,DEBIT,Groceries
2022-04-01,Indian Oil,375.0,DEBIT,Transport
2022-04-01,Indian Oil,49.0,DEBIT,Transport
2022-04-02,Jio Fiber,864.0,DEBIT,Utilities
2022-04-02,Reliance Fresh,667.0,DEBIT,Groceries
2022-04-02,Milk Subscription,627.0,DEBIT,Groceries
2022-04-02,BigBasket,852.0,DEBIT,Groceries
2022-04-02,Blinkit,935.0,DEBIT,Groceries
2022-04-02,Child Care,834.0,DEBIT,Miscellaneous
2022-04-02,Monthly House Rent,24457.0,DEBIT,Rent
2022-04-03,Milk Subscription,946.0,DEBIT,Groceries
2022-04-03,INOX,728.0,DEBIT,Entertainment
2022-04-03,Ola Cab,582.0,DEBIT,Transport
2022-04-03,IRCTC,274.0,DEBIT,Transport
2022-04-04,Auto Rickshaw,525.0,DEBIT,Transport
2022-04-04,Air India,3538.0,DEBIT,Travel
2022-04-04,Uber Ride,514.0,DEBIT,Transport
2022-04-04,Uber Ride,543.0,DEBIT,Transport
2022-04-05,Zerodha Funds,8926.0,DEBIT,Investment
2022-04-05,Starbucks,402.0,DEBIT,Coffee Shops
2022-04-05,IKEA India,3932.0,DEBIT,Shopping
2022-04-05,Office Canteen Coffee,291.0,DEBIT,Coffee Shops
2022-04-05,Reliance Fresh,719.0,DEBIT,Groceries
2022-04-06,BEST Bus Ticket,524.0,DEBIT,Transport
2022-04-06,Uber Ride,295.0,DEBIT,Transport
2022-04-06,Cafe Coffee Day,247.0,DEBIT,Coffee Shops
2022-04-06,IRCTC,550.0,DEBIT,Transport
2022-04-07,Cafe Coffee Day,376.0,DEBIT,Coffee Shops
2022-04-07,Myntra,3743.0,DEBIT,Shopping
2022-04-07,Ola Cab,121.0,DEBIT,Transport
2022-04-07,Credit Card Bill,9536.0,DEBIT,EMI
2022-04-07,HP Petrol Pump,163.0,DEBIT,Transport
2022-04-08,HP Petrol Pump,213.0,DEBIT,Transport
2022-04-08,DMart,201.0,DEBIT,Groceries
2022-04-08,Ajio,1869.0,DEBIT,Shopping
2022-04-08,BigBasket,495.0,DEBIT,Groceries
2022-04-09,Subway,1676.0,DEBIT,Restaurants
2022-04-09,Local Clinic Checkup,2328.0,DEBIT,Medical
2022-04-09,Blue Tokai,339.0,DEBIT,Coffee Shops
2022-04-09,Dominos,810.0,DEBIT,Restaurants
2022-04-09,Ola Cab,379.0,DEBIT,Transport
2022-04-09,Uber Ride,234.0,DEBIT,Transport
2022-04-10,Ola Cab,534.0,DEBIT,Transport
2022-04-10,Dinner out,1624.0,DEBIT,Restaurants
2022-04-10,Croma,3852.0,DEBIT,Shopping
2022-04-10,Uber Ride,328.0,DEBIT,Transport
2022-04-10,Milk Subscription,490.0,DEBIT,Groceries
2022-04-10,Steam Game,805.0,DEBIT,Entertainment
2022-04-10,Auto Rickshaw,518.0,DEBIT,Transport
2022-04-11,Dinner out,1606.0,DEBIT,Restaurants
2022-04-11,Office Canteen Coffee,421.0,DEBIT,Coffee Shops
2022-04-11,Mumbai Metro,568.0,DEBIT,Transport
2022-04-11,Local Grocery,193.0,DEBIT,Groceries
2022-04-11,Zepto,275.0,DEBIT,Groceries
2022-04-11,Auto Rickshaw,236.0,DEBIT,Transport
2022-04-11,Milk Subscription,925.0,DEBIT,Groceries
2022-04-12,Office Canteen Coffee,463.0,DEBIT,Coffee Shops
2022-04-12,Blinkit,306.0,DEBIT,Groceries
2022-04-12,Air India,4536.0,DEBIT,Travel
2022-04-12,Ola Cab,207.0,DEBIT,Transport
2022-04-12,Zomato,978.0,DEBIT,Restaurants
2022-04-12,Reliance Fresh,525.0,DEBIT,Groceries
2022-04-12,GPay Cashback,172.0,CREDIT,Cashback
2022-04-13,Decathlon,1648.0,DEBIT,Shopping
2022-04-13,Myntra Return Refund,232.0,CREDIT,Refund
2022-04-13,PVR Cinemas,885.0,DEBIT,Entertainment
2022-04-13,Zomato,383.0,DEBIT,Restaurants
2022-04-13,Amazon,3085.0,DEBIT,Shopping
2022-04-13,Adani Electricity,1389.0,DEBIT,Utilities
2022-04-14,Subway,704.0,DEBIT,Restaurants
2022-04-14,Zomato,1151.0,DEBIT,Restaurants
2022-04-14,JioCinema,453.0,DEBIT,Entertainment
2022-04-14,Indian Oil,307.0,DEBIT,Transport
2022-04-14,McDonalds,530.0,DEBIT,Restaurants
2022-04-14,Starbucks,347.0,DEBIT,Coffee Shops
2022-04-14,Amazon Fresh,1090.0,DEBIT,Groceries
2022-04-15,Ajio,1335.0,DEBIT,Shopping
2022-04-15,Swiggy,1643.0,DEBIT,Restaurants
2022-04-15,Auto Rickshaw,144.0,DEBIT,Transport
2022-04-15,Steam Game,632.0,DEBIT,Entertainment
2022-04-15,Local Grocery,1048.0,DEBIT,Groceries
2022-04-16,Subway,648.0,DEBIT,Restaurants
2022-04-16,Third Wave Coffee,307.0,DEBIT,Coffee Shops
2022-04-16,Amazon Fresh,144.0,DEBIT,Groceries
2022-04-16,Water Bill,1469.0,DEBIT,Utilities
2022-04-17,Amazon Fresh,1056.0,DEBIT,Groceries
2022-04-17,Flipkart,2842.0,DEBIT,Shopping
2022-04-17,Mahanagar Gas,455.0,DEBIT,Utilities
2022-04-17,IRCTC,328.0,DEBIT,Transport
2022-04-17,INOX,734.0,DEBIT,Entertainment
2022-04-17,DMart,940.0,DEBIT,Groceries
2022-04-18,Indian Oil,451.0,DEBIT,Transport
2022-04-18,Taj Hotel,4186.0,DEBIT,Travel
2022-04-18,Blinkit,683.0,DEBIT,Groceries
2022-04-18,IRCTC (High Value),15283.0,DEBIT,Transport
2022-04-18,Ola Cab,469.0,DEBIT,Transport
2022-04-19,HP Petrol Pump,354.0,DEBIT,Transport
2022-04-19,Blinkit,987.0,DEBIT,Groceries
2022-04-19,IRCTC,420.0,DEBIT,Transport
2022-04-19,Auto Rickshaw,238.0,DEBIT,Transport
2022-04-19,BEST Bus Ticket,107.0,DEBIT,Transport
2022-04-21,Indian Oil,75.0,DEBIT,Transport
2022-05-01,Monthly Paycheck,91054.0,CREDIT,Salary
2022-05-01,BEST Bus Ticket,373.0,DEBIT,Transport
2022-05-01,Mumbai Metro,570.0,DEBIT,Transport
2022-05-01,Airtel Postpaid,1619.0,DEBIT,Utilities
2022-05-01,Croma,1783.0,DEBIT,Shopping
2022-05-01,Netflix Subscription,586.0,DEBIT,Entertainment
2022-05-02,Croma,1579.0,DEBIT,Shopping
2022-05-02,Local Cafe,997.0,DEBIT,Restaurants
2022-05-02,DMart,524.0,DEBIT,Groceries
2022-05-02,DMart,1056.0,DEBIT,Groceries
2022-05-02,Cafe Coffee Day,376.0,DEBIT,Coffee Shops
2022-05-02,Apartment Maintenance,20806.0,DEBIT,Rent
2022-05-02,Blinkit,103.0,DEBIT,Groceries
2022-05-03,Flipkart,639.0,DEBIT,Shopping
2022-05-03,Amazon,1205.0,DEBIT,Shopping
2022-05-03,McDonalds,761.0,DEBIT,Restaurants
2022-05-03,BSNL Broadband,1105.0,DEBIT,Utilities
2022-05-03,Auto Rickshaw,408.0,DEBIT,Transport
2022-05-04,Local Grocery,899.0,DEBIT,Groceries
2022-05-04,Zomato,1662.0,DEBIT,Restaurants
2022-05-04,Cafe Coffee Day,184.0,DEBIT,Coffee Shops
2022-05-04,Luxury Dominos,23309.0,DEBIT,Restaurants
2022-05-04,BigBasket,928.0,DEBIT,Groceries
2022-05-04,BigBasket,1154.0,DEBIT,Groceries
2022-05-05,DMart,340.0,DEBIT,Groceries
2022-05-05,Mumbai Metro,561.0,DEBIT,Transport
2022-05-05,Zepto,1114.0,DEBIT,Groceries
2022-05-05,Airtel Postpaid,664.0,DEBIT,Utilities
2022-05-05,Dominos,406.0,DEBIT,Restaurants
2022-05-05,Groww SIP,6989.0,DEBIT,Investment
2022-05-05,McDonalds,1469.0,DEBIT,Restaurants
2022-05-05,DMart,589.0,DEBIT,Groceries
2022-05-06,Donation,360.0,DEBIT,Miscellaneous
2022-05-06,Amazon Fresh,785.0,DEBIT,Groceries
2022-05-06,IRCTC,79.0,DEBIT,Transport
2022-05-06,Local Grocery,1034.0,DEBIT,Groceries
2022-05-06,Local Grocery,758.0,DEBIT,Groceries
2022-05-07,Bajaj Finserv EMI,7505.0,DEBIT,EMI
2022-05-07,DMart,1011.0,DEBIT,Groceries
2022-05-07,Blinkit,578.0,DEBIT,Groceries
2022-05-07,Mumbai Metro (High Value),28518.0,DEBIT,Transport
2022-05-07,Zepto,207.0,DEBIT,Groceries
2022-05-08,Amazon Fresh,347.0,DEBIT,Groceries
2022-05-08,Uber Ride,519.0,DEBIT,Transport
2022-05-08,Auto Rickshaw,448.0,DEBIT,Transport
2022-05-08,Water Bill,1220.0,DEBIT,Utilities
2022-05-08,Office Canteen Coffee,252.0,DEBIT,Coffee Shops
2022-05-08,Uber Ride,37.0,DEBIT,Transport
2022-05-09,Auto Rickshaw,564.0,DEBIT,Transport
2022-05-09,Netflix Subscription,867.0,DEBIT,Entertainment
2022-05-09,Uber Ride,403.0,DEBIT,Transport
2022-05-09,Indian Oil,135.0,DEBIT,Transport
2022-05-09,IRCTC,250.0,DEBIT,Transport
2022-05-10,Dinner out,1630.0,DEBIT,Restaurants
2022-05-10,Swiggy,1246.0,DEBIT,Restaurants
2022-05-10,Child Care,914.0,DEBIT,Miscellaneous
2022-05-10,Cafe Coffee Day,438.0,DEBIT,Coffee Shops
2022-05-11,Milk Subscription,152.0,DEBIT,Groceries
2022-05-11,INOX,843.0,DEBIT,Entertainment
2022-05-11,Blinkit,689.0,DEBIT,Groceries
2022-05-11,Swiggy,1447.0,DEBIT,Restaurants
2022-05-11,Local Grocery,617.0,DEBIT,Groceries
2022-05-11,Blinkit,457.0,DEBIT,Groceries
2022-05-11,JioCinema,882.0,DEBIT,Entertainment
2022-05-12,Auto Rickshaw,539.0,DEBIT,Transport
2022-05-12,Flipkart,2876.0,DEBIT,Shopping
2022-05-12,Indian Oil,402.0,DEBIT,Transport
2022-05-12,Mumbai Metro,351.0,DEBIT,Transport
2022-05-12,Ola Cab,560.0,DEBIT,Transport
2022-05-13,Milk Subscription,1035.0,DEBIT,Groceries
2022-05-13,Flipkart,3108.0,DEBIT,Shopping
2022-05-13,Local Grocery,1069.0,DEBIT,Groceries
2022-05-13,Starbucks,218.0,DEBIT,Coffee Shops
2022-05-14,Milk Subscription,291.0,DEBIT,Groceries
2022-05-14,Subway,663.0,DEBIT,Restaurants
2022-05-14,McDonalds,365.0,DEBIT,Restaurants
2022-05-14,Milk Subscription,784.0,DEBIT,Groceries
2022-05-14,Uber Ride,581.0,DEBIT,Transport
2022-05-15,Third Wave Coffee,411.0,DEBIT,Coffee Shops
2022-05-15,Amazon Fresh,219.0,DEBIT,Groceries
2022-05-15,Milk Subscription,380.0,DEBIT,Groceries
2022-05-15,Local Cafe,940.0,DEBIT,Restaurants
2022-05-16,Blue Tokai,187.0,DEBIT,Coffee Shops
2022-05-27,Indian Oil,47.0,DEBIT,Transport
2022-06-01,HP Petrol Pump,479.0,DEBIT,Transport
2022-06-01,Office Canteen Coffee,183.0,DEBIT,Coffee Shops
2022-06-01,Subway,1672.0,DEBIT,Restaurants
2022-06-01,BEST Bus Ticket,490.0,DEBIT,Transport
2022-06-01,Monthly Salary,109365.0,CREDIT,Salary
2022-06-02,Amazon Fresh,241.0,DEBIT,Groceries
2022-06-02,Zomato Refund,826.0,CREDIT,Refund
2022-06-02,Indian Oil,397.0,DEBIT,Transport
2022-06-02,Amazon Fresh,419.0,DEBIT,Groceries
2022-06-02,HP Petrol Pump,386.0,DEBIT,Transport
2022-06-02,Landlord Transfer,21765.0,DEBIT,Rent
2022-06-02,Steam Game,186.0,DEBIT,Entertainment
2022-06-02,BigBasket,150.0,DEBIT,Groceries
2022-06-03,Adani Electricity,1848.0,DEBIT,Utilities
2022-06-03,Indian Oil,559.0,DEBIT,Transport
2022-06-03,Zepto,181.0,DEBIT,Groceries
2022-06-03,Flipkart,1512.0,DEBIT,Shopping
2022-06-03,Local Cafe,826.0,DEBIT,Restaurants
2022-06-03,Adani Electricity,1777.0,DEBIT,Utilities
2022-06-03,Health Insurance Premium,1398.0,DEBIT,Medical
2022-06-04,Amazon Fresh,865.0,DEBIT,Groceries
2022-06-04,BigBasket,413.0,DEBIT,Groceries
2022-06-04,BigBasket,967.0,DEBIT,Groceries
2022-06-04,Third Wave Coffee,192.0,DEBIT,Coffee Shops
2022-06-04,Dominos,566.0,DEBIT,Restaurants
2022-06-04,Blinkit,1005.0,DEBIT,Groceries
2022-06-04,Myntra,2390.0,DEBIT,Shopping
2022-06-05,Groww SIP,8990.0,DEBIT,Investment
2022-06-05,Zomato,1255.0,DEBIT,Restaurants
2022-06-05,IRCTC,303.0,DEBIT,Transport
2022-06-05,Health Insurance Premium,1780.0,DEBIT,Medical
2022-06-05,BigBasket,749.0,DEBIT,Groceries
2022-06-05,BEST Bus Ticket,150.0,DEBIT,Transport
2022-06-05,Indian Oil,326.0,DEBIT,Transport
2022-06-06,Starbucks,458.0,DEBIT,Coffee Shops
2022-06-06,Dinner out,219.0,DEBIT,Restaurants
2022-06-06,Auto Rickshaw,502.0,DEBIT,Transport
2022-06-06,Milk Subscription,954.0,DEBIT,Groceries
2022-06-06,Dinner out,250.0,DEBIT,Restaurants
2022-06-06,Auto Rickshaw,30.0,DEBIT,Transport
2022-06-07,HDFC Auto Loan,9474.0,DEBIT,EMI
2022-06-07,Ola Cab,345.0,DEBIT,Transport
2022-06-07,Ola Cab,304.0,DEBIT,Transport
2022-06-07,IKEA India,2338.0,DEBIT,Shopping
2022-06-07,Amazon Fresh,483.0,DEBIT,Groceries
2022-06-07,BookMyShow,633.0,DEBIT,Entertainment
2022-06-08,Client Payment,7286.0,CREDIT,Freelancing
2022-06-08,Gym Subscription,726.0,DEBIT,Miscellaneous
2022-06-08,Blue Tokai,321.0,DEBIT,Coffee Shops
2022-06-08,Zepto,1097.0,DEBIT,Groceries
2022-06-08,Blinkit,975.0,DEBIT,Groceries
2022-06-08,Croma,1760.0,DEBIT,Shopping
2022-06-08,Blinkit,603.0,DEBIT,Groceries
2022-06-09,McDonalds,1636.0,DEBIT,Restaurants
2022-06-09,Milk Subscription,697.0,DEBIT,Groceries
2022-06-09,McDonalds,509.0,DEBIT,Restaurants
2022-06-09,Local Grocery,1170.0,DEBIT,Groceries
2022-06-09,Gym Subscription,958.0,DEBIT,Miscellaneous
2022-06-09,IKEA India,2575.0,DEBIT,Shopping
2022-06-10,Zepto,287.0,DEBIT,Groceries
2022-06-10,Cafe Coffee Day,210.0,DEBIT,Coffee Shops
2022-06-10,Starbucks,183.0,DEBIT,Coffee Shops
2022-06-10,Amazon Fresh,245.0,DEBIT,Groceries
2022-06-10,Zepto,940.0,DEBIT,Groceries
2022-06-10,Cafe Coffee Day,408.0,DEBIT,Coffee Shops
2022-06-11,DMart,281.0,DEBIT,Groceries
2022-06-11,Uber Ride,194.0,DEBIT,Transport
2022-06-11,Zara,789.0,DEBIT,Shopping
2022-06-11,Office Canteen Coffee,271.0,DEBIT,Coffee Shops
2022-06-12,Third Wave Coffee,399.0,DEBIT,Coffee Shops
2022-06-12,PVR Cinemas,828.0,DEBIT,Entertainment
2022-06-12,Netflix Subscription,176.0,DEBIT,Entertainment
2022-06-12,Reliance Fresh,301.0,DEBIT,Groceries
2022-06-13,IRCTC,501.0,DEBIT,Transport
2022-06-13,BigBasket,395.0,DEBIT,Groceries
2022-06-13,Indian Oil,205.0,DEBIT,Transport
2022-06-13,HP Petrol Pump,72.0,DEBIT,Transport
2022-06-13,Blue Tokai,392.0,DEBIT,Coffee Shops
2022-06-13,Local Grocery,972.0,DEBIT,Groceries
2022-06-14,Zepto,456.0,DEBIT,Groceries
2022-06-14,Decathlon,3172.0,DEBIT,Shopping
2022-06-14,Third Wave Coffee,152.0,DEBIT,Coffee Shops
2022-06-14,Blinkit,202.0,DEBIT,Groceries
2022-06-14,BigBasket,734.0,DEBIT,Groceries
2022-06-14,Cafe Coffee Day,422.0,DEBIT,Coffee Shops
2022-06-14,BEST Bus Ticket,247.0,DEBIT,Transport
2022-06-15,Third Wave Coffee,285.0,DEBIT,Coffee Shops
2022-06-15,Amazon Fresh,92.0,DEBIT,Groceries
2022-06-15,BigBasket,450.0,DEBIT,Groceries
2022-06-15,Reliance Fresh,668.0,DEBIT,Groceries
2022-06-15,Reliance Fresh,694.0,DEBIT,Groceries
2022-06-16,Local Clinic Checkup,1188.0,DEBIT,Medical
2022-06-16,Swiggy,1131.0,DEBIT,Restaurants
2022-06-16,Indian Oil,299.0,DEBIT,Transport
2022-06-16,Swiggy,542.0,DEBIT,Restaurants
2022-06-16,JioCinema,744.0,DEBIT,Entertainment
2022-06-16,Mumbai Metro,82.0,DEBIT,Transport
2022-06-17,HP Petrol Pump,416.0,DEBIT,Transport
2022-06-17,Amazon Refund,988.0,CREDIT,Refund
2022-06-17,Reliance Digital,3001.0,DEBIT,Shopping
2022-06-17,Zara,2723.0,DEBIT,Shopping
2022-06-17,IRCTC,85.0,DEBIT,Transport
2022-06-17,IRCTC,229.0,DEBIT,Transport
2022-06-17,Myntra,3730.0,DEBIT,Shopping
2022-06-17,IKEA India,1439.0,DEBIT,Shopping
2022-06-18,Luxury Zara,16777.0,DEBIT,Shopping
2022-06-18,PVR Cinemas,521.0,DEBIT,Entertainment
2022-06-18,Local Clinic Checkup,2237.0,DEBIT,Medical
2022-06-18,Amazon Fresh,213.0,DEBIT,Groceries
2022-06-19,Amazon,711.0,DEBIT,Shopping
2022-06-19,BigBasket,1114.0,DEBIT,Groceries
2022-06-19,BSNL Broadband,1471.0,DEBIT,Utilities
2022-06-19,Uber Ride,34.0,DEBIT,Transport
2022-06-19,BSNL Broadband,1818.0,DEBIT,Utilities
2022-06-19,Milk Subscription,989.0,DEBIT,Groceries
2022-06-19,Water Bill,2000.0,DEBIT,Utilities
2022-06-20,Burger King,1657.0,DEBIT,Restaurants
2022-06-20,Milk Subscription,478.0,DEBIT,Groceries
2022-06-22,Myntra Return Refund,314.0,CREDIT,Refund
2022-06-23,Zepto,261.0,DEBIT,Groceries
2022-07-01,Zomato,241.0,DEBIT,Restaurants
2022-07-01,BigBasket,467.0,DEBIT,Groceries
2022-07-01,Dominos,409.0,DEBIT,Restaurants
2022-07-01,Ola Cab,65.0,DEBIT,Transport
2022-07-01,Reliance Fresh,1042.0,DEBIT,Groceries
2022-07-01,TechCorp Payroll,92373.0,CREDIT,Salary
2022-07-01,HP Petrol Pump,103.0,DEBIT,Transport
2022-07-02,Monthly House Rent,22834.0,DEBIT,Rent
2022-07-02,BigBasket,919.0,DEBIT,Groceries
2022-07-02,Water Bill,851.0,DEBIT,Utilities
2022-07-02,Myntra,3395.0,DEBIT,Shopping
2022-07-02,Indian Oil,66.0,DEBIT,Transport
2022-07-03,Amazon,2530.0,DEBIT,Shopping
2022-07-03,Freelance Gig,11856.0,CREDIT,Freelancing
2022-07-03,Burger King,1226.0,DEBIT,Restaurants
2022-07-03,Mumbai Metro,330.0,DEBIT,Transport
2022-07-03,Ajio,3838.0,DEBIT,Shopping
2022-07-03,Gift,597.0,DEBIT,Miscellaneous
2022-07-04,IRCTC,312.0,DEBIT,Transport
2022-07-04,Burger King,1036.0,DEBIT,Restaurants
2022-07-04,Swiggy,1634.0,DEBIT,Restaurants
2022-07-04,DMart,933.0,DEBIT,Groceries
2022-07-04,Blinkit,250.0,DEBIT,Groceries
2022-07-04,Uber Ride,138.0,DEBIT,Transport
2022-07-05,Cafe Coffee Day,291.0,DEBIT,Coffee Shops
2022-07-05,Zepto,587.0,DEBIT,Groceries
2022-07-05,Jio Fiber,513.0,DEBIT,Utilities
2022-07-05,Gift,265.0,DEBIT,Miscellaneous
2022-07-05,BEST Bus Ticket,211.0,DEBIT,Transport
2022-07-05,PVR Cinemas,499.0,DEBIT,Entertainment
2022-07-05,Gold Purchase,7501.0,DEBIT,Investment
2022-07-05,Burger King,1625.0,DEBIT,Restaurants
2022-07-06,Cafe Coffee Day,188.0,DEBIT,Coffee Shops
2022-07-06,Uber Ride,325.0,DEBIT,Transport
2022-07-06,Oyo Rooms,2698.0,DEBIT,Travel
2022-07-06,Blinkit,1148.0,DEBIT,Groceries
2022-07-06,HP Petrol Pump (High Value),23891.0,DEBIT,Transport
2022-07-06,Laundry,502.0,DEBIT,Miscellaneous
2022-07-06,Decathlon,1668.0,DEBIT,Shopping
2022-07-07,Personal Loan EMI,7934.0,DEBIT,EMI
2022-07-07,Pet Care,647.0,DEBIT,Miscellaneous
2022-07-07,Ajio,3762.0,DEBIT,Shopping
2022-07-07,Swiggy,1198.0,DEBIT,Restaurants
2022-07-07,Myntra,656.0,DEBIT,Shopping
2022-07-07,BEST Bus Ticket,159.0,DEBIT,Transport
2022-07-07,BEST Bus Ticket,66.0,DEBIT,Transport
2022-07-07,Milk Subscription,1108.0,DEBIT,Groceries
2022-07-08,Subway,667.0,DEBIT,Restaurants
2022-07-08,Health Insurance Premium,2212.0,DEBIT,Medical
2022-07-08,Local Grocery,765.0,DEBIT,Groceries
2022-07-08,Uber Ride,75.0,DEBIT,Transport
2022-07-08,Decathlon,3289.0,DEBIT,Shopping
2022-07-09,Mumbai Metro,107.0,DEBIT,Transport
2022-07-09,Zepto,685.0,DEBIT,Groceries
2022-07-09,BEST Bus Ticket,279.0,DEBIT,Transport
2022-07-09,DMart,946.0,DEBIT,Groceries
2022-07-09,Mumbai Metro,215.0,DEBIT,Transport
2022-07-09,IKEA India,3105.0,DEBIT,Shopping
2022-07-09,Local Grocery,885.0,DEBIT,Groceries
2022-07-10,Spotify Premium,847.0,DEBIT,Entertainment
2022-07-10,Child Care,795.0,DEBIT,Miscellaneous
2022-07-10,Third Wave Coffee,250.0,DEBIT,Coffee Shops
2022-07-10,Apollo Pharmacy,1869.0,DEBIT,Medical
2022-07-11,Mumbai Metro,483.0,DEBIT,Transport
2022-07-11,Blue Tokai,271.0,DEBIT,Coffee Shops
2022-07-11,Burger King,841.0,DEBIT,Restaurants
2022-07-11,Uber Ride,332.0,DEBIT,Transport
2022-07-11,Milk Subscription,850.0,DEBIT,Groceries
2022-07-12,HP Petrol Pump,469.0,DEBIT,Transport
2022-07-12,IKEA India,2383.0,DEBIT,Shopping
2022-07-12,Burger King,1029.0,DEBIT,Restaurants
2022-07-12,Zomato,1596.0,DEBIT,Restaurants
2022-07-12,Auto Rickshaw,309.0,DEBIT,Transport
2022-07-12,BSNL Broadband,942.0,DEBIT,Utilities
2022-07-12,Oyo Rooms,2434.0,DEBIT,Travel
2022-07-13,Indian Oil,370.0,DEBIT,Transport
2022-07-13,Flipkart,960.0,DEBIT,Shopping
2022-07-13,Third Wave Coffee,168.0,DEBIT,Coffee Shops
2022-07-13,Amazon Fresh,1084.0,DEBIT,Groceries
2022-07-13,IKEA India,1590.0,DEBIT,Shopping
2022-07-13,Local Grocery,961.0,DEBIT,Groceries
2022-07-14,Zara,1723.0,DEBIT,Shopping
2022-07-14,Cafe Coffee Day,357.0,DEBIT,Coffee Shops
2022-07-14,Ola Cab,530.0,DEBIT,Transport
2022-07-14,BEST Bus Ticket,416.0,DEBIT,Transport
2022-07-14,Third Wave Coffee,335.0,DEBIT,Coffee Shops
2022-07-14,JioCinema,783.0,DEBIT,Entertainment
2022-07-14,Amazon,2405.0,DEBIT,Shopping
2022-07-15,Dinner out,871.0,DEBIT,Restaurants
2022-07-15,Reliance Digital,1906.0,DEBIT,Shopping
2022-07-15,Milk Subscription,624.0,DEBIT,Groceries
2022-07-15,Third Wave Coffee,238.0,DEBIT,Coffee Shops
2022-07-19,BEST Bus Ticket,53.0,DEBIT,Transport
2022-08-01,Monthly Paycheck,107303.0,CREDIT,Salary
2022-08-01,Indian Oil,65.0,DEBIT,Transport
2022-08-01,Reliance Fresh,471.0,DEBIT,Groceries
2022-08-01,IRCTC,192.0,DEBIT,Transport
2022-08-01,Reliance Fresh,708.0,DEBIT,Groceries
2022-08-01,IRCTC,416.0,DEBIT,Transport
2022-08-01,Local Grocery,1138.0,DEBIT,Groceries
2022-08-02,Third Wave Coffee,420.0,DEBIT,Coffee Shops
2022-08-02,IRCTC,458.0,DEBIT,Transport
2022-08-02,Blinkit,234.0,DEBIT,Groceries
2022-08-02,Dominos,1632.0,DEBIT,Restaurants
2022-08-02,Mumbai Metro,170.0,DEBIT,Transport
2022-08-02,Monthly House Rent,20802.0,DEBIT,Rent
2022-08-03,Zepto,372.0,DEBIT,Groceries
2022-08-03,Decathlon,3723.0,DEBIT,Shopping
2022-08-03,McDonalds,1689.0,DEBIT,Restaurants
2022-08-03,Auto Rickshaw,385.0,DEBIT,Transport
2022-08-04,Spotify Premium,840.0,DEBIT,Entertainment
2022-08-04,Milk Subscription,671.0,DEBIT,Groceries
2022-08-04,Blinkit,873.0,DEBIT,Groceries
2022-08-04,Reliance Fresh,632.0,DEBIT,Groceries
2022-08-04,Cafe Coffee Day,151.0,DEBIT,Coffee Shops
2022-08-04,Adani Electricity,1222.0,DEBIT,Utilities
2022-08-05,Local Grocery,624.0,DEBIT,Groceries
2022-08-05,Dinner out,1134.0,DEBIT,Restaurants
2022-08-05,PPF Deposit,9792.0,DEBIT,Investment
2022-08-05,Amazon Fresh,761.0,DEBIT,Groceries
2022-08-05,Ola Cab,493.0,DEBIT,Transport
2022-08-06,Uber Ride,38.0,DEBIT,Transport
2022-08-06,Taj Hotel,5124.0,DEBIT,Travel
2022-08-06,Local Grocery,540.0,DEBIT,Groceries
2022-08-06,Third Wave Coffee,339.0,DEBIT,Coffee Shops
2022-08-06,JioCinema,241.0,DEBIT,Entertainment
2022-08-07,Personal Loan EMI,6791.0,DEBIT,EMI
2022-08-07,Reliance Digital,2617.0,DEBIT,Shopping
2022-08-07,Decathlon,2358.0,DEBIT,Shopping
2022-08-07,IKEA India,1770.0,DEBIT,Shopping
2022-08-07,Amazon Fresh,623.0,DEBIT,Groceries
2022-08-07,Luxury Reliance Digital,26641.0,DEBIT,Shopping
2022-08-07,Zepto,1130.0,DEBIT,Groceries
2022-08-08,Luxury MakeMyTrip,28848.0,DEBIT,Travel
2022-08-08,Ola Cab,172.0,DEBIT,Transport
2022-08-08,BigBasket,672.0,DEBIT,Groceries
2022-08-08,Zepto,519.0,DEBIT,Groceries
2022-08-09,IKEA India,1416.0,DEBIT,Shopping
2022-08-09,BEST Bus Ticket,548.0,DEBIT,Transport
2022-08-09,Uber Ride,467.0,DEBIT,Transport
2022-08-09,Netflix Subscription,464.0,DEBIT,Entertainment
2022-08-09,NetMeds,1939.0,DEBIT,Medical
2022-08-09,Indian Oil,110.0,DEBIT,Transport
2022-08-10,Starbucks,303.0,DEBIT,Coffee Shops
2022-08-10,Local Grocery,769.0,DEBIT,Groceries
2022-08-10,Zomato,1150.0,DEBIT,Restaurants
2022-08-10,Jio Fiber,1856.0,DEBIT,Utilities
2022-08-10,Third Wave Coffee,408.0,DEBIT,Coffee Shops
2022-08-11,Blinkit,905.0,DEBIT,Groceries
2022-08-11,Cafe Coffee Day,168.0,DEBIT,Coffee Shops
2022-08-11,IRCTC,513.0,DEBIT,Transport
2022-08-11,BEST Bus Ticket,45.0,DEBIT,Transport
2022-08-11,Blinkit,682.0,DEBIT,Groceries
2022-08-11,BigBasket,1115.0,DEBIT,Groceries
2022-08-12,Auto Rickshaw,479.0,DEBIT,Transport
2022-08-12,Milk Subscription,512.0,DEBIT,Groceries
2022-08-12,Health Insurance Premium,1089.0,DEBIT,Medical
2022-08-12,Reliance Fresh,794.0,DEBIT,Groceries
2022-08-13,Subway,347.0,DEBIT,Restaurants
2022-08-13,Mumbai Metro,256.0,DEBIT,Transport
2022-08-15,Auto Rickshaw,74.0,DEBIT,Transport
2022-08-19,Milk Subscription,90.0,DEBIT,Groceries
2022-09-01,Monthly Paycheck,90565.0,CREDIT,Salary
2022-09-01,Decathlon,2135.0,DEBIT,Shopping
2022-09-01,Zomato,1128.0,DEBIT,Restaurants
2022-09-01,Swiggy,925.0,DEBIT,Restaurants
2022-09-01,Cafe Coffee Day,232.0,DEBIT,Coffee Shops
2022-09-02,Apartment Maintenance,21592.0,DEBIT,Rent
2022-09-02,Ajio,1894.0,DEBIT,Shopping
2022-09-02,Zepto,1088.0,DEBIT,Groceries
2022-09-02,Swiggy,435.0,DEBIT,Restaurants
2022-09-02,Dominos,369.0,DEBIT,Restaurants
2022-09-02,IRCTC,120.0,DEBIT,Transport
2022-09-03,Reliance Fresh,199.0,DEBIT,Groceries
2022-09-03,Airtel Postpaid,684.0,DEBIT,Utilities
2022-09-03,BigBasket,1116.0,DEBIT,Groceries
2022-09-03,DMart,244.0,DEBIT,Groceries
2022-09-03,Auto Rickshaw,394.0,DEBIT,Transport
2022-09-03,Auto Rickshaw,134.0,DEBIT,Transport
2022-09-03,Tata 1mg,692.0,DEBIT,Medical
2022-09-04,Reliance Fresh,298.0,DEBIT,Groceries
2022-09-04,Office Canteen Coffee,227.0,DEBIT,Coffee Shops
2022-09-04,Ola Cab,351.0,DEBIT,Transport
2022-09-04,Auto Rickshaw,82.0,DEBIT,Transport
2022-09-04,Local Grocery,933.0,DEBIT,Groceries
2022-09-05,BEST Bus Ticket,421.0,DEBIT,Transport
2022-09-05,Auto Rickshaw,229.0,DEBIT,Transport
2022-09-05,Ola Cab,34.0,DEBIT,Transport
2022-09-05,Dinner out,1577.0,DEBIT,Restaurants
2022-09-05,Gold Purchase,8867.0,DEBIT,Investment
2022-09-05,Zepto,580.0,DEBIT,Groceries
2022-09-06,Uber Ride,479.0,DEBIT,Transport
2022-09-06,HP Petrol Pump,450.0,DEBIT,Transport
2022-09-06,Ajio,3078.0,DEBIT,Shopping
2022-09-06,Mumbai Metro,574.0,DEBIT,Transport
2022-09-07,Steam Game,601.0,DEBIT,Entertainment
2022-09-07,BigBasket,756.0,DEBIT,Groceries
2022-09-07,Uber Ride,282.0,DEBIT,Transport
2022-09-07,Ola Cab,345.0,DEBIT,Transport
2022-09-07,JioCinema (High Value),17895.0,DEBIT,Entertainment
2022-09-07,Zepto,880.0,DEBIT,Groceries
2022-09-07,HDFC Auto Loan,9544.0,DEBIT,EMI
2022-09-07,Indian Oil,180.0,DEBIT,Transport
2022-09-08,Blue Tokai,454.0,DEBIT,Coffee Shops
2022-09-08,BigBasket,193.0,DEBIT,Groceries
2022-09-08,Amazon,3187.0,DEBIT,Shopping
2022-09-08,BSNL Broadband,1445.0,DEBIT,Utilities
2022-09-09,Ola Cab,252.0,DEBIT,Transport
2022-09-09,Starbucks,340.0,DEBIT,Coffee Shops
2022-09-09,Amazon Fresh (High Value),17798.0,DEBIT,Groceries
2022-09-09,Amazon,874.0,DEBIT,Shopping
2022-09-09,Local Grocery,467.0,DEBIT,Groceries
2022-09-10,Airtel Postpaid,941.0,DEBIT,Utilities
2022-09-10,Cafe Coffee Day,244.0,DEBIT,Coffee Shops
2022-09-10,Auto Rickshaw,543.0,DEBIT,Transport
2022-09-10,Local Cafe,938.0,DEBIT,Restaurants
2022-09-10,Cafe Coffee Day,451.0,DEBIT,Coffee Shops
2022-09-10,Burger King,1299.0,DEBIT,Restaurants
2022-09-10,DMart,137.0,DEBIT,Groceries
2022-09-11,Taj Hotel,4521.0,DEBIT,Travel
2022-09-11,Office Canteen Coffee,201.0,DEBIT,Coffee Shops
2022-09-11,BigBasket,640.0,DEBIT,Groceries
2022-09-11,McDonalds,299.0,DEBIT,Restaurants
2022-09-11,JioCinema,250.0,DEBIT,Entertainment
2022-09-11,Blue Tokai,176.0,DEBIT,Coffee Shops
2022-09-12,Amazon Fresh,328.0,DEBIT,Groceries
2022-09-12,Dinner out,826.0,DEBIT,Restaurants
2022-09-12,Mumbai Metro,164.0,DEBIT,Transport
2022-09-12,BigBasket,589.0,DEBIT,Groceries
2022-09-12,Apollo Pharmacy,314.0,DEBIT,Medical
2022-09-12,Indian Oil,371.0,DEBIT,Transport
2022-09-13,Zara,2415.0,DEBIT,Shopping
2022-09-13,Milk Subscription,687.0,DEBIT,Groceries
2022-09-13,Local Cafe,1420.0,DEBIT,Restaurants
2022-09-13,Milk Subscription,649.0,DEBIT,Groceries
2022-09-13,IRCTC,166.0,DEBIT,Transport
2022-09-13,Local Grocery,1198.0,DEBIT,Groceries
2022-09-13,Local Cafe,1751.0,DEBIT,Restaurants
2022-09-14,Office Canteen Coffee,180.0,DEBIT,Coffee Shops
2022-09-14,Third Wave Coffee,447.0,DEBIT,Coffee Shops
2022-09-14,Zomato,308.0,DEBIT,Restaurants
2022-09-14,Office Canteen Coffee,151.0,DEBIT,Coffee Shops
2022-09-14,Blue Tokai,157.0,DEBIT,Coffee Shops
2022-09-14,Mumbai Metro,299.0,DEBIT,Transport
2022-09-15,Subway,1364.0,DEBIT,Restaurants
2022-09-15,Reliance Fresh,311.0,DEBIT,Groceries
2022-09-15,Swiggy,215.0,DEBIT,Restaurants
2022-09-15,Local Clinic Checkup,629.0,DEBIT,Medical
2022-09-15,Dinner out,1587.0,DEBIT,Restaurants
2022-09-15,Mumbai Metro,313.0,DEBIT,Transport
2022-09-16,Blinkit,214.0,DEBIT,Groceries
2022-09-16,Mumbai Metro,30.0,DEBIT,Transport
2022-09-16,Burger King,624.0,DEBIT,Restaurants
2022-09-16,PVR Cinemas,389.0,DEBIT,Entertainment
2022-09-17,Mahanagar Gas,1480.0,DEBIT,Utilities
2022-09-17,JioCinema,697.0,DEBIT,Entertainment
2022-09-17,Starbucks,464.0,DEBIT,Coffee Shops
2022-09-17,Starbucks,195.0,DEBIT,Coffee Shops
2022-09-17,Jio Fiber,1909.0,DEBIT,Utilities
2022-09-17,Starbucks,353.0,DEBIT,Coffee Shops
2022-09-17,Indian Oil,203.0,DEBIT,Transport
2022-09-18,Office Canteen Coffee,331.0,DEBIT,Coffee Shops
2022-09-18,BEST Bus Ticket,307.0,DEBIT,Transport
2022-09-18,Milk Subscription,693.0,DEBIT,Groceries
2022-09-18,Uber Ride,321.0,DEBIT,Transport
2022-09-19,McDonalds,708.0,DEBIT,Restaurants
2022-09-19,Uber Ride,257.0,DEBIT,Transport
2022-09-19,BEST Bus Ticket,63.0,DEBIT,Transport
2022-09-19,Reliance Fresh,1062.0,DEBIT,Groceries
2022-10-01,Jio Fiber,1730.0,DEBIT,Utilities
2022-10-01,Third Wave Coffee,354.0,DEBIT,Coffee Shops
2022-10-01,Airtel Postpaid,1330.0,DEBIT,Utilities
2022-10-01,Mumbai Metro,321.0,DEBIT,Transport
2022-10-01,Salary Credit,94277.0,CREDIT,Salary
2022-10-02,Dinner out,659.0,DEBIT,Restaurants
2022-10-02,Apartment Maintenance,24192.0,DEBIT,Rent
2022-10-02,Reliance Digital,4741.0,DEBIT,Shopping
2022-10-02,HP Petrol Pump,245.0,DEBIT,Transport
2022-10-02,Ola Cab,353.0,DEBIT,Transport
2022-10-02,Myntra,6700.0,DEBIT,Shopping
2022-10-02,IRCTC,540.0,DEBIT,Transport
2022-10-03,Steam Game,235.0,DEBIT,Entertainment
2022-10-03,Reliance Fresh,933.0,DEBIT,Groceries
2022-10-03,BEST Bus Ticket,431.0,DEBIT,Transport
2022-10-03,Apollo Pharmacy,244.0,DEBIT,Medical
2022-10-03,Indian Oil,189.0,DEBIT,Transport
2022-10-03,Uber Ride,71.0,DEBIT,Transport
2022-10-03,Swiggy,397.0,DEBIT,Restaurants
2022-10-04,McDonalds,321.0,DEBIT,Restaurants
2022-10-04,Auto Rickshaw,448.0,DEBIT,Transport
2022-10-04,Auto Rickshaw,565.0,DEBIT,Transport
2022-10-04,BEST Bus Ticket,336.0,DEBIT,Transport
2022-10-04,JioCinema,646.0,DEBIT,Entertainment
2022-10-04,Auto Rickshaw,579.0,DEBIT,Transport
2022-10-04,Auto Rickshaw,211.0,DEBIT,Transport
2022-10-05,BEST Bus Ticket,228.0,DEBIT,Transport
2022-10-05,Myntra Return Refund,374.0,CREDIT,Refund
2022-10-05,Decathlon,5510.0,DEBIT,Shopping
2022-10-05,Groww SIP,7729.0,DEBIT,Investment
2022-10-05,Amazon,3414.0,DEBIT,Shopping
2022-10-05,Uber Ride,195.0,DEBIT,Transport
2022-10-06,Milk Subscription,701.0,DEBIT,Groceries
2022-10-06,Office Canteen Coffee,240.0,DEBIT,Coffee Shops
2022-10-06,Dinner out,671.0,DEBIT,Restaurants
2022-10-06,Local Grocery,186.0,DEBIT,Groceries
2022-10-06,Adani Electricity,1092.0,DEBIT,Utilities
2022-10-07,Personal Loan EMI,6275.0,DEBIT,EMI
2022-10-07,Cafe Coffee Day,439.0,DEBIT,Coffee Shops
2022-10-07,Zomato,1463.0,DEBIT,Restaurants
2022-10-07,Zomato,344.0,DEBIT,Restaurants
2022-10-07,Ola Cab,437.0,DEBIT,Transport
2022-10-08,Auto Rickshaw,589.0,DEBIT,Transport
2022-10-08,Ola Cab,549.0,DEBIT,Transport
2022-10-08,Cafe Coffee Day,163.0,DEBIT,Coffee Shops
2022-10-08,BookMyShow,316.0,DEBIT,Entertainment
2022-10-08,Zepto,1151.0,DEBIT,Groceries
2022-10-09,Local Cafe,408.0,DEBIT,Restaurants
2022-10-09,Indian Oil,90.0,DEBIT,Transport
2022-10-09,Local Cafe,1161.0,DEBIT,Restaurants
2022-10-09,Air India,5995.0,DEBIT,Travel
2022-10-09,Blinkit,289.0,DEBIT,Groceries
2022-10-10,Third Wave Coffee (High Value),28991.0,DEBIT,Coffee Shops
2022-10-10,Adani Electricity,1108.0,DEBIT,Utilities
2022-10-10,Local Cafe,1655.0,DEBIT,Restaurants
2022-10-10,Amazon,3891.0,DEBIT,Shopping
2022-10-10,Local Cafe,323.0,DEBIT,Restaurants
2022-10-10,Ajio,6704.0,DEBIT,Shopping
2022-10-10,Myntra,7218.0,DEBIT,Shopping
2022-10-11,BEST Bus Ticket,32.0,DEBIT,Transport
2022-10-11,Zomato,1497.0,DEBIT,Restaurants
2022-10-11,Netflix Subscription,686.0,DEBIT,Entertainment
2022-10-12,PVR Cinemas,818.0,DEBIT,Entertainment
2022-10-12,McDonalds,722.0,DEBIT,Restaurants
2022-10-12,Indian Oil,244.0,DEBIT,Transport
2022-10-12,HP Petrol Pump,62.0,DEBIT,Transport
2022-10-12,Ola Cab,50.0,DEBIT,Transport
2022-10-13,Ola Cab,297.0,DEBIT,Transport
2022-10-13,Auto Rickshaw,523.0,DEBIT,Transport
2022-10-13,Zomato,1516.0,DEBIT,Restaurants
2022-10-14,Amazon Fresh,899.0,DEBIT,Groceries
2022-10-14,Health Insurance Premium,827.0,DEBIT,Medical
2022-10-15,IRCTC,350.0,DEBIT,Transport
2022-10-15,Mumbai Metro,141.0,DEBIT,Transport
2022-10-19,Indian Oil,33.0,DEBIT,Transport
2022-10-30,Upwork Transfer,13777.0,CREDIT,Freelancing
2022-11-01,Auto Rickshaw,445.0,DEBIT,Transport
2022-11-01,Indian Oil,463.0,DEBIT,Transport
2022-11-01,HP Petrol Pump,238.0,DEBIT,Transport
2022-11-01,IRCTC,323.0,DEBIT,Transport
2022-11-01,Dinner out,1367.0,DEBIT,Restaurants
2022-11-01,TechCorp Payroll,104902.0,CREDIT,Salary
2022-11-01,Local Grocery,1125.0,DEBIT,Groceries
2022-11-02,Burger King,594.0,DEBIT,Restaurants
2022-11-02,Electricity Board,417.0,DEBIT,Utilities
2022-11-02,Starbucks,450.0,DEBIT,Coffee Shops
2022-11-02,Apartment Maintenance,21231.0,DEBIT,Rent
2022-11-02,BigBasket,615.0,DEBIT,Groceries
2022-11-03,Office Canteen Coffee,472.0,DEBIT,Coffee Shops
2022-11-03,BEST Bus Ticket,189.0,DEBIT,Transport
2022-11-03,Third Wave Coffee,244.0,DEBIT,Coffee Shops
2022-11-03,BEST Bus Ticket,403.0,DEBIT,Transport
2022-11-03,Blue Tokai,315.0,DEBIT,Coffee Shops
2022-11-03,BookMyShow,405.0,DEBIT,Entertainment
2022-11-03,Blue Tokai,383.0,DEBIT,Coffee Shops
2022-11-04,Myntra,3021.0,DEBIT,Shopping
2022-11-04,Indian Oil,356.0,DEBIT,Transport
2022-11-04,Apollo Pharmacy,1120.0,DEBIT,Medical
2022-11-04,Adani Electricity,1985.0,DEBIT,Utilities
2022-11-04,Child Care,376.0,DEBIT,Miscellaneous
2022-11-05,Third Wave Coffee,446.0,DEBIT,Coffee Shops
2022-11-05,HP Petrol Pump,267.0,DEBIT,Transport
2022-11-05,Spotify Premium,273.0,DEBIT,Entertainment
2022-11-05,Flipkart,6799.0,DEBIT,Shopping
2022-11-05,Mutual Fund SIP,9168.0,DEBIT,Investment
2022-11-06,Milk Subscription,560.0,DEBIT,Groceries
2022-11-06,Ola Cab,416.0,DEBIT,Transport
2022-11-06,Local Grocery,499.0,DEBIT,Groceries
2022-11-06,Dominos,1200.0,DEBIT,Restaurants
2022-11-06,Decathlon,7330.0,DEBIT,Shopping
2022-11-06,Subway,1067.0,DEBIT,Restaurants
2022-11-06,Uber Ride,212.0,DEBIT,Transport
2022-11-07,Reliance Digital,4436.0,DEBIT,Shopping
2022-11-07,Milk Subscription,496.0,DEBIT,Groceries
2022-11-07,HP Petrol Pump,175.0,DEBIT,Transport
2022-11-07,HP Petrol Pump,326.0,DEBIT,Transport
2022-11-07,Personal Loan EMI,10241.0,DEBIT,EMI
2022-11-08,Dominos,805.0,DEBIT,Restaurants
2022-11-08,Air India,4715.0,DEBIT,Travel
2022-11-08,Auto Rickshaw,59.0,DEBIT,Transport
2022-11-08,Dominos,1381.0,DEBIT,Restaurants
2022-11-09,Third Wave Coffee,171.0,DEBIT,Coffee Shops
2022-11-09,INOX,548.0,DEBIT,Entertainment
2022-11-09,Tata 1mg,1914.0,DEBIT,Medical
2022-11-09,Amazon Fresh,1101.0,DEBIT,Groceries
2022-11-09,Starbucks,480.0,DEBIT,Coffee Shops
2022-11-10,IRCTC,356.0,DEBIT,Transport
2022-11-10,Ajio,4873.0,DEBIT,Shopping
2022-11-10,Uber Ride,357.0,DEBIT,Transport
2022-11-10,Amazon Fresh,1173.0,DEBIT,Groceries
2022-11-10,Milk Subscription,809.0,DEBIT,Groceries
2022-11-10,IRCTC (High Value),18431.0,DEBIT,Transport
2022-11-10,Beauty Salon,818.0,DEBIT,Miscellaneous
2022-11-11,Cafe Coffee Day,500.0,DEBIT,Coffee Shops
2022-11-11,BigBasket,488.0,DEBIT,Groceries
2022-11-11,Local Grocery,1143.0,DEBIT,Groceries
2022-11-11,Amazon Fresh,564.0,DEBIT,Groceries
2022-11-11,Burger King,481.0,DEBIT,Restaurants
2022-11-12,Decathlon,2864.0,DEBIT,Shopping
2022-11-12,Reliance Fresh,409.0,DEBIT,Groceries
2022-11-12,Cafe Coffee Day,187.0,DEBIT,Coffee Shops
2022-11-12,Auto Rickshaw,434.0,DEBIT,Transport
2022-11-12,Local Grocery,400.0,DEBIT,Groceries
2022-11-12,Indian Oil,282.0,DEBIT,Transport
2022-11-12,Myntra Return Refund,1390.0,CREDIT,Refund
2022-11-13,BEST Bus Ticket,501.0,DEBIT,Transport
2022-11-13,BigBasket,1173.0,DEBIT,Groceries
2022-11-13,BEST Bus Ticket,235.0,DEBIT,Transport
2022-11-13,McDonalds,1685.0,DEBIT,Restaurants
2022-11-14,GPay Cashback,45.0,CREDIT,Cashback
2022-11-14,Decathlon,7489.0,DEBIT,Shopping
2022-11-14,Local Cafe,845.0,DEBIT,Restaurants
2022-11-14,McDonalds,632.0,DEBIT,Restaurants
2022-11-14,Electricity Board,721.0,DEBIT,Utilities
2022-11-14,Reliance Fresh,973.0,DEBIT,Groceries
2022-11-14,Ola Cab,257.0,DEBIT,Transport
2022-11-15,IRCTC,514.0,DEBIT,Transport
2022-11-15,Mumbai Metro,492.0,DEBIT,Transport
2022-11-15,Auto Rickshaw,251.0,DEBIT,Transport
2022-11-15,IRCTC,559.0,DEBIT,Transport
2022-11-15,Reliance Digital,1510.0,DEBIT,Shopping
2022-11-15,Myntra Return Refund,389.0,CREDIT,Refund
2022-11-16,DMart,153.0,DEBIT,Groceries
2022-11-16,HP Petrol Pump,31.0,DEBIT,Transport
2022-11-16,IRCTC,338.0,DEBIT,Transport
2022-11-17,Blinkit,180.0,DEBIT,Groceries
2022-11-17,Fiverr Payout,13837.0,CREDIT,Freelancing
2022-11-17,Reliance Fresh,206.0,DEBIT,Groceries
2022-11-21,Amazon Pay Reward,47.0,CREDIT,Cashback
2022-11-26,HP Petrol Pump,49.0,DEBIT,Transport
2022-12-01,Reliance Digital,3701.0,DEBIT,Shopping
2022-12-01,Adani Electricity,1080.0,DEBIT,Utilities
2022-12-01,Local Grocery,703.0,DEBIT,Groceries
2022-12-01,Subway,751.0,DEBIT,Restaurants
2022-12-01,TechCorp Payroll,106684.0,CREDIT,Salary
2022-12-01,Myntra,3928.0,DEBIT,Shopping
2022-12-02,Reliance Digital,5193.0,DEBIT,Shopping
2022-12-02,IRCTC Cancellation,1251.0,CREDIT,Refund
2022-12-02,Local Grocery,357.0,DEBIT,Groceries
2022-12-02,Auto Rickshaw,574.0,DEBIT,Transport
2022-12-02,Monthly House Rent,23963.0,DEBIT,Rent
2022-12-02,Burger King,1721.0,DEBIT,Restaurants
2022-12-02,Office Canteen Coffee,324.0,DEBIT,Coffee Shops
2022-12-03,Subway,1673.0,DEBIT,Restaurants
2022-12-03,IRCTC,466.0,DEBIT,Transport
2022-12-03,Netflix Subscription,520.0,DEBIT,Entertainment
2022-12-03,Starbucks,381.0,DEBIT,Coffee Shops
2022-12-04,Zepto,531.0,DEBIT,Groceries
2022-12-04,Blue Tokai,248.0,DEBIT,Coffee Shops
2022-12-04,Indian Oil,289.0,DEBIT,Transport
2022-12-04,Mumbai Metro,41.0,DEBIT,Transport
2022-12-04,Auto Rickshaw,85.0,DEBIT,Transport
2022-12-05,BigBasket,1130.0,DEBIT,Groceries
2022-12-05,Amazon Fresh,577.0,DEBIT,Groceries
2022-12-05,IKEA India,6418.0,DEBIT,Shopping
2022-12-05,Milk Subscription,1040.0,DEBIT,Groceries
2022-12-05,Oyo Rooms,7142.0,DEBIT,Travel
2022-12-05,Mutual Fund SIP,5145.0,DEBIT,Investment
2022-12-05,IRCTC,540.0,DEBIT,Transport
2022-12-06,Dinner out,342.0,DEBIT,Restaurants
2022-12-06,BigBasket,485.0,DEBIT,Groceries
2022-12-06,IRCTC,269.0,DEBIT,Transport
2022-12-06,INOX,421.0,DEBIT,Entertainment
2022-12-06,BookMyShow,409.0,DEBIT,Entertainment
2022-12-06,PhonePe Scratch Card,107.0,CREDIT,Cashback
2022-12-07,Blinkit,351.0,DEBIT,Groceries
2022-12-07,Uber Ride,373.0,DEBIT,Transport
2022-12-07,Credit Card Bill,6467.0,DEBIT,EMI
2022-12-07,Myntra,7867.0,DEBIT,Shopping
2022-12-07,Reliance Fresh,640.0,DEBIT,Groceries
2022-12-07,Third Wave Coffee,376.0,DEBIT,Coffee Shops
2022-12-08,Zepto,849.0,DEBIT,Groceries
2022-12-08,Third Wave Coffee,316.0,DEBIT,Coffee Shops
2022-12-08,Swiggy,1570.0,DEBIT,Restaurants
2022-12-08,Dinner out,849.0,DEBIT,Restaurants
2022-12-08,Electricity Board,912.0,DEBIT,Utilities
2022-12-08,BEST Bus Ticket,533.0,DEBIT,Transport
2022-12-08,Reliance Fresh,457.0,DEBIT,Groceries
2022-12-09,Cafe Coffee Day,346.0,DEBIT,Coffee Shops
2022-12-09,Decathlon,4859.0,DEBIT,Shopping
2022-12-09,Reliance Digital,6292.0,DEBIT,Shopping
2022-12-09,Office Canteen Coffee,427.0,DEBIT,Coffee Shops
2022-12-09,IKEA India,7070.0,DEBIT,Shopping
2022-12-09,Donation,193.0,DEBIT,Miscellaneous
2022-12-09,PVR Cinemas,220.0,DEBIT,Entertainment
2022-12-10,Zara,6350.0,DEBIT,Shopping
2022-12-10,BEST Bus Ticket,578.0,DEBIT,Transport
2022-12-10,BEST Bus Ticket,498.0,DEBIT,Transport
2022-12-10,Indian Oil,471.0,DEBIT,Transport
2022-12-10,Zomato,1338.0,DEBIT,Restaurants
2022-12-11,Local Cafe,1727.0,DEBIT,Restaurants
2022-12-11,Office Canteen Coffee,288.0,DEBIT,Coffee Shops
2022-12-11,Reliance Fresh,317.0,DEBIT,Groceries
2022-12-11,BEST Bus Ticket,548.0,DEBIT,Transport
2022-12-12,Amazon,7436.0,DEBIT,Shopping
2022-12-12,Amazon,3228.0,DEBIT,Shopping
2022-12-12,Cafe Coffee Day,335.0,DEBIT,Coffee Shops
2022-12-12,Ola Cab,46.0,DEBIT,Transport
2022-12-13,Mumbai Metro,260.0,DEBIT,Transport
2022-12-13,BEST Bus Ticket,390.0,DEBIT,Transport
2022-12-13,Croma,5019.0,DEBIT,Shopping
2022-12-13,Mumbai Metro,406.0,DEBIT,Transport
2022-12-14,Blinkit,1092.0,DEBIT,Groceries
2022-12-14,Blinkit,378.0,DEBIT,Groceries
2022-12-14,Electricity Board,1518.0,DEBIT,Utilities
2022-12-14,Ola Cab,454.0,DEBIT,Transport
2022-12-15,Indian Oil,571.0,DEBIT,Transport
2022-12-16,DMart,203.0,DEBIT,Groceries
2022-12-19,BEST Bus Ticket,47.0,DEBIT,Transport
2022-12-23,Mumbai Metro,51.0,DEBIT,Transport
2023-01-01,Employer Direct Deposit,99429.0,CREDIT,Salary
2023-01-01,BigBasket (High Value),27429.0,DEBIT,Groceries
2023-01-01,Zomato,1292.0,DEBIT,Restaurants
2023-01-01,Mumbai Metro,130.0,DEBIT,Transport
2023-01-01,IKEA India,2506.0,DEBIT,Shopping
2023-01-01,Blue Tokai,223.0,DEBIT,Coffee Shops
2023-01-02,Spotify Premium,710.0,DEBIT,Entertainment
2023-01-02,Auto Rickshaw,207.0,DEBIT,Transport
2023-01-02,Amazon Fresh,424.0,DEBIT,Groceries
2023-01-02,Landlord Transfer,23403.0,DEBIT,Rent
2023-01-02,Myntra,1278.0,DEBIT,Shopping
2023-01-03,Pet Care,256.0,DEBIT,Miscellaneous
2023-01-03,Mumbai Metro,269.0,DEBIT,Transport
2023-01-03,Office Canteen Coffee,316.0,DEBIT,Coffee Shops
2023-01-03,Reliance Fresh,96.0,DEBIT,Groceries
2023-01-04,Croma,2882.0,DEBIT,Shopping
2023-01-04,Cafe Coffee Day,306.0,DEBIT,Coffee Shops
2023-01-04,Auto Rickshaw,102.0,DEBIT,Transport
2023-01-04,Indian Oil,95.0,DEBIT,Transport
2023-01-04,Fiverr Payout,14776.0,CREDIT,Freelancing
2023-01-05,Blinkit,179.0,DEBIT,Groceries
2023-01-05,Groww SIP,9895.0,DEBIT,Investment
2023-01-05,Reliance Fresh (High Value),17756.0,DEBIT,Groceries
2023-01-05,Reliance Digital,2717.0,DEBIT,Shopping
2023-01-05,Uber Ride,143.0,DEBIT,Transport
2023-01-05,Ajio,587.0,DEBIT,Shopping
2023-01-05,Uber Ride,117.0,DEBIT,Transport
2023-01-05,Local Grocery,1116.0,DEBIT,Groceries
2023-01-06,Amazon Fresh,202.0,DEBIT,Groceries
2023-01-06,Cafe Coffee Day,440.0,DEBIT,Coffee Shops
2023-01-06,Amazon Fresh,868.0,DEBIT,Groceries
2023-01-06,Office Canteen Coffee,310.0,DEBIT,Coffee Shops
2023-01-06,Mumbai Metro,271.0,DEBIT,Transport
2023-01-07,MakeMyTrip,5719.0,DEBIT,Travel
2023-01-07,Indian Oil,295.0,DEBIT,Transport
2023-01-07,Credit Card Bill,8087.0,DEBIT,EMI
2023-01-07,Local Cafe,999.0,DEBIT,Restaurants
2023-01-07,BSNL Broadband,1581.0,DEBIT,Utilities
2023-01-08,Milk Subscription,906.0,DEBIT,Groceries
2023-01-08,Reliance Fresh,118.0,DEBIT,Groceries
2023-01-08,Third Wave Coffee,420.0,DEBIT,Coffee Shops
2023-01-08,Mahanagar Gas,1621.0,DEBIT,Utilities
2023-01-08,Uber Ride,472.0,DEBIT,Transport
2023-01-08,Oyo Rooms,3195.0,DEBIT,Travel
2023-01-08,Milk Subscription,521.0,DEBIT,Groceries
2023-01-09,Myntra,1245.0,DEBIT,Shopping
2023-01-09,Tata 1mg,287.0,DEBIT,Medical
2023-01-09,Dominos,675.0,DEBIT,Restaurants
2023-01-09,Milk Subscription,1151.0,DEBIT,Groceries
2023-01-09,Ola Cab,292.0,DEBIT,Transport
2023-01-09,Cafe Coffee Day,386.0,DEBIT,Coffee Shops
2023-01-10,Blinkit,804.0,DEBIT,Groceries
2023-01-10,Ajio,2987.0,DEBIT,Shopping
2023-01-10,Reliance Digital,3117.0,DEBIT,Shopping
2023-01-10,Auto Rickshaw,61.0,DEBIT,Transport
2023-01-10,BEST Bus Ticket,39.0,DEBIT,Transport
2023-01-10,Mumbai Metro,365.0,DEBIT,Transport
2023-01-10,Third Wave Coffee,173.0,DEBIT,Coffee Shops
2023-01-11,IKEA India,3409.0,DEBIT,Shopping
2023-01-11,Apollo Pharmacy,1038.0,DEBIT,Medical
2023-01-11,Uber Ride,552.0,DEBIT,Transport
2023-01-11,Ola Cab,35.0,DEBIT,Transport
2023-01-11,Ajio,3848.0,DEBIT,Shopping
2023-01-12,Local Cafe,286.0,DEBIT,Restaurants
2023-01-12,Zepto,380.0,DEBIT,Groceries
2023-01-12,Dominos,849.0,DEBIT,Restaurants
2023-01-12,Amazon Fresh,757.0,DEBIT,Groceries
2023-01-12,Uber Ride,90.0,DEBIT,Transport
2023-01-13,Amazon Fresh,864.0,DEBIT,Groceries
2023-01-13,BEST Bus Ticket,242.0,DEBIT,Transport
2023-01-13,Spotify Premium,173.0,DEBIT,Entertainment
2023-01-14,IRCTC,293.0,DEBIT,Transport
2023-01-15,BEST Bus Ticket,124.0,DEBIT,Transport
2023-02-01,DMart,492.0,DEBIT,Groceries
2023-02-01,Milk Subscription,1161.0,DEBIT,Groceries
2023-02-01,RedBus,2075.0,DEBIT,Travel
2023-02-01,Indian Oil,344.0,DEBIT,Transport
2023-02-01,BigBasket,544.0,DEBIT,Groceries
2023-02-01,Employer Direct Deposit,100514.0,CREDIT,Salary
2023-02-01,Amazon Fresh,439.0,DEBIT,Groceries
2023-02-02,Landlord Transfer,20527.0,DEBIT,Rent
2023-02-02,Starbucks,188.0,DEBIT,Coffee Shops
2023-02-02,Office Canteen Coffee,186.0,DEBIT,Coffee Shops
2023-02-02,Local Grocery,368.0,DEBIT,Groceries
2023-02-02,BEST Bus Ticket,305.0,DEBIT,Transport
2023-02-03,Amazon Fresh,387.0,DEBIT,Groceries
2023-02-03,Apollo Pharmacy,436.0,DEBIT,Medical
2023-02-03,Zomato,1313.0,DEBIT,Restaurants
2023-02-03,IRCTC,152.0,DEBIT,Transport
2023-02-04,Swiggy,498.0,DEBIT,Restaurants
2023-02-04,Amazon Fresh,417.0,DEBIT,Groceries
2023-02-04,Reliance Fresh,804.0,DEBIT,Groceries
2023-02-04,IndiGo Airlines,5746.0,DEBIT,Travel
2023-02-04,BigBasket,897.0,DEBIT,Groceries
2023-02-04,Uber Ride,269.0,DEBIT,Transport
2023-02-05,PPF Deposit,8366.0,DEBIT,Investment
2023-02-05,Indian Oil,337.0,DEBIT,Transport
2023-02-05,Local Grocery,395.0,DEBIT,Groceries
2023-02-05,DMart,576.0,DEBIT,Groceries
2023-02-05,Auto Rickshaw,531.0,DEBIT,Transport
2023-02-05,Reliance Fresh,873.0,DEBIT,Groceries
2023-02-06,Decathlon,2534.0,DEBIT,Shopping
2023-02-06,Uber Ride,259.0,DEBIT,Transport
2023-02-06,Local Grocery,187.0,DEBIT,Groceries
2023-02-06,Zara,2204.0,DEBIT,Shopping
2023-02-07,BigBasket,714.0,DEBIT,Groceries
2023-02-07,Mumbai Metro,34.0,DEBIT,Transport
2023-02-07,Office Canteen Coffee,497.0,DEBIT,Coffee Shops
2023-02-07,DMart,981.0,DEBIT,Groceries
2023-02-07,Flipkart,3408.0,DEBIT,Shopping
2023-02-07,Blue Tokai,370.0,DEBIT,Coffee Shops
2023-02-07,Bajaj Finserv EMI,11720.0,DEBIT,EMI
2023-02-08,BEST Bus Ticket,59.0,DEBIT,Transport
2023-02-08,Starbucks,440.0,DEBIT,Coffee Shops
2023-02-08,IRCTC,399.0,DEBIT,Transport
2023-02-08,Burger King,587.0,DEBIT,Restaurants
2023-02-08,Blinkit,711.0,DEBIT,Groceries
2023-02-08,IRCTC Cancellation,1274.0,CREDIT,Refund
2023-02-09,Flipkart,2324.0,DEBIT,Shopping
2023-02-09,Local Cafe,1207.0,DEBIT,Restaurants
2023-02-09,Blue Tokai,343.0,DEBIT,Coffee Shops
2023-02-09,Zepto,644.0,DEBIT,Groceries
2023-02-09,BigBasket,196.0,DEBIT,Groceries
2023-02-10,PVR Cinemas,190.0,DEBIT,Entertainment
2023-02-10,Ola Cab,149.0,DEBIT,Transport
2023-02-10,DMart,362.0,DEBIT,Groceries
2023-02-10,Milk Subscription,880.0,DEBIT,Groceries
2023-02-10,IKEA India,2212.0,DEBIT,Shopping
2023-02-10,Indian Oil,341.0,DEBIT,Transport
2023-02-10,RedBus,5964.0,DEBIT,Travel
2023-02-11,BEST Bus Ticket,411.0,DEBIT,Transport
2023-02-11,Indian Oil,596.0,DEBIT,Transport
2023-02-11,Swiggy,1215.0,DEBIT,Restaurants
2023-02-11,DMart,980.0,DEBIT,Groceries
2023-02-11,Zepto,843.0,DEBIT,Groceries
2023-02-12,Auto Rickshaw,276.0,DEBIT,Transport
2023-02-12,Child Care,677.0,DEBIT,Miscellaneous
2023-02-12,Indian Oil,280.0,DEBIT,Transport
2023-02-12,Office Canteen Coffee,349.0,DEBIT,Coffee Shops
2023-02-13,Ajio,2282.0,DEBIT,Shopping
2023-02-13,Blue Tokai,476.0,DEBIT,Coffee Shops
2023-02-13,Zomato,1290.0,DEBIT,Restaurants
2023-02-13,Zara,1182.0,DEBIT,Shopping
2023-02-13,Blue Tokai,496.0,DEBIT,Coffee Shops
2023-02-13,Croma,3746.0,DEBIT,Shopping
2023-02-13,Amazon Fresh,1117.0,DEBIT,Groceries
2023-02-14,Amazon Fresh,719.0,DEBIT,Groceries
2023-02-14,Auto Rickshaw,101.0,DEBIT,Transport
2023-02-14,Zepto,719.0,DEBIT,Groceries
2023-02-14,HP Petrol Pump,466.0,DEBIT,Transport
2023-02-14,Uber Ride,596.0,DEBIT,Transport
2023-02-14,Office Canteen Coffee,499.0,DEBIT,Coffee Shops
2023-02-14,IRCTC,191.0,DEBIT,Transport
2023-02-15,BigBasket,1091.0,DEBIT,Groceries
2023-02-15,Mumbai Metro,334.0,DEBIT,Transport
2023-02-15,Dinner out,1762.0,DEBIT,Restaurants
2023-02-15,Decathlon,2500.0,DEBIT,Shopping
2023-02-16,Jio Fiber,1891.0,DEBIT,Utilities
2023-02-16,BookMyShow,213.0,DEBIT,Entertainment
2023-02-16,BEST Bus Ticket,430.0,DEBIT,Transport
2023-02-16,Oyo Rooms,3383.0,DEBIT,Travel
2023-02-17,Blinkit,424.0,DEBIT,Groceries
2023-02-17,Cafe Coffee Day,322.0,DEBIT,Coffee Shops
2023-02-17,Local Grocery,1132.0,DEBIT,Groceries
2023-02-17,Swiggy,1400.0,DEBIT,Restaurants
2023-02-18,IRCTC,597.0,DEBIT,Transport
2023-02-18,Flipkart,2853.0,DEBIT,Shopping
2023-02-18,Airtel Postpaid,998.0,DEBIT,Utilities
2023-02-18,Zomato,599.0,DEBIT,Restaurants
2023-02-18,Local Cafe,714.0,DEBIT,Restaurants
2023-02-18,BigBasket,571.0,DEBIT,Groceries
2023-02-19,Reliance Fresh,896.0,DEBIT,Groceries
2023-02-19,Ajio,3634.0,DEBIT,Shopping
2023-02-19,Flipkart,3146.0,DEBIT,Shopping
2023-02-19,Burger King,1676.0,DEBIT,Restaurants
2023-02-19,Zepto,208.0,DEBIT,Groceries
2023-02-19,Ola Cab,549.0,DEBIT,Transport
2023-02-19,Third Wave Coffee,488.0,DEBIT,Coffee Shops
2023-02-20,Zomato,883.0,DEBIT,Restaurants
2023-02-20,Blinkit,805.0,DEBIT,Groceries
2023-02-20,BigBasket,271.0,DEBIT,Groceries
2023-02-20,Auto Rickshaw,160.0,DEBIT,Transport
2023-02-21,Milk Subscription,145.0,DEBIT,Groceries
2023-02-21,Steam Game,769.0,DEBIT,Entertainment
2023-02-21,Uber Ride,588.0,DEBIT,Transport
2023-02-22,Reliance Fresh,259.0,DEBIT,Groceries
2023-02-22,Indian Oil,481.0,DEBIT,Transport
2023-02-22,HP Petrol Pump,459.0,DEBIT,Transport
2023-02-23,Indian Oil,191.0,DEBIT,Transport
2023-02-23,Uber Ride,109.0,DEBIT,Transport
2023-03-01,Spotify Premium,192.0,DEBIT,Entertainment
2023-03-01,IRCTC,345.0,DEBIT,Transport
2023-03-01,Blinkit,87.0,DEBIT,Groceries
2023-03-01,Burger King,1593.0,DEBIT,Restaurants
2023-03-01,Monthly Salary,108593.0,CREDIT,Salary
2023-03-01,Decathlon,880.0,DEBIT,Shopping
2023-03-01,Air India,5421.0,DEBIT,Travel
2023-03-01,Ajio,3718.0,DEBIT,Shopping
2023-03-02,Dominos,1766.0,DEBIT,Restaurants
2023-03-02,Mumbai Metro,437.0,DEBIT,Transport
2023-03-02,NetMeds,2084.0,DEBIT,Medical
2023-03-02,IRCTC,311.0,DEBIT,Transport
2023-03-02,Landlord Transfer,24806.0,DEBIT,Rent
2023-03-03,McDonalds,663.0,DEBIT,Restaurants
2023-03-03,Mumbai Metro,563.0,DEBIT,Transport
2023-03-03,Amazon,1096.0,DEBIT,Shopping
2023-03-03,Milk Subscription,264.0,DEBIT,Groceries
2023-03-04,Subway,514.0,DEBIT,Restaurants
2023-03-04,Dinner out,1085.0,DEBIT,Restaurants
2023-03-04,Zomato,1702.0,DEBIT,Restaurants
2023-03-04,Ola Cab,74.0,DEBIT,Transport
2023-03-04,Taj Hotel,4509.0,DEBIT,Travel
2023-03-05,Groww SIP,9410.0,DEBIT,Investment
2023-03-05,Air India,4582.0,DEBIT,Travel
2023-03-05,Zara,912.0,DEBIT,Shopping
2023-03-05,Pet Care (High Value),28608.0,DEBIT,Miscellaneous
2023-03-05,Zara,3204.0,DEBIT,Shopping
2023-03-05,Third Wave Coffee,354.0,DEBIT,Coffee Shops
2023-03-06,Amazon Fresh,631.0,DEBIT,Groceries
2023-03-06,BEST Bus Ticket,390.0,DEBIT,Transport
2023-03-06,INOX,279.0,DEBIT,Entertainment
2023-03-06,Electricity Board,1543.0,DEBIT,Utilities
2023-03-06,Auto Rickshaw,289.0,DEBIT,Transport
2023-03-06,Amazon Fresh,383.0,DEBIT,Groceries
2023-03-06,Myntra Return Refund,420.0,CREDIT,Refund
2023-03-07,Local Grocery,891.0,DEBIT,Groceries
2023-03-07,BookMyShow,243.0,DEBIT,Entertainment
2023-03-07,Zara,3094.0,DEBIT,Shopping
2023-03-07,HDFC Auto Loan,9526.0,DEBIT,EMI
2023-03-07,Mumbai Metro,125.0,DEBIT,Transport
2023-03-07,Milk Subscription,1075.0,DEBIT,Groceries
2023-03-08,Local Grocery,641.0,DEBIT,Groceries
2023-03-08,Spotify Premium,869.0,DEBIT,Entertainment
2023-03-08,Reliance Fresh,608.0,DEBIT,Groceries
2023-03-08,Subway,291.0,DEBIT,Restaurants
2023-03-08,PVR Cinemas,854.0,DEBIT,Entertainment
2023-03-08,Mumbai Metro,442.0,DEBIT,Transport
2023-03-09,Mumbai Metro,508.0,DEBIT,Transport
2023-03-09,DMart,174.0,DEBIT,Groceries
2023-03-09,IRCTC,410.0,DEBIT,Transport
2023-03-09,Local Grocery,507.0,DEBIT,Groceries
2023-03-09,Donation,515.0,DEBIT,Miscellaneous
2023-03-10,Reliance Digital,818.0,DEBIT,Shopping
2023-03-10,Local Grocery,454.0,DEBIT,Groceries
2023-03-10,Flipkart,1556.0,DEBIT,Shopping
2023-03-10,BigBasket,498.0,DEBIT,Groceries
2023-03-10,Indian Oil,593.0,DEBIT,Transport
2023-03-11,Blinkit,531.0,DEBIT,Groceries
2023-03-11,Local Cafe,1448.0,DEBIT,Restaurants
2023-03-11,PVR Cinemas,814.0,DEBIT,Entertainment
2023-03-11,DMart,688.0,DEBIT,Groceries
2023-03-11,Local Grocery,579.0,DEBIT,Groceries
2023-03-12,Flipkart,2918.0,DEBIT,Shopping
2023-03-12,Indian Oil,598.0,DEBIT,Transport
2023-03-12,Auto Rickshaw,125.0,DEBIT,Transport
2023-03-12,Milk Subscription,752.0,DEBIT,Groceries
2023-03-12,Reliance Fresh,155.0,DEBIT,Groceries
2023-03-12,Office Canteen Coffee,429.0,DEBIT,Coffee Shops
2023-03-12,Jio Fiber,729.0,DEBIT,Utilities
2023-03-13,BEST Bus Ticket,53.0,DEBIT,Transport
2023-03-13,Dinner out,1052.0,DEBIT,Restaurants
2023-03-13,Adani Electricity,402.0,DEBIT,Utilities
2023-03-13,Croma,1588.0,DEBIT,Shopping
2023-03-13,Local Cafe,645.0,DEBIT,Restaurants
2023-03-13,Third Wave Coffee,226.0,DEBIT,Coffee Shops
2023-03-13,Burger King,1215.0,DEBIT,Restaurants
2023-03-14,Air India,2118.0,DEBIT,Travel
2023-03-14,Blue Tokai,248.0,DEBIT,Coffee Shops
2023-03-14,Auto Rickshaw,257.0,DEBIT,Transport
2023-03-18,Upwork Transfer,11864.0,CREDIT,Freelancing
2023-03-29,Mumbai Metro,42.0,DEBIT,Transport
2023-04-01,Blue Tokai (High Value),25827.0,DEBIT,Coffee Shops
2023-04-01,DMart,220.0,DEBIT,Groceries
2023-04-01,BookMyShow,842.0,DEBIT,Entertainment
2023-04-01,McDonalds,426.0,DEBIT,Restaurants
2023-04-01,Blinkit,280.0,DEBIT,Groceries
2023-04-01,Monthly Paycheck,108823.0,CREDIT,Salary
2023-04-02,Apartment Maintenance,23033.0,DEBIT,Rent
2023-04-02,Reliance Fresh,958.0,DEBIT,Groceries
2023-04-02,Local Grocery,371.0,DEBIT,Groceries
2023-04-02,Child Care,303.0,DEBIT,Miscellaneous
2023-04-02,Amazon,1045.0,DEBIT,Shopping
2023-04-02,Uber Ride,471.0,DEBIT,Transport
2023-04-02,Blinkit,960.0,DEBIT,Groceries
2023-04-03,Flipkart,2162.0,DEBIT,Shopping
2023-04-03,Subway,423.0,DEBIT,Restaurants
2023-04-03,Local Grocery,408.0,DEBIT,Groceries
2023-04-03,Myntra,2953.0,DEBIT,Shopping
2023-04-04,Local Grocery,530.0,DEBIT,Groceries
2023-04-04,Zomato,1580.0,DEBIT,Restaurants
2023-04-04,Burger King,1509.0,DEBIT,Restaurants
2023-04-04,Croma,3763.0,DEBIT,Shopping
2023-04-04,Uber Ride,341.0,DEBIT,Transport
2023-04-04,Milk Subscription,721.0,DEBIT,Groceries
2023-04-05,Steam Game,677.0,DEBIT,Entertainment
2023-04-05,Spotify Premium (High Value),25946.0,DEBIT,Entertainment
2023-04-05,Croma,1927.0,DEBIT,Shopping
2023-04-05,BEST Bus Ticket,293.0,DEBIT,Transport
2023-04-05,Gold Purchase,8883.0,DEBIT,Investment
2023-04-05,BEST Bus Ticket,52.0,DEBIT,Transport
2023-04-05,Indian Oil,280.0,DEBIT,Transport
2023-04-06,Cafe Coffee Day,183.0,DEBIT,Coffee Shops
2023-04-06,Burger King,1751.0,DEBIT,Restaurants
2023-04-06,Reliance Fresh,534.0,DEBIT,Groceries
2023-04-06,Zepto,777.0,DEBIT,Groceries
2023-04-06,JioCinema,230.0,DEBIT,Entertainment
2023-04-06,Reliance Fresh,217.0,DEBIT,Groceries
2023-04-07,Steam Game,320.0,DEBIT,Entertainment
2023-04-07,Fiverr Payout,12023.0,CREDIT,Freelancing
2023-04-07,Cafe Coffee Day,322.0,DEBIT,Coffee Shops
2023-04-07,Bajaj Finserv EMI,9478.0,DEBIT,EMI
2023-04-07,Auto Rickshaw,207.0,DEBIT,Transport
2023-04-07,BEST Bus Ticket,82.0,DEBIT,Transport
2023-04-07,Milk Subscription,220.0,DEBIT,Groceries
2023-04-07,Indian Oil,94.0,DEBIT,Transport
2023-04-07,IRCTC,271.0,DEBIT,Transport
2023-04-08,Dominos,240.0,DEBIT,Restaurants
2023-04-08,Airtel Postpaid,575.0,DEBIT,Utilities
2023-04-08,BigBasket,260.0,DEBIT,Groceries
2023-04-08,Mumbai Metro,468.0,DEBIT,Transport
2023-04-09,Ola Cab,175.0,DEBIT,Transport
2023-04-09,McDonalds,592.0,DEBIT,Restaurants
2023-04-09,Airtel Postpaid,781.0,DEBIT,Utilities
2023-04-09,McDonalds,525.0,DEBIT,Restaurants
2023-04-09,Airtel Postpaid,1347.0,DEBIT,Utilities
2023-04-09,Zomato Refund,1368.0,CREDIT,Refund
2023-04-10,Uber Ride,262.0,DEBIT,Transport
2023-04-10,Spotify Premium,169.0,DEBIT,Entertainment
2023-04-10,Dominos,1499.0,DEBIT,Restaurants
2023-04-10,Subway,1717.0,DEBIT,Restaurants
2023-04-10,IRCTC,309.0,DEBIT,Transport
2023-04-11,Milk Subscription,463.0,DEBIT,Groceries
2023-04-11,Electricity Board,1228.0,DEBIT,Utilities
2023-04-11,Office Canteen Coffee,186.0,DEBIT,Coffee Shops
2023-04-11,Croma,1425.0,DEBIT,Shopping
2023-04-11,BEST Bus Ticket,201.0,DEBIT,Transport
2023-04-11,Dinner out,237.0,DEBIT,Restaurants
2023-04-12,McDonalds,1403.0,DEBIT,Restaurants
2023-04-12,Decathlon,3072.0,DEBIT,Shopping
2023-04-12,HP Petrol Pump,504.0,DEBIT,Transport
2023-04-12,Blue Tokai,369.0,DEBIT,Coffee Shops
2023-04-13,Taj Hotel,3993.0,DEBIT,Travel
2023-04-13,Ajio,663.0,DEBIT,Shopping
2023-04-13,Third Wave Coffee,410.0,DEBIT,Coffee Shops
2023-04-26,Client Payment,5972.0,CREDIT,Freelancing
2023-05-01,IKEA India,1126.0,DEBIT,Shopping
2023-05-01,Local Grocery,265.0,DEBIT,Groceries
2023-05-01,Ola Cab,278.0,DEBIT,Transport
2023-05-01,Blue Tokai,324.0,DEBIT,Coffee Shops
2023-05-01,BEST Bus Ticket (High Value),27625.0,DEBIT,Transport
2023-05-01,Monthly Paycheck,97109.0,CREDIT,Salary
2023-05-02,Monthly House Rent,24666.0,DEBIT,Rent
2023-05-02,Zepto,494.0,DEBIT,Groceries
2023-05-02,Starbucks,408.0,DEBIT,Coffee Shops
2023-05-02,Amazon,1392.0,DEBIT,Shopping
2023-05-02,Uber Ride,246.0,DEBIT,Transport
2023-05-02,Milk Subscription,886.0,DEBIT,Groceries
2023-05-02,Blinkit,214.0,DEBIT,Groceries
2023-05-02,BigBasket,1006.0,DEBIT,Groceries
2023-05-03,Electricity Board,1071.0,DEBIT,Utilities
2023-05-03,Croma,2644.0,DEBIT,Shopping
2023-05-03,McDonalds,388.0,DEBIT,Restaurants
2023-05-03,Reliance Fresh,139.0,DEBIT,Groceries
2023-05-04,MakeMyTrip,13614.0,DEBIT,Travel
2023-05-04,Reliance Fresh,835.0,DEBIT,Groceries
2023-05-04,Reliance Fresh,589.0,DEBIT,Groceries
2023-05-04,Luxury Local Cafe,24803.0,DEBIT,Restaurants
2023-05-05,Croma,1572.0,DEBIT,Shopping
2023-05-05,PPF Deposit,5011.0,DEBIT,Investment
2023-05-05,JioCinema,785.0,DEBIT,Entertainment
2023-05-05,Amazon Fresh,590.0,DEBIT,Groceries
2023-05-05,Airtel Postpaid,1418.0,DEBIT,Utilities
2023-05-05,PVR Cinemas,316.0,DEBIT,Entertainment
2023-05-05,Swiggy,1325.0,DEBIT,Restaurants
2023-05-05,Ola Cab,574.0,DEBIT,Transport
2023-05-06,Water Bill,994.0,DEBIT,Utilities
2023-05-06,Croma,1372.0,DEBIT,Shopping
2023-05-06,Zepto,517.0,DEBIT,Groceries
2023-05-06,Dinner out,1110.0,DEBIT,Restaurants
2023-05-06,Local Grocery,660.0,DEBIT,Groceries
2023-05-06,Reliance Fresh,838.0,DEBIT,Groceries
2023-05-06,Reliance Fresh,546.0,DEBIT,Groceries
2023-05-07,Blinkit,636.0,DEBIT,Groceries
2023-05-07,Bajaj Finserv EMI,9895.0,DEBIT,EMI
2023-05-07,Blinkit,942.0,DEBIT,Groceries
2023-05-07,Office Canteen Coffee,153.0,DEBIT,Coffee Shops
2023-05-07,Subway,1294.0,DEBIT,Restaurants
2023-05-07,Auto Rickshaw,212.0,DEBIT,Transport
2023-05-07,Local Cafe,1245.0,DEBIT,Restaurants
2023-05-08,IRCTC,349.0,DEBIT,Transport
2023-05-08,Mumbai Metro,284.0,DEBIT,Transport
2023-05-08,NetMeds,861.0,DEBIT,Medical
2023-05-08,Blinkit,267.0,DEBIT,Groceries
2023-05-09,Ola Cab,442.0,DEBIT,Transport
2023-05-09,Blinkit,659.0,DEBIT,Groceries
2023-05-09,Croma,1412.0,DEBIT,Shopping
2023-05-09,Auto Rickshaw,459.0,DEBIT,Transport
2023-05-09,Blinkit,870.0,DEBIT,Groceries
2023-05-09,Subway,1189.0,DEBIT,Restaurants
2023-05-10,Steam Game,633.0,DEBIT,Entertainment
2023-05-10,Gift,776.0,DEBIT,Miscellaneous
2023-05-10,BEST Bus Ticket,117.0,DEBIT,Transport
2023-05-10,HP Petrol Pump,198.0,DEBIT,Transport
2023-05-10,DMart,1077.0,DEBIT,Groceries
2023-05-11,BigBasket,377.0,DEBIT,Groceries
2023-05-11,Upwork Transfer,12165.0,CREDIT,Freelancing
2023-06-01,Amazon Pay Reward,149.0,CREDIT,Cashback
2023-06-01,Local Clinic Checkup,1201.0,DEBIT,Medical
2023-06-01,Auto Rickshaw,490.0,DEBIT,Transport
2023-06-01,BigBasket,668.0,DEBIT,Groceries
2023-06-01,Amazon Fresh,1152.0,DEBIT,Groceries
2023-06-01,Salary Credit,99219.0,CREDIT,Salary
2023-06-01,Office Canteen Coffee,457.0,DEBIT,Coffee Shops
2023-06-02,Apartment Maintenance,23421.0,DEBIT,Rent
2023-06-02,Adani Electricity,1764.0,DEBIT,Utilities
2023-06-02,Blue Tokai,170.0,DEBIT,Coffee Shops
2023-06-02,Indian Oil,118.0,DEBIT,Transport
2023-06-02,Water Bill,656.0,DEBIT,Utilities
2023-06-03,HP Petrol Pump,342.0,DEBIT,Transport
2023-06-03,Cafe Coffee Day,445.0,DEBIT,Coffee Shops
2023-06-03,Croma,531.0,DEBIT,Shopping
2023-06-03,HP Petrol Pump,461.0,DEBIT,Transport
2023-06-03,Croma,3365.0,DEBIT,Shopping
2023-06-04,IRCTC,270.0,DEBIT,Transport
2023-06-04,IRCTC,482.0,DEBIT,Transport
2023-06-04,Reliance Fresh,505.0,DEBIT,Groceries
2023-06-04,Indian Oil,129.0,DEBIT,Transport
2023-06-04,McDonalds,750.0,DEBIT,Restaurants
2023-06-04,DMart,277.0,DEBIT,Groceries
2023-06-04,Local Grocery,1034.0,DEBIT,Groceries
2023-06-05,Reliance Fresh,254.0,DEBIT,Groceries
2023-06-05,Mutual Fund SIP,6734.0,DEBIT,Investment
2023-06-05,Amazon Fresh (High Value),19684.0,DEBIT,Groceries
2023-06-05,Amazon Fresh,1181.0,DEBIT,Groceries
2023-06-05,Auto Rickshaw,141.0,DEBIT,Transport
2023-06-06,IRCTC,529.0,DEBIT,Transport
2023-06-06,Reliance Digital,1465.0,DEBIT,Shopping
2023-06-06,Amazon Fresh,846.0,DEBIT,Groceries
2023-06-06,Starbucks,424.0,DEBIT,Coffee Shops
2023-06-06,Mumbai Metro,517.0,DEBIT,Transport
2023-06-06,IKEA India,2249.0,DEBIT,Shopping
2023-06-07,RedBus,12560.0,DEBIT,Travel
2023-06-07,Zomato,1695.0,DEBIT,Restaurants
2023-06-07,Auto Rickshaw,120.0,DEBIT,Transport
2023-06-07,Reliance Fresh,437.0,DEBIT,Groceries
2023-06-07,HDFC Auto Loan,9106.0,DEBIT,EMI
2023-06-07,HP Petrol Pump,377.0,DEBIT,Transport
2023-06-07,Local Clinic Checkup,830.0,DEBIT,Medical
2023-06-07,Amazon Fresh,314.0,DEBIT,Groceries
2023-06-08,Dominos,592.0,DEBIT,Restaurants
2023-06-08,Uber Ride,442.0,DEBIT,Transport
2023-06-08,Cafe Coffee Day,324.0,DEBIT,Coffee Shops
2023-06-08,Flipkart,1670.0,DEBIT,Shopping
2023-06-08,BigBasket,502.0,DEBIT,Groceries
2023-06-08,Reliance Fresh,1101.0,DEBIT,Groceries
2023-06-09,Auto Rickshaw,285.0,DEBIT,Transport
2023-06-09,Swiggy,685.0,DEBIT,Restaurants
2023-06-09,Local Grocery,1042.0,DEBIT,Groceries
2023-06-09,BigBasket,1028.0,DEBIT,Groceries
2023-06-09,Milk Subscription,1004.0,DEBIT,Groceries
2023-06-09,Zomato,1332.0,DEBIT,Restaurants
2023-06-10,Zepto,338.0,DEBIT,Groceries
2023-06-10,Dinner out,1060.0,DEBIT,Restaurants
2023-06-10,Swiggy,1296.0,DEBIT,Restaurants
2023-06-10,Water Bill,576.0,DEBIT,Utilities
2023-06-10,Amazon Fresh,1066.0,DEBIT,Groceries
2023-06-10,Uber Ride,44.0,DEBIT,Transport
2023-06-10,Ola Cab,237.0,DEBIT,Transport
2023-06-11,HP Petrol Pump,529.0,DEBIT,Transport
2023-06-11,Dominos,1434.0,DEBIT,Restaurants
2023-06-11,Ajio,1680.0,DEBIT,Shopping
2023-06-11,Blinkit,922.0,DEBIT,Groceries
2023-06-11,DMart,262.0,DEBIT,Groceries
2023-06-11,Indian Oil,216.0,DEBIT,Transport
2023-06-11,Local Cafe,1796.0,DEBIT,Restaurants
2023-06-12,IRCTC,46.0,DEBIT,Transport
2023-06-12,Myntra,3455.0,DEBIT,Shopping
2023-06-12,Milk Subscription,227.0,DEBIT,Groceries
2023-06-12,Local Grocery,854.0,DEBIT,Groceries
2023-06-12,DMart,734.0,DEBIT,Groceries
2023-06-12,Reliance Fresh,439.0,DEBIT,Groceries
2023-06-12,Starbucks,167.0,DEBIT,Coffee Shops
2023-06-13,Dominos,349.0,DEBIT,Restaurants
2023-06-13,Croma,1738.0,DEBIT,Shopping
2023-06-13,Cafe Coffee Day,341.0,DEBIT,Coffee Shops
2023-06-13,Blinkit,427.0,DEBIT,Groceries
2023-06-13,Zara,1194.0,DEBIT,Shopping
2023-06-13,Indian Oil,510.0,DEBIT,Transport
2023-06-14,BEST Bus Ticket,72.0,DEBIT,Transport
2023-06-14,Dominos,1718.0,DEBIT,Restaurants
2023-06-14,Adani Electricity,1277.0,DEBIT,Utilities
2023-06-14,BEST Bus Ticket,525.0,DEBIT,Transport
2023-06-14,Spotify Premium,231.0,DEBIT,Entertainment
2023-06-15,Indian Oil,94.0,DEBIT,Transport
2023-06-15,Health Insurance Premium,683.0,DEBIT,Medical
2023-06-16,Dominos,470.0,DEBIT,Restaurants
2023-06-16,Decathlon,2015.0,DEBIT,Shopping
2023-06-16,BigBasket,404.0,DEBIT,Groceries
2023-06-16,BigBasket,737.0,DEBIT,Groceries
2023-06-16,DMart,517.0,DEBIT,Groceries
2023-06-16,Zepto,893.0,DEBIT,Groceries
2023-06-16,Cafe Coffee Day,490.0,DEBIT,Coffee Shops
2023-06-17,Third Wave Coffee,244.0,DEBIT,Coffee Shops
2023-06-17,Myntra,3114.0,DEBIT,Shopping
2023-06-17,Third Wave Coffee,394.0,DEBIT,Coffee Shops
2023-06-17,Mumbai Metro,287.0,DEBIT,Transport
2023-06-17,Milk Subscription,715.0,DEBIT,Groceries
2023-06-18,Myntra Return Refund,1051.0,CREDIT,Refund
2023-06-22,Amazon Refund,1001.0,CREDIT,Refund
2023-06-26,Freelance Gig,12077.0,CREDIT,Freelancing
2023-06-27,Client Payment,6581.0,CREDIT,Freelancing
2023-07-01,Monthly Salary,101822.0,CREDIT,Salary
2023-07-01,Starbucks,311.0,DEBIT,Coffee Shops
2023-07-01,Reliance Fresh,1171.0,DEBIT,Groceries
2023-07-01,Dominos,1703.0,DEBIT,Restaurants
2023-07-01,McDonalds,689.0,DEBIT,Restaurants
2023-07-02,MakeMyTrip,4074.0,DEBIT,Travel
2023-07-02,MakeMyTrip,3268.0,DEBIT,Travel
2023-07-02,Ola Cab,392.0,DEBIT,Transport
2023-07-02,Apartment Maintenance,24213.0,DEBIT,Rent
2023-07-02,Reliance Fresh,476.0,DEBIT,Groceries
2023-07-03,Cafe Coffee Day,207.0,DEBIT,Coffee Shops
2023-07-03,Reliance Fresh,882.0,DEBIT,Groceries
2023-07-03,IRCTC,165.0,DEBIT,Transport
2023-07-03,Mumbai Metro,195.0,DEBIT,Transport
2023-07-03,Auto Rickshaw,261.0,DEBIT,Transport
2023-07-03,BigBasket,181.0,DEBIT,Groceries
2023-07-04,McDonalds,321.0,DEBIT,Restaurants
2023-07-04,Ola Cab,89.0,DEBIT,Transport
2023-07-04,BEST Bus Ticket,101.0,DEBIT,Transport
2023-07-04,IRCTC,530.0,DEBIT,Transport
2023-07-04,IKEA India,1703.0,DEBIT,Shopping
2023-07-05,Zerodha Funds,9661.0,DEBIT,Investment
2023-07-05,DMart,667.0,DEBIT,Groceries
2023-07-05,Adani Electricity,979.0,DEBIT,Utilities
2023-07-05,Steam Game,661.0,DEBIT,Entertainment
2023-07-05,Local Grocery,246.0,DEBIT,Groceries
2023-07-05,Zepto,656.0,DEBIT,Groceries
2023-07-05,Dominos,225.0,DEBIT,Restaurants
2023-07-05,Croma,1816.0,DEBIT,Shopping
2023-07-06,Auto Rickshaw,39.0,DEBIT,Transport
2023-07-06,Laundry,919.0,DEBIT,Miscellaneous
2023-07-06,Blinkit,153.0,DEBIT,Groceries
2023-07-06,Health Insurance Premium,1888.0,DEBIT,Medical
2023-07-07,Bajaj Finserv EMI,9407.0,DEBIT,EMI
2023-07-07,BigBasket,114.0,DEBIT,Groceries
2023-07-07,DMart,196.0,DEBIT,Groceries
2023-07-07,Milk Subscription,1022.0,DEBIT,Groceries
2023-07-07,Ajio,2148.0,DEBIT,Shopping
2023-07-07,Spotify Premium,278.0,DEBIT,Entertainment
2023-07-08,Mumbai Metro,279.0,DEBIT,Transport
2023-07-08,IRCTC,114.0,DEBIT,Transport
2023-07-08,IRCTC,436.0,DEBIT,Transport
2023-07-08,BSNL Broadband,980.0,DEBIT,Utilities
2023-07-08,Milk Subscription,1092.0,DEBIT,Groceries
2023-07-09,Mahanagar Gas,1042.0,DEBIT,Utilities
2023-07-09,RedBus,4059.0,DEBIT,Travel
2023-07-09,Starbucks,390.0,DEBIT,Coffee Shops
2023-07-09,Mumbai Metro,45.0,DEBIT,Transport
2023-07-09,IndiGo Airlines,2310.0,DEBIT,Travel
2023-07-09,JioCinema,382.0,DEBIT,Entertainment
2023-07-10,Zomato,598.0,DEBIT,Restaurants
2023-07-10,Burger King,825.0,DEBIT,Restaurants
2023-07-10,Amazon Fresh,96.0,DEBIT,Groceries
2023-07-10,Tata 1mg,1783.0,DEBIT,Medical
2023-07-10,Zara,3342.0,DEBIT,Shopping
2023-07-11,Uber Ride,219.0,DEBIT,Transport
2023-07-11,Auto Rickshaw,43.0,DEBIT,Transport
2023-07-11,IRCTC,154.0,DEBIT,Transport
2023-07-11,BigBasket,530.0,DEBIT,Groceries
2023-07-11,Subway,1478.0,DEBIT,Restaurants
2023-07-11,Zepto,901.0,DEBIT,Groceries
2023-07-12,Subway,692.0,DEBIT,Restaurants
2023-07-12,Ola Cab,565.0,DEBIT,Transport
2023-07-12,Netflix Subscription,257.0,DEBIT,Entertainment
2023-07-12,Burger King,1087.0,DEBIT,Restaurants
2023-07-12,BEST Bus Ticket,107.0,DEBIT,Transport
2023-07-13,Auto Rickshaw,433.0,DEBIT,Transport
2023-07-13,Blue Tokai,274.0,DEBIT,Coffee Shops
2023-07-13,BigBasket,387.0,DEBIT,Groceries
2023-07-13,Local Grocery,822.0,DEBIT,Groceries
2023-07-13,Steam Game,886.0,DEBIT,Entertainment
2023-07-14,BEST Bus Ticket,584.0,DEBIT,Transport
2023-07-14,Local Cafe,914.0,DEBIT,Restaurants
2023-07-14,Croma,3750.0,DEBIT,Shopping
2023-07-14,Donation,510.0,DEBIT,Miscellaneous
2023-07-15,Auto Rickshaw,367.0,DEBIT,Transport
2023-07-15,Ola Cab,40.0,DEBIT,Transport
2023-07-15,BookMyShow,228.0,DEBIT,Entertainment
2023-07-15,DMart,427.0,DEBIT,Groceries
2023-07-15,Blinkit,419.0,DEBIT,Groceries
2023-07-15,Apollo Pharmacy,906.0,DEBIT,Medical
2023-07-16,Croma,3517.0,DEBIT,Shopping
2023-07-16,BEST Bus Ticket,168.0,DEBIT,Transport
2023-07-16,Reliance Digital,790.0,DEBIT,Shopping
2023-07-16,HP Petrol Pump,254.0,DEBIT,Transport
2023-07-16,Auto Rickshaw,448.0,DEBIT,Transport
2023-07-17,Zomato,1366.0,DEBIT,Restaurants
2023-07-17,Airtel Postpaid,885.0,DEBIT,Utilities
2023-07-17,Indian Oil,126.0,DEBIT,Transport
2023-07-17,Gym Subscription,580.0,DEBIT,Miscellaneous
2023-07-17,Blue Tokai,450.0,DEBIT,Coffee Shops
2023-07-17,Gift,509.0,DEBIT,Miscellaneous
2023-07-17,HP Petrol Pump,406.0,DEBIT,Transport
2023-07-18,Starbucks,439.0,DEBIT,Coffee Shops
2023-07-18,Water Bill,776.0,DEBIT,Utilities
2023-07-18,Ola Cab,467.0,DEBIT,Transport
2023-07-18,PVR Cinemas,566.0,DEBIT,Entertainment
2023-07-18,Myntra,1339.0,DEBIT,Shopping
2023-07-18,Zepto,489.0,DEBIT,Groceries
2023-07-19,INOX,533.0,DEBIT,Entertainment
2023-07-19,Netflix Subscription (High Value),22142.0,DEBIT,Entertainment
2023-07-19,INOX,829.0,DEBIT,Entertainment
2023-07-19,IRCTC,81.0,DEBIT,Transport
2023-07-20,Local Grocery,491.0,DEBIT,Groceries
2023-07-20,Auto Rickshaw,580.0,DEBIT,Transport
2023-08-01,Office Canteen Coffee,286.0,DEBIT,Coffee Shops
2023-08-01,Taj Hotel,3097.0,DEBIT,Travel
2023-08-01,Milk Subscription,692.0,DEBIT,Groceries
2023-08-01,Myntra,3094.0,DEBIT,Shopping
2023-08-01,Blinkit,292.0,DEBIT,Groceries
2023-08-01,Uber Ride,63.0,DEBIT,Transport
2023-08-01,Monthly Paycheck,99677.0,CREDIT,Salary
2023-08-01,Flipkart,1377.0,DEBIT,Shopping
2023-08-02,Zepto,979.0,DEBIT,Groceries
2023-08-02,Monthly House Rent,21752.0,DEBIT,Rent
2023-08-02,Croma,3656.0,DEBIT,Shopping
2023-08-02,Uber Ride,408.0,DEBIT,Transport
2023-08-02,Ola Cab,522.0,DEBIT,Transport
2023-08-02,Airtel Postpaid,473.0,DEBIT,Utilities
2023-08-02,Zepto,772.0,DEBIT,Groceries
2023-08-03,Uber Ride,422.0,DEBIT,Transport
2023-08-03,Apollo Pharmacy,1848.0,DEBIT,Medical
2023-08-03,Cafe Coffee Day,441.0,DEBIT,Coffee Shops
2023-08-03,Office Canteen Coffee,257.0,DEBIT,Coffee Shops
2023-08-04,Ajio,2111.0,DEBIT,Shopping
2023-08-04,IKEA India,2997.0,DEBIT,Shopping
2023-08-04,Mumbai Metro,117.0,DEBIT,Transport
2023-08-04,Indian Oil,225.0,DEBIT,Transport
2023-08-05,Reliance Digital,2868.0,DEBIT,Shopping
2023-08-05,Subway,765.0,DEBIT,Restaurants
2023-08-05,INOX,621.0,DEBIT,Entertainment
2023-08-05,Dominos,1137.0,DEBIT,Restaurants
2023-08-05,Gold Purchase,8312.0,DEBIT,Investment
2023-08-06,Reliance Fresh,311.0,DEBIT,Groceries
2023-08-06,Adani Electricity,490.0,DEBIT,Utilities
2023-08-06,Gift,538.0,DEBIT,Miscellaneous
2023-08-06,Amazon,3257.0,DEBIT,Shopping
2023-08-06,Blinkit,962.0,DEBIT,Groceries
2023-08-07,BigBasket,429.0,DEBIT,Groceries
2023-08-07,Reliance Fresh,999.0,DEBIT,Groceries
2023-08-07,HDFC Auto Loan,7973.0,DEBIT,EMI
2023-08-07,Gym Subscription,148.0,DEBIT,Miscellaneous
2023-08-07,Zomato,469.0,DEBIT,Restaurants
2023-08-08,Blinkit,930.0,DEBIT,Groceries
2023-08-08,Third Wave Coffee,255.0,DEBIT,Coffee Shops
2023-08-08,Croma,1251.0,DEBIT,Shopping
2023-08-08,Local Cafe,780.0,DEBIT,Restaurants
2023-08-09,RedBus,3134.0,DEBIT,Travel
2023-08-09,IRCTC,53.0,DEBIT,Transport
2023-08-09,IndiGo Airlines,4499.0,DEBIT,Travel
2023-08-09,Third Wave Coffee,417.0,DEBIT,Coffee Shops
2023-08-10,Burger King,1148.0,DEBIT,Restaurants
2023-08-10,Zepto,990.0,DEBIT,Groceries
2023-08-10,BEST Bus Ticket,40.0,DEBIT,Transport
2023-08-10,Gym Subscription,446.0,DEBIT,Miscellaneous
2023-08-10,DMart,136.0,DEBIT,Groceries
2023-08-10,Auto Rickshaw (High Value),24018.0,DEBIT,Transport
2023-08-11,Milk Subscription,551.0,DEBIT,Groceries
2023-08-11,Zomato,732.0,DEBIT,Restaurants
2023-08-11,Subway,674.0,DEBIT,Restaurants
2023-08-11,Luxury Dinner out,23096.0,DEBIT,Restaurants
2023-08-11,Indian Oil,220.0,DEBIT,Transport
2023-08-11,Swiggy,1273.0,DEBIT,Restaurants
2023-08-11,Local Grocery,562.0,DEBIT,Groceries
2023-08-12,Amazon Fresh,829.0,DEBIT,Groceries
2023-08-12,DMart,502.0,DEBIT,Groceries
2023-08-12,DMart,1052.0,DEBIT,Groceries
2023-08-12,Dinner out,1784.0,DEBIT,Restaurants
2023-08-13,Auto Rickshaw,93.0,DEBIT,Transport
2023-08-13,Indian Oil,352.0,DEBIT,Transport
2023-08-28,Upwork Transfer,10075.0,CREDIT,Freelancing
2023-09-01,INOX,392.0,DEBIT,Entertainment
2023-09-01,Mumbai Metro,123.0,DEBIT,Transport
2023-09-01,Dominos,1393.0,DEBIT,Restaurants
2023-09-01,Dominos,1065.0,DEBIT,Restaurants
2023-09-01,Auto Rickshaw,583.0,DEBIT,Transport
2023-09-01,TechCorp Payroll,109337.0,CREDIT,Salary
2023-09-02,Monthly House Rent,22519.0,DEBIT,Rent
2023-09-02,BigBasket,158.0,DEBIT,Groceries
2023-09-02,Third Wave Coffee,414.0,DEBIT,Coffee Shops
2023-09-02,Subway,1151.0,DEBIT,Restaurants
2023-09-02,Blinkit,1031.0,DEBIT,Groceries
2023-09-03,Auto Rickshaw,200.0,DEBIT,Transport
2023-09-03,Starbucks,267.0,DEBIT,Coffee Shops
2023-09-03,Subway,880.0,DEBIT,Restaurants
2023-09-03,Local Cafe,1165.0,DEBIT,Restaurants
2023-09-03,Myntra,2661.0,DEBIT,Shopping
2023-09-03,Uber Ride,406.0,DEBIT,Transport
2023-09-04,BEST Bus Ticket,416.0,DEBIT,Transport
2023-09-04,IKEA India,644.0,DEBIT,Shopping
2023-09-04,Adani Electricity,1094.0,DEBIT,Utilities
2023-09-04,Local Grocery,1033.0,DEBIT,Groceries
2023-09-04,Local Clinic Checkup,387.0,DEBIT,Medical
2023-09-04,Blue Tokai,264.0,DEBIT,Coffee Shops
2023-09-05,Zerodha Funds,5345.0,DEBIT,Investment
2023-09-05,Dinner out,1397.0,DEBIT,Restaurants
2023-09-05,Air India,5556.0,DEBIT,Travel
2023-09-05,Reliance Fresh,1198.0,DEBIT,Groceries
2023-09-05,Dominos,1257.0,DEBIT,Restaurants
2023-09-06,INOX,449.0,DEBIT,Entertainment
2023-09-06,McDonalds,496.0,DEBIT,Restaurants
2023-09-06,Mumbai Metro,60.0,DEBIT,Transport
2023-09-06,Milk Subscription,1084.0,DEBIT,Groceries
2023-09-06,BEST Bus Ticket,78.0,DEBIT,Transport
2023-09-07,Auto Rickshaw,351.0,DEBIT,Transport
2023-09-07,BigBasket,175.0,DEBIT,Groceries
2023-09-07,Credit Card Bill,5516.0,DEBIT,EMI
2023-09-07,Milk Subscription,1051.0,DEBIT,Groceries
2023-09-07,Blinkit,1117.0,DEBIT,Groceries
2023-09-08,Blinkit,440.0,DEBIT,Groceries
2023-09-08,Third Wave Coffee,489.0,DEBIT,Coffee Shops
2023-09-08,IRCTC,222.0,DEBIT,Transport
2023-09-08,Cafe Coffee Day,497.0,DEBIT,Coffee Shops
2023-09-08,Burger King,1089.0,DEBIT,Restaurants
2023-09-08,IRCTC,401.0,DEBIT,Transport
2023-09-08,Adani Electricity,837.0,DEBIT,Utilities
2023-09-09,Dominos,1731.0,DEBIT,Restaurants
2023-09-09,Starbucks,442.0,DEBIT,Coffee Shops
2023-09-09,Local Grocery,1119.0,DEBIT,Groceries
2023-09-09,Ola Cab,532.0,DEBIT,Transport
2023-09-09,Subway,255.0,DEBIT,Restaurants
2023-09-09,Taj Hotel,2884.0,DEBIT,Travel
2023-09-09,Amazon,727.0,DEBIT,Shopping
2023-09-10,Local Grocery,1044.0,DEBIT,Groceries
2023-09-10,Mumbai Metro,30.0,DEBIT,Transport
2023-09-10,Reliance Fresh,1087.0,DEBIT,Groceries
2023-09-10,Local Cafe,942.0,DEBIT,Restaurants
2023-09-11,Air India,5442.0,DEBIT,Travel
2023-09-11,Mumbai Metro,166.0,DEBIT,Transport
2023-09-11,Cafe Coffee Day,278.0,DEBIT,Coffee Shops
2023-09-11,Reliance Digital,1438.0,DEBIT,Shopping
2023-09-11,McDonalds,1255.0,DEBIT,Restaurants
2023-09-11,Mumbai Metro,174.0,DEBIT,Transport
2023-09-11,Local Cafe,1569.0,DEBIT,Restaurants
2023-09-12,IRCTC,279.0,DEBIT,Transport
2023-09-12,Local Grocery,715.0,DEBIT,Groceries
2023-09-12,Burger King,469.0,DEBIT,Restaurants
2023-09-12,Croma,573.0,DEBIT,Shopping
2023-09-12,Zomato,1067.0,DEBIT,Restaurants
2023-09-12,Mumbai Metro,334.0,DEBIT,Transport
2023-09-13,Ola Cab,540.0,DEBIT,Transport
2023-09-13,Donation,812.0,DEBIT,Miscellaneous
2023-09-13,Auto Rickshaw,419.0,DEBIT,Transport
2023-09-13,Blue Tokai,152.0,DEBIT,Coffee Shops
2023-09-13,Office Canteen Coffee,468.0,DEBIT,Coffee Shops
2023-09-13,Croma,3397.0,DEBIT,Shopping
2023-09-13,IRCTC,598.0,DEBIT,Transport
2023-09-14,Adani Electricity,825.0,DEBIT,Utilities
2023-09-14,Amazon,1725.0,DEBIT,Shopping
2023-09-14,Blinkit,651.0,DEBIT,Groceries
2023-09-14,Indian Oil,561.0,DEBIT,Transport
2023-09-14,Uber Ride,524.0,DEBIT,Transport
2023-09-14,Luxury Ajio,15373.0,DEBIT,Shopping
2023-09-14,Indian Oil,416.0,DEBIT,Transport
2023-09-15,BEST Bus Ticket,341.0,DEBIT,Transport
2023-09-15,Cafe Coffee Day,335.0,DEBIT,Coffee Shops
2023-09-15,Ajio,1849.0,DEBIT,Shopping
2023-09-15,Zepto,909.0,DEBIT,Groceries
2023-09-15,Burger King,1676.0,DEBIT,Restaurants
2023-09-16,Jio Fiber,1585.0,DEBIT,Utilities
2023-09-16,Uber Ride,445.0,DEBIT,Transport
2023-09-16,Auto Rickshaw,462.0,DEBIT,Transport
2023-09-16,Auto Rickshaw,564.0,DEBIT,Transport
2023-09-16,Blinkit,291.0,DEBIT,Groceries
2023-09-16,Zepto,113.0,DEBIT,Groceries
2023-09-17,Third Wave Coffee,462.0,DEBIT,Coffee Shops
2023-09-17,Local Grocery,415.0,DEBIT,Groceries
2023-09-17,Donation,713.0,DEBIT,Miscellaneous
2023-09-17,DMart,88.0,DEBIT,Groceries
2023-09-17,IndiGo Airlines,5522.0,DEBIT,Travel
2023-09-17,Blinkit,620.0,DEBIT,Groceries
2023-09-18,Amazon Fresh,248.0,DEBIT,Groceries
2023-09-18,Swiggy,1132.0,DEBIT,Restaurants
2023-09-18,Burger King,1210.0,DEBIT,Restaurants
2023-09-18,Blinkit,155.0,DEBIT,Groceries
2023-09-18,IRCTC,439.0,DEBIT,Transport
2023-09-18,Airtel Postpaid,413.0,DEBIT,Utilities
2023-09-18,Jio Fiber,724.0,DEBIT,Utilities
2023-09-19,Dominos,615.0,DEBIT,Restaurants
2023-09-19,Reliance Fresh,143.0,DEBIT,Groceries
2023-09-19,Office Canteen Coffee,229.0,DEBIT,Coffee Shops
2023-09-19,Amazon,3064.0,DEBIT,Shopping
2023-09-19,Amazon Fresh,908.0,DEBIT,Groceries
2023-09-20,Uber Ride,83.0,DEBIT,Transport
2023-09-20,Office Canteen Coffee,211.0,DEBIT,Coffee Shops
2023-09-20,Dominos,260.0,DEBIT,Restaurants
2023-09-21,Mumbai Metro,176.0,DEBIT,Transport
2023-09-21,Gift,194.0,DEBIT,Miscellaneous
2023-10-01,Starbucks,357.0,DEBIT,Coffee Shops
2023-10-01,Amazon Fresh,1003.0,DEBIT,Groceries
2023-10-01,BookMyShow,323.0,DEBIT,Entertainment
2023-10-01,Office Canteen Coffee,215.0,DEBIT,Coffee Shops
2023-10-01,McDonalds,466.0,DEBIT,Restaurants
2023-10-01,Starbucks,428.0,DEBIT,Coffee Shops
2023-10-01,Monthly Salary,109920.0,CREDIT,Salary
2023-10-02,HP Petrol Pump,372.0,DEBIT,Transport
2023-10-02,Blue Tokai,181.0,DEBIT,Coffee Shops
2023-10-02,Airtel Postpaid,1339.0,DEBIT,Utilities
2023-10-02,Croma,2158.0,DEBIT,Shopping
2023-10-02,IRCTC,30.0,DEBIT,Transport
2023-10-02,Cafe Coffee Day,385.0,DEBIT,Coffee Shops
2023-10-02,Landlord Transfer,23588.0,DEBIT,Rent
2023-10-02,HP Petrol Pump,74.0,DEBIT,Transport
2023-10-03,Indian Oil,43.0,DEBIT,Transport
2023-10-03,BigBasket,639.0,DEBIT,Groceries
2023-10-03,Zomato,1558.0,DEBIT,Restaurants
2023-10-03,BEST Bus Ticket,201.0,DEBIT,Transport
2023-10-03,Uber Ride,522.0,DEBIT,Transport
2023-10-04,PVR Cinemas,803.0,DEBIT,Entertainment
2023-10-04,Uber Ride,265.0,DEBIT,Transport
2023-10-04,Cafe Coffee Day,173.0,DEBIT,Coffee Shops
2023-10-04,Decathlon,2334.0,DEBIT,Shopping
2023-10-05,Zepto,796.0,DEBIT,Groceries
2023-10-05,Decathlon,1921.0,DEBIT,Shopping
2023-10-05,Office Canteen Coffee,315.0,DEBIT,Coffee Shops
2023-10-05,Mutual Fund SIP,7402.0,DEBIT,Investment
2023-10-05,Blue Tokai,280.0,DEBIT,Coffee Shops
2023-10-06,Local Grocery,378.0,DEBIT,Groceries
2023-10-06,Indian Oil,502.0,DEBIT,Transport
2023-10-06,Auto Rickshaw,512.0,DEBIT,Transport
2023-10-06,Apollo Pharmacy,1376.0,DEBIT,Medical
2023-10-07,Personal Loan EMI,7152.0,DEBIT,EMI
2023-10-07,Uber Ride,460.0,DEBIT,Transport
2023-10-07,HP Petrol Pump,600.0,DEBIT,Transport
2023-10-07,Office Canteen Coffee,377.0,DEBIT,Coffee Shops
2023-10-07,Mumbai Metro,299.0,DEBIT,Transport
2023-10-07,McDonalds,1282.0,DEBIT,Restaurants
2023-10-08,BEST Bus Ticket,494.0,DEBIT,Transport
2023-10-08,BEST Bus Ticket,344.0,DEBIT,Transport
2023-10-08,Decathlon,7971.0,DEBIT,Shopping
2023-10-08,Dominos,1392.0,DEBIT,Restaurants
2023-10-08,Decathlon,5367.0,DEBIT,Shopping
2023-10-08,BEST Bus Ticket,569.0,DEBIT,Transport
2023-10-08,IKEA India,3980.0,DEBIT,Shopping
2023-10-09,Zara,7116.0,DEBIT,Shopping
2023-10-09,Dinner out,947.0,DEBIT,Restaurants
2023-10-09,Indian Oil,528.0,DEBIT,Transport
2023-10-09,Indian Oil,446.0,DEBIT,Transport
2023-10-09,Ola Cab,40.0,DEBIT,Transport
2023-10-09,DMart,288.0,DEBIT,Groceries
2023-10-10,Gift,679.0,DEBIT,Miscellaneous
2023-10-10,Auto Rickshaw,507.0,DEBIT,Transport
2023-10-10,Starbucks,212.0,DEBIT,Coffee Shops
2023-10-10,Zepto,802.0,DEBIT,Groceries
2023-10-10,Swiggy,476.0,DEBIT,Restaurants
2023-10-11,Amazon Fresh,237.0,DEBIT,Groceries
2023-10-11,Local Cafe,1030.0,DEBIT,Restaurants
2023-10-11,BigBasket,775.0,DEBIT,Groceries
2023-10-11,Flipkart,7056.0,DEBIT,Shopping
2023-10-11,Dinner out,664.0,DEBIT,Restaurants
2023-10-11,DMart,1192.0,DEBIT,Groceries
2023-10-11,Decathlon,5708.0,DEBIT,Shopping
2023-10-12,Blinkit,775.0,DEBIT,Groceries
2023-10-12,Decathlon,3882.0,DEBIT,Shopping
2023-10-12,Local Clinic Checkup,925.0,DEBIT,Medical
2023-10-12,Mumbai Metro,417.0,DEBIT,Transport
2023-10-12,RedBus,5780.0,DEBIT,Travel
2023-10-13,Blue Tokai,367.0,DEBIT,Coffee Shops
2023-10-13,Zepto,113.0,DEBIT,Groceries
2023-10-13,Mahanagar Gas,1411.0,DEBIT,Utilities
2023-10-13,Local Cafe,817.0,DEBIT,Restaurants
2023-10-13,Zomato Refund,972.0,CREDIT,Refund
2023-10-14,Water Bill,1060.0,DEBIT,Utilities
2023-10-14,BEST Bus Ticket,211.0,DEBIT,Transport
2023-10-14,PVR Cinemas (High Value),17161.0,DEBIT,Entertainment
2023-10-14,Blue Tokai,239.0,DEBIT,Coffee Shops
2023-10-14,Amazon Fresh,276.0,DEBIT,Groceries
2023-10-15,Uber Ride,213.0,DEBIT,Transport
2023-10-15,Indian Oil,120.0,DEBIT,Transport
2023-10-15,Zepto,286.0,DEBIT,Groceries
2023-10-15,Local Grocery,899.0,DEBIT,Groceries
2023-10-21,Amazon Refund,795.0,CREDIT,Refund
2023-10-23,BEST Bus Ticket,46.0,DEBIT,Transport
2023-10-29,BEST Bus Ticket,41.0,DEBIT,Transport
2023-11-01,Local Grocery,1053.0,DEBIT,Groceries
2023-11-01,Zepto,1073.0,DEBIT,Groceries
2023-11-01,Local Clinic Checkup,807.0,DEBIT,Medical
2023-11-01,Zepto,832.0,DEBIT,Groceries
2023-11-01,Ola Cab,590.0,DEBIT,Transport
2023-11-01,Dominos,1380.0,DEBIT,Restaurants
2023-11-01,TechCorp Payroll,94327.0,CREDIT,Salary
2023-11-01,BEST Bus Ticket,368.0,DEBIT,Transport
2023-11-02,Jio Fiber,1868.0,DEBIT,Utilities
2023-11-02,Landlord Transfer,21613.0,DEBIT,Rent
2023-11-02,Subway,205.0,DEBIT,Restaurants
2023-11-02,Local Cafe,879.0,DEBIT,Restaurants
2023-11-02,Decathlon,1867.0,DEBIT,Shopping
2023-11-03,Starbucks,414.0,DEBIT,Coffee Shops
2023-11-03,Mumbai Metro,545.0,DEBIT,Transport
2023-11-03,HP Petrol Pump,449.0,DEBIT,Transport
2023-11-03,BEST Bus Ticket,85.0,DEBIT,Transport
2023-11-03,Zomato,1169.0,DEBIT,Restaurants
2023-11-04,McDonalds,1593.0,DEBIT,Restaurants
2023-11-04,INOX,544.0,DEBIT,Entertainment
2023-11-04,Zara,2871.0,DEBIT,Shopping
2023-11-04,Burger King,1488.0,DEBIT,Restaurants
2023-11-04,Myntra,3147.0,DEBIT,Shopping
2023-11-05,Starbucks,171.0,DEBIT,Coffee Shops
2023-11-05,PPF Deposit,7763.0,DEBIT,Investment
2023-11-05,Zepto,825.0,DEBIT,Groceries
2023-11-05,DMart,860.0,DEBIT,Groceries
2023-11-05,Zomato,1361.0,DEBIT,Restaurants
2023-11-05,DMart,451.0,DEBIT,Groceries
2023-11-06,Subway,1777.0,DEBIT,Restaurants
2023-11-06,Blue Tokai,331.0,DEBIT,Coffee Shops
2023-11-06,BEST Bus Ticket,295.0,DEBIT,Transport
2023-11-06,Cafe Coffee Day,378.0,DEBIT,Coffee Shops
2023-11-06,IRCTC,290.0,DEBIT,Transport
2023-11-07,DMart,995.0,DEBIT,Groceries
2023-11-07,Zepto,91.0,DEBIT,Groceries
2023-11-07,HDFC Auto Loan,9639.0,DEBIT,EMI
2023-11-07,Reliance Fresh,126.0,DEBIT,Groceries
2023-11-07,Air India,5065.0,DEBIT,Travel
2023-11-08,Spotify Premium,495.0,DEBIT,Entertainment
2023-11-08,BEST Bus Ticket,407.0,DEBIT,Transport
2023-11-08,IRCTC,436.0,DEBIT,Transport
2023-11-08,Zepto,144.0,DEBIT,Groceries
2023-11-09,DMart,643.0,DEBIT,Groceries
2023-11-09,Third Wave Coffee,236.0,DEBIT,Coffee Shops
2023-11-09,PVR Cinemas,351.0,DEBIT,Entertainment
2023-11-09,Decathlon,4557.0,DEBIT,Shopping
2023-11-09,Amazon,6549.0,DEBIT,Shopping
2023-11-10,Indian Oil,152.0,DEBIT,Transport
2023-11-10,Reliance Digital,5910.0,DEBIT,Shopping
2023-11-10,Subway,1661.0,DEBIT,Restaurants
2023-11-10,Reliance Digital,6162.0,DEBIT,Shopping
2023-11-10,Apollo Pharmacy,1702.0,DEBIT,Medical
2023-11-10,Mumbai Metro,132.0,DEBIT,Transport
2023-11-11,McDonalds,1444.0,DEBIT,Restaurants
2023-11-11,Auto Rickshaw,269.0,DEBIT,Transport
2023-11-11,Decathlon,4071.0,DEBIT,Shopping
2023-11-11,Reliance Fresh,284.0,DEBIT,Groceries
2023-11-11,Ola Cab,148.0,DEBIT,Transport
2023-11-12,Myntra Return Refund,1174.0,CREDIT,Refund
2023-11-12,Indian Oil,61.0,DEBIT,Transport
2023-11-12,Milk Subscription,382.0,DEBIT,Groceries
2023-11-12,Airtel Postpaid,1878.0,DEBIT,Utilities
2023-11-12,Steam Game,784.0,DEBIT,Entertainment
2023-11-12,Tata 1mg,2239.0,DEBIT,Medical
2023-11-13,BEST Bus Ticket,95.0,DEBIT,Transport
2023-11-13,Milk Subscription,565.0,DEBIT,Groceries
2023-11-13,McDonalds,1220.0,DEBIT,Restaurants
2023-11-13,Ola Cab,37.0,DEBIT,Transport
2023-11-13,Decathlon,6964.0,DEBIT,Shopping
2023-11-13,Amazon,6550.0,DEBIT,Shopping
2023-11-14,Steam Game,373.0,DEBIT,Entertainment
2023-11-14,Croma,6653.0,DEBIT,Shopping
2023-11-14,Amazon,5278.0,DEBIT,Shopping
2023-11-15,BEST Bus Ticket,599.0,DEBIT,Transport
2023-11-17,HP Petrol Pump,70.0,DEBIT,Transport
2023-11-21,Zepto,84.0,DEBIT,Groceries
2023-11-22,BEST Bus Ticket,37.0,DEBIT,Transport
2023-11-22,Client Payment,14984.0,CREDIT,Freelancing
2023-11-24,HP Petrol Pump,115.0,DEBIT,Transport
2023-12-01,Uber Ride,151.0,DEBIT,Transport
2023-12-01,Salary Credit,107086.0,CREDIT,Salary
2023-12-01,Subway,1452.0,DEBIT,Restaurants
2023-12-01,Swiggy,219.0,DEBIT,Restaurants
2023-12-01,Uber Ride,179.0,DEBIT,Transport
2023-12-02,HP Petrol Pump,475.0,DEBIT,Transport
2023-12-02,Croma,6366.0,DEBIT,Shopping
2023-12-02,Zara,5757.0,DEBIT,Shopping
2023-12-02,HP Petrol Pump,568.0,DEBIT,Transport
2023-12-02,Mumbai Metro,578.0,DEBIT,Transport
2023-12-02,Health Insurance Premium,2135.0,DEBIT,Medical
2023-12-02,Landlord Transfer,21667.0,DEBIT,Rent
2023-12-03,Myntra,4429.0,DEBIT,Shopping
2023-12-03,Milk Subscription,1099.0,DEBIT,Groceries
2023-12-03,Zara,6760.0,DEBIT,Shopping
2023-12-03,JioCinema,246.0,DEBIT,Entertainment
2023-12-04,IKEA India,6890.0,DEBIT,Shopping
2023-12-04,Local Cafe,1531.0,DEBIT,Restaurants
2023-12-04,Cafe Coffee Day,231.0,DEBIT,Coffee Shops
2023-12-04,Tata 1mg,1713.0,DEBIT,Medical
2023-12-04,Spotify Premium,403.0,DEBIT,Entertainment
2023-12-04,INOX,157.0,DEBIT,Entertainment
2023-12-05,Uber Ride,489.0,DEBIT,Transport
2023-12-05,Third Wave Coffee (High Value),16311.0,DEBIT,Coffee Shops
2023-12-05,Cafe Coffee Day,316.0,DEBIT,Coffee Shops
2023-12-05,Ola Cab,214.0,DEBIT,Transport
2023-12-05,Zomato,1795.0,DEBIT,Restaurants
2023-12-05,Gold Purchase,9124.0,DEBIT,Investment
2023-12-05,Ola Cab,492.0,DEBIT,Transport
2023-12-06,Myntra,5254.0,DEBIT,Shopping
2023-12-06,HP Petrol Pump,332.0,DEBIT,Transport
2023-12-06,Indian Oil,166.0,DEBIT,Transport
2023-12-06,Burger King,1609.0,DEBIT,Restaurants
2023-12-06,Auto Rickshaw,105.0,DEBIT,Transport
2023-12-07,Zomato,285.0,DEBIT,Restaurants
2023-12-07,Airtel Postpaid,495.0,DEBIT,Utilities
2023-12-07,Auto Rickshaw,245.0,DEBIT,Transport
2023-12-07,Amazon Fresh,432.0,DEBIT,Groceries
2023-12-07,HP Petrol Pump,84.0,DEBIT,Transport
2023-12-07,DMart,438.0,DEBIT,Groceries
2023-12-07,Credit Card Bill,5472.0,DEBIT,EMI
2023-12-07,Uber Ride,92.0,DEBIT,Transport
2023-12-08,Steam Game,725.0,DEBIT,Entertainment
2023-12-08,Mumbai Metro,279.0,DEBIT,Transport
2023-12-08,Zomato,1800.0,DEBIT,Restaurants
2023-12-08,Local Grocery,732.0,DEBIT,Groceries
2023-12-08,Milk Subscription,816.0,DEBIT,Groceries
2023-12-08,Uber Ride,590.0,DEBIT,Transport
2023-12-08,Mumbai Metro,351.0,DEBIT,Transport
2023-12-09,Croma,3438.0,DEBIT,Shopping
2023-12-09,Zepto,359.0,DEBIT,Groceries
2023-12-09,Office Canteen Coffee (High Value),17165.0,DEBIT,Coffee Shops
2023-12-09,Auto Rickshaw,137.0,DEBIT,Transport
2023-12-09,IKEA India,7560.0,DEBIT,Shopping
2023-12-09,Dinner out,985.0,DEBIT,Restaurants
2023-12-10,Amazon,2944.0,DEBIT,Shopping
2023-12-10,Indian Oil,41.0,DEBIT,Transport
2023-12-10,Freelance Gig,5414.0,CREDIT,Freelancing
2023-12-11,BigBasket,240.0,DEBIT,Groceries
2023-12-25,Ola Cab,36.0,DEBIT,Transport
2023-12-27,Auto Rickshaw,32.0,DEBIT,Transport
2024-01-01,Monthly Paycheck,92877.0,CREDIT,Salary
2024-01-01,BigBasket,704.0,DEBIT,Groceries
2024-01-01,Uber Ride,313.0,DEBIT,Transport
2024-01-01,Reliance Digital,3280.0,DEBIT,Shopping
2024-01-01,Local Grocery,530.0,DEBIT,Groceries
2024-01-01,Third Wave Coffee,236.0,DEBIT,Coffee Shops
2024-01-01,Local Cafe,1706.0,DEBIT,Restaurants
2024-01-02,BigBasket,592.0,DEBIT,Groceries
2024-01-02,Adani Electricity,1458.0,DEBIT,Utilities
2024-01-02,Netflix Subscription,715.0,DEBIT,Entertainment
2024-01-02,Airtel Postpaid (High Value),17492.0,DEBIT,Utilities
2024-01-02,Monthly House Rent,20267.0,DEBIT,Rent
2024-01-02,Ajio,2102.0,DEBIT,Shopping
2024-01-02,Apollo Pharmacy,455.0,DEBIT,Medical
2024-01-03,NetMeds,1806.0,DEBIT,Medical
2024-01-03,HP Petrol Pump,158.0,DEBIT,Transport
2024-01-03,DMart,300.0,DEBIT,Groceries
2024-01-03,Subway,262.0,DEBIT,Restaurants
2024-01-04,Zepto,92.0,DEBIT,Groceries
2024-01-04,IRCTC,363.0,DEBIT,Transport
2024-01-04,Local Grocery,1179.0,DEBIT,Groceries
2024-01-04,Pet Care,132.0,DEBIT,Miscellaneous
2024-01-04,McDonalds,1773.0,DEBIT,Restaurants
2024-01-04,HP Petrol Pump,358.0,DEBIT,Transport
2024-01-05,Zomato,897.0,DEBIT,Restaurants
2024-01-05,Auto Rickshaw,513.0,DEBIT,Transport
2024-01-05,Spotify Premium,370.0,DEBIT,Entertainment
2024-01-05,INOX,248.0,DEBIT,Entertainment
2024-01-05,Milk Subscription,471.0,DEBIT,Groceries
2024-01-05,Decathlon,3266.0,DEBIT,Shopping
2024-01-05,Gold Purchase,6240.0,DEBIT,Investment
2024-01-05,Auto Rickshaw,167.0,DEBIT,Transport
2024-01-06,Myntra,1976.0,DEBIT,Shopping
2024-01-06,Blinkit,448.0,DEBIT,Groceries
2024-01-06,Zepto,83.0,DEBIT,Groceries
2024-01-06,Swiggy,223.0,DEBIT,Restaurants
2024-01-06,HP Petrol Pump,382.0,DEBIT,Transport
2024-01-06,Air India,4978.0,DEBIT,Travel
2024-01-07,Third Wave Coffee,339.0,DEBIT,Coffee Shops
2024-01-07,Local Grocery,761.0,DEBIT,Groceries
2024-01-07,Dominos,367.0,DEBIT,Restaurants
2024-01-07,Bajaj Finserv EMI,5192.0,DEBIT,EMI
2024-01-07,Dominos,306.0,DEBIT,Restaurants
2024-01-08,Milk Subscription,81.0,DEBIT,Groceries
2024-01-08,IRCTC,484.0,DEBIT,Transport
2024-01-08,Milk Subscription,204.0,DEBIT,Groceries
2024-01-08,Laundry,581.0,DEBIT,Miscellaneous
2024-01-09,Ola Cab,553.0,DEBIT,Transport
2024-01-09,Office Canteen Coffee,335.0,DEBIT,Coffee Shops
2024-01-09,Ola Cab (High Value),26498.0,DEBIT,Transport
2024-01-09,Uber Ride,521.0,DEBIT,Transport
2024-01-10,Flipkart,3749.0,DEBIT,Shopping
2024-01-10,Dominos,824.0,DEBIT,Restaurants
2024-01-10,Indian Oil,450.0,DEBIT,Transport
2024-01-10,Milk Subscription,152.0,DEBIT,Groceries
2024-01-11,PVR Cinemas,871.0,DEBIT,Entertainment
2024-01-11,Mumbai Metro,598.0,DEBIT,Transport
2024-01-11,Health Insurance Premium,1484.0,DEBIT,Medical
2024-01-11,DMart,519.0,DEBIT,Groceries
2024-01-11,HP Petrol Pump,201.0,DEBIT,Transport
2024-01-12,Zomato,847.0,DEBIT,Restaurants
2024-01-12,IRCTC,504.0,DEBIT,Transport
2024-01-12,Decathlon,935.0,DEBIT,Shopping
2024-01-12,Zepto,164.0,DEBIT,Groceries
2024-01-12,Indian Oil,366.0,DEBIT,Transport
2024-01-12,Myntra,2769.0,DEBIT,Shopping
2024-01-12,Beauty Salon,771.0,DEBIT,Miscellaneous
2024-01-13,DMart,1084.0,DEBIT,Groceries
2024-01-13,IRCTC,522.0,DEBIT,Transport
2024-01-13,Local Cafe,1472.0,DEBIT,Restaurants
2024-01-13,Zomato,843.0,DEBIT,Restaurants
2024-01-14,Milk Subscription,952.0,DEBIT,Groceries
2024-01-14,Swiggy,885.0,DEBIT,Restaurants
2024-01-14,Uber Ride,135.0,DEBIT,Transport
2024-01-14,Milk Subscription,458.0,DEBIT,Groceries
2024-01-14,Auto Rickshaw,517.0,DEBIT,Transport
2024-01-14,Gift,162.0,DEBIT,Miscellaneous
2024-01-15,Milk Subscription,450.0,DEBIT,Groceries
2024-01-15,Croma,1242.0,DEBIT,Shopping
2024-01-15,Blue Tokai,360.0,DEBIT,Coffee Shops
2024-01-15,Cafe Coffee Day,249.0,DEBIT,Coffee Shops
2024-01-15,DMart,1001.0,DEBIT,Groceries
2024-01-15,Uber Ride,49.0,DEBIT,Transport
2024-01-16,Airtel Postpaid,1621.0,DEBIT,Utilities
2024-01-16,Blinkit,911.0,DEBIT,Groceries
2024-01-16,Mumbai Metro,90.0,DEBIT,Transport
2024-01-17,IRCTC,53.0,DEBIT,Transport
2024-01-17,Dinner out,826.0,DEBIT,Restaurants
2024-01-17,Cafe Coffee Day,264.0,DEBIT,Coffee Shops
2024-01-17,Starbucks,423.0,DEBIT,Coffee Shops
2024-01-17,Uber Ride,404.0,DEBIT,Transport
2024-01-17,Subway,1456.0,DEBIT,Restaurants
2024-01-18,HP Petrol Pump,287.0,DEBIT,Transport
2024-01-18,Burger King,219.0,DEBIT,Restaurants
2024-01-19,HP Petrol Pump,103.0,DEBIT,Transport
2024-01-21,GPay Cashback,155.0,CREDIT,Cashback
2024-01-22,PhonePe Scratch Card,50.0,CREDIT,Cashback
2024-01-26,GPay Cashback,182.0,CREDIT,Cashback
2024-02-01,BigBasket,554.0,DEBIT,Groceries
2024-02-01,McDonalds,479.0,DEBIT,Restaurants
2024-02-01,IRCTC,442.0,DEBIT,Transport
2024-02-01,Amazon,3768.0,DEBIT,Shopping
2024-02-01,TechCorp Payroll,108282.0,CREDIT,Salary
2024-02-01,DMart,999.0,DEBIT,Groceries
2024-02-02,DMart,846.0,DEBIT,Groceries
2024-02-02,Pet Care,479.0,DEBIT,Miscellaneous
2024-02-02,Blue Tokai,286.0,DEBIT,Coffee Shops
2024-02-02,Indian Oil,361.0,DEBIT,Transport
2024-02-02,Pet Care,716.0,DEBIT,Miscellaneous
2024-02-02,Amazon Fresh,250.0,DEBIT,Groceries
2024-02-02,Monthly House Rent,22979.0,DEBIT,Rent
2024-02-02,BigBasket,100.0,DEBIT,Groceries
2024-02-03,Third Wave Coffee,270.0,DEBIT,Coffee Shops
2024-02-03,JioCinema,548.0,DEBIT,Entertainment
2024-02-03,McDonalds,1434.0,DEBIT,Restaurants
2024-02-03,INOX (High Value),24119.0,DEBIT,Entertainment
2024-02-03,HP Petrol Pump,468.0,DEBIT,Transport
2024-02-03,Subway,1077.0,DEBIT,Restaurants
2024-02-04,DMart,440.0,DEBIT,Groceries
2024-02-04,Starbucks,372.0,DEBIT,Coffee Shops
2024-02-04,DMart,467.0,DEBIT,Groceries
2024-02-04,HP Petrol Pump,500.0,DEBIT,Transport
2024-02-04,Subway,1795.0,DEBIT,Restaurants
2024-02-05,Electricity Board,1315.0,DEBIT,Utilities
2024-02-05,Croma,2078.0,DEBIT,Shopping
2024-02-05,Zepto,748.0,DEBIT,Groceries
2024-02-05,Third Wave Coffee,402.0,DEBIT,Coffee Shops
2024-02-05,Local Cafe,1612.0,DEBIT,Restaurants
2024-02-05,Gold Purchase,9596.0,DEBIT,Investment
2024-02-05,Local Grocery,1102.0,DEBIT,Groceries
2024-02-06,Subway,1484.0,DEBIT,Restaurants
2024-02-06,Dinner out,1743.0,DEBIT,Restaurants
2024-02-06,Dominos,1103.0,DEBIT,Restaurants
2024-02-06,Third Wave Coffee,207.0,DEBIT,Coffee Shops
2024-02-06,Reliance Fresh,927.0,DEBIT,Groceries
2024-02-06,Laundry,104.0,DEBIT,Miscellaneous
2024-02-07,Bajaj Finserv EMI,7655.0,DEBIT,EMI
2024-02-07,Uber Ride,537.0,DEBIT,Transport
2024-02-07,Ajio,1161.0,DEBIT,Shopping
2024-02-07,Blinkit,766.0,DEBIT,Groceries
2024-02-07,Luxury IKEA India,28363.0,DEBIT,Shopping
2024-02-08,Netflix Subscription,402.0,DEBIT,Entertainment
2024-02-08,BigBasket,293.0,DEBIT,Groceries
2024-02-08,Decathlon,1130.0,DEBIT,Shopping
2024-02-08,McDonalds,1032.0,DEBIT,Restaurants
2024-02-08,Water Bill,1246.0,DEBIT,Utilities
2024-02-09,Child Care,950.0,DEBIT,Miscellaneous
2024-02-09,Zepto,81.0,DEBIT,Groceries
2024-02-09,Child Care,754.0,DEBIT,Miscellaneous
2024-02-09,Reliance Fresh,1015.0,DEBIT,Groceries
2024-02-09,Zepto,746.0,DEBIT,Groceries
2024-02-09,JioCinema,196.0,DEBIT,Entertainment
2024-02-09,DMart,353.0,DEBIT,Groceries
2024-02-10,Local Grocery,839.0,DEBIT,Groceries
2024-02-10,Uber Ride,251.0,DEBIT,Transport
2024-02-10,Burger King,1538.0,DEBIT,Restaurants
2024-02-10,Local Cafe,667.0,DEBIT,Restaurants
2024-02-10,Local Grocery,1061.0,DEBIT,Groceries
2024-02-11,PVR Cinemas,187.0,DEBIT,Entertainment
2024-02-11,Decathlon,3020.0,DEBIT,Shopping
2024-02-11,Burger King,1782.0,DEBIT,Restaurants
2024-02-11,Amazon Fresh,645.0,DEBIT,Groceries
2024-02-11,Cafe Coffee Day,448.0,DEBIT,Coffee Shops
2024-02-11,IRCTC,210.0,DEBIT,Transport
2024-02-11,Zepto,974.0,DEBIT,Groceries
2024-02-12,Spotify Premium,485.0,DEBIT,Entertainment
2024-02-26,PhonePe Scratch Card,130.0,CREDIT,Cashback
2024-02-27,Amazon Pay Reward,78.0,CREDIT,Cashback
2024-03-01,BEST Bus Ticket,294.0,DEBIT,Transport
2024-03-01,Ajio,1236.0,DEBIT,Shopping
2024-03-01,Ola Cab,468.0,DEBIT,Transport
2024-03-01,Luxury Reliance Digital,17604.0,DEBIT,Shopping
2024-03-01,Monthly Paycheck,105526.0,CREDIT,Salary
2024-03-02,Landlord Transfer,21563.0,DEBIT,Rent
2024-03-02,Local Cafe,245.0,DEBIT,Restaurants
2024-03-02,Health Insurance Premium,2139.0,DEBIT,Medical
2024-03-02,BigBasket,860.0,DEBIT,Groceries
2024-03-02,Zepto,956.0,DEBIT,Groceries
2024-03-02,Health Insurance Premium,1983.0,DEBIT,Medical
2024-03-02,Uber Ride,571.0,DEBIT,Transport
2024-03-03,Steam Game,461.0,DEBIT,Entertainment
2024-03-03,Steam Game,779.0,DEBIT,Entertainment
2024-03-03,Steam Game,760.0,DEBIT,Entertainment
2024-03-03,Zomato,1124.0,DEBIT,Restaurants
2024-03-03,Zomato,1583.0,DEBIT,Restaurants
2024-03-03,BigBasket,1053.0,DEBIT,Groceries
2024-03-03,Amazon,2677.0,DEBIT,Shopping
2024-03-04,Indian Oil,307.0,DEBIT,Transport
2024-03-04,Airtel Postpaid,1160.0,DEBIT,Utilities
2024-03-04,Amazon Fresh,104.0,DEBIT,Groceries
2024-03-04,Ola Cab,204.0,DEBIT,Transport
2024-03-04,Mumbai Metro,451.0,DEBIT,Transport
2024-03-04,IRCTC,511.0,DEBIT,Transport
2024-03-05,Gold Purchase,8333.0,DEBIT,Investment
2024-03-05,HP Petrol Pump (High Value),20484.0,DEBIT,Transport
2024-03-05,Zepto,474.0,DEBIT,Groceries
2024-03-05,Amazon Fresh,525.0,DEBIT,Groceries
2024-03-05,McDonalds,525.0,DEBIT,Restaurants
2024-03-05,Mumbai Metro,571.0,DEBIT,Transport
2024-03-05,Tata 1mg,1749.0,DEBIT,Medical
2024-03-06,Adani Electricity,1266.0,DEBIT,Utilities
2024-03-06,Amazon Pay Reward,157.0,CREDIT,Cashback
2024-03-06,Milk Subscription,407.0,DEBIT,Groceries
2024-03-06,MakeMyTrip,2086.0,DEBIT,Travel
2024-03-06,Zara,1102.0,DEBIT,Shopping
2024-03-07,Bajaj Finserv EMI,8105.0,DEBIT,EMI
2024-03-07,Uber Ride,483.0,DEBIT,Transport
2024-03-07,McDonalds,1387.0,DEBIT,Restaurants
2024-03-07,DMart,843.0,DEBIT,Groceries
2024-03-07,Third Wave Coffee,344.0,DEBIT,Coffee Shops
2024-03-08,BigBasket,740.0,DEBIT,Groceries
2024-03-08,Third Wave Coffee (High Value),22288.0,DEBIT,Coffee Shops
2024-03-08,BEST Bus Ticket,476.0,DEBIT,Transport
2024-03-08,Ola Cab,397.0,DEBIT,Transport
2024-03-08,DMart,354.0,DEBIT,Groceries
2024-03-08,Zepto,328.0,DEBIT,Groceries
2024-03-09,INOX,440.0,DEBIT,Entertainment
2024-03-09,Blue Tokai,226.0,DEBIT,Coffee Shops
2024-03-09,BigBasket,1111.0,DEBIT,Groceries
2024-03-09,IRCTC,76.0,DEBIT,Transport
2024-03-09,DMart,513.0,DEBIT,Groceries
2024-03-09,Third Wave Coffee,236.0,DEBIT,Coffee Shops
2024-03-09,Third Wave Coffee,304.0,DEBIT,Coffee Shops
2024-03-10,DMart,642.0,DEBIT,Groceries
2024-03-10,BEST Bus Ticket,204.0,DEBIT,Transport
2024-03-10,Amazon Fresh,309.0,DEBIT,Groceries
2024-03-10,McDonalds,1693.0,DEBIT,Restaurants
2024-03-10,INOX,734.0,DEBIT,Entertainment
2024-03-11,PVR Cinemas,656.0,DEBIT,Entertainment
2024-03-11,Ajio,3380.0,DEBIT,Shopping
2024-03-11,BigBasket,548.0,DEBIT,Groceries
2024-03-11,Blue Tokai,161.0,DEBIT,Coffee Shops
2024-03-11,Local Cafe,1344.0,DEBIT,Restaurants
2024-04-01,BEST Bus Ticket,489.0,DEBIT,Transport
2024-04-01,Auto Rickshaw,572.0,DEBIT,Transport
2024-04-01,BEST Bus Ticket,257.0,DEBIT,Transport
2024-04-01,Starbucks,281.0,DEBIT,Coffee Shops
2024-04-01,TechCorp Payroll,104580.0,CREDIT,Salary
2024-04-02,Uber Ride,466.0,DEBIT,Transport
2024-04-02,Landlord Transfer,21324.0,DEBIT,Rent
2024-04-02,Starbucks,491.0,DEBIT,Coffee Shops
2024-04-02,Third Wave Coffee,412.0,DEBIT,Coffee Shops
2024-04-02,Zepto,209.0,DEBIT,Groceries
2024-04-02,Mumbai Metro,466.0,DEBIT,Transport
2024-04-03,DMart,338.0,DEBIT,Groceries
2024-04-03,BEST Bus Ticket,452.0,DEBIT,Transport
2024-04-03,Starbucks,309.0,DEBIT,Coffee Shops
2024-04-03,BigBasket,517.0,DEBIT,Groceries
2024-04-03,Ajio,3035.0,DEBIT,Shopping
2024-04-03,Burger King,370.0,DEBIT,Restaurants
2024-04-03,Third Wave Coffee,331.0,DEBIT,Coffee Shops
2024-04-04,Zomato,1364.0,DEBIT,Restaurants
2024-04-04,Amazon,2161.0,DEBIT,Shopping
2024-04-04,IKEA India,1557.0,DEBIT,Shopping
2024-04-04,Dominos,311.0,DEBIT,Restaurants
2024-04-04,Donation,158.0,DEBIT,Miscellaneous
2024-04-04,Myntra Return Refund,1287.0,CREDIT,Refund
2024-04-04,Decathlon,3865.0,DEBIT,Shopping
2024-04-05,Ajio,1243.0,DEBIT,Shopping
2024-04-05,Blinkit,235.0,DEBIT,Groceries
2024-04-05,Uber Ride,374.0,DEBIT,Transport
2024-04-05,Mutual Fund SIP,5754.0,DEBIT,Investment
2024-04-05,Steam Game,752.0,DEBIT,Entertainment
2024-04-06,Dominos,1773.0,DEBIT,Restaurants
2024-04-06,Office Canteen Coffee,320.0,DEBIT,Coffee Shops
2024-04-06,Reliance Fresh,477.0,DEBIT,Groceries
2024-04-06,BEST Bus Ticket,443.0,DEBIT,Transport
2024-04-06,Local Cafe,506.0,DEBIT,Restaurants
2024-04-07,Credit Card Bill,10626.0,DEBIT,EMI
2024-04-07,Indian Oil,353.0,DEBIT,Transport
2024-04-07,Zepto (High Value),19137.0,DEBIT,Groceries
2024-04-07,Local Grocery,316.0,DEBIT,Groceries
2024-04-07,Indian Oil,327.0,DEBIT,Transport
2024-04-08,Third Wave Coffee,233.0,DEBIT,Coffee Shops
2024-04-08,Local Grocery,204.0,DEBIT,Groceries
2024-04-08,Mumbai Metro,539.0,DEBIT,Transport
2024-04-08,BigBasket,822.0,DEBIT,Groceries
2024-04-08,BigBasket,315.0,DEBIT,Groceries
2024-04-09,BEST Bus Ticket,223.0,DEBIT,Transport
2024-04-09,Mumbai Metro,64.0,DEBIT,Transport
2024-04-09,BigBasket,972.0,DEBIT,Groceries
2024-04-09,Local Grocery,630.0,DEBIT,Groceries
2024-04-10,Blinkit,259.0,DEBIT,Groceries
2024-04-10,Local Grocery,548.0,DEBIT,Groceries
2024-04-10,Milk Subscription,761.0,DEBIT,Groceries
2024-04-10,Amazon Fresh,359.0,DEBIT,Groceries
2024-04-11,Amazon,1591.0,DEBIT,Shopping
2024-04-11,Zepto,289.0,DEBIT,Groceries
2024-04-11,Gym Subscription,826.0,DEBIT,Miscellaneous
2024-04-11,Indian Oil,65.0,DEBIT,Transport
2024-04-11,Amazon Fresh,307.0,DEBIT,Groceries
2024-04-11,Amazon,2324.0,DEBIT,Shopping
2024-04-11,Ola Cab (High Value),21127.0,DEBIT,Transport
2024-04-12,Ola Cab,492.0,DEBIT,Transport
2024-04-12,Mahanagar Gas,1713.0,DEBIT,Utilities
2024-04-12,Third Wave Coffee,246.0,DEBIT,Coffee Shops
2024-04-12,Reliance Digital,708.0,DEBIT,Shopping
2024-04-12,Auto Rickshaw,221.0,DEBIT,Transport
2024-04-12,Cafe Coffee Day,397.0,DEBIT,Coffee Shops
2024-04-12,Spotify Premium,880.0,DEBIT,Entertainment
2024-04-13,IRCTC,442.0,DEBIT,Transport
2024-04-13,IRCTC,495.0,DEBIT,Transport
2024-04-13,Mumbai Metro,480.0,DEBIT,Transport
2024-04-13,Spotify Premium,819.0,DEBIT,Entertainment
2024-04-13,BookMyShow,595.0,DEBIT,Entertainment
2024-04-13,IRCTC Cancellation,527.0,CREDIT,Refund
2024-04-14,Local Clinic Checkup,797.0,DEBIT,Medical
2024-04-14,IRCTC,87.0,DEBIT,Transport
2024-04-14,Reliance Fresh,860.0,DEBIT,Groceries
2024-04-14,MakeMyTrip,4526.0,DEBIT,Travel
2024-04-14,Ola Cab,351.0,DEBIT,Transport
2024-04-15,Amazon Fresh,344.0,DEBIT,Groceries
2024-04-15,Uber Ride,242.0,DEBIT,Transport
2024-04-15,Local Clinic Checkup,702.0,DEBIT,Medical
2024-04-15,Burger King,1297.0,DEBIT,Restaurants
2024-04-15,Starbucks,241.0,DEBIT,Coffee Shops
2024-04-16,BEST Bus Ticket,393.0,DEBIT,Transport
2024-04-16,DMart,702.0,DEBIT,Groceries
2024-04-16,Milk Subscription,448.0,DEBIT,Groceries
2024-04-16,Burger King,1637.0,DEBIT,Restaurants
2024-04-16,BigBasket,378.0,DEBIT,Groceries
2024-04-16,IndiGo Airlines,3439.0,DEBIT,Travel
2024-04-16,Freelance Gig,7974.0,CREDIT,Freelancing
2024-04-17,Dominos,1205.0,DEBIT,Restaurants
2024-04-17,Cafe Coffee Day,370.0,DEBIT,Coffee Shops
2024-04-17,Reliance Digital,879.0,DEBIT,Shopping
2024-04-17,Burger King,945.0,DEBIT,Restaurants
2024-04-17,Zepto,306.0,DEBIT,Groceries
2024-04-17,Client Payment,5931.0,CREDIT,Freelancing
2024-04-18,Milk Subscription,1110.0,DEBIT,Groceries
2024-04-18,Donation,885.0,DEBIT,Miscellaneous
2024-04-18,Uber Ride,443.0,DEBIT,Transport
2024-04-20,Auto Rickshaw,30.0,DEBIT,Transport
2024-04-23,Zomato Refund,1059.0,CREDIT,Refund
2024-04-26,Myntra Return Refund,263.0,CREDIT,Refund
2024-05-01,TechCorp Payroll,109386.0,CREDIT,Salary
2024-05-01,BigBasket,290.0,DEBIT,Groceries
2024-05-01,Uber Ride,290.0,DEBIT,Transport
2024-05-01,Local Cafe,737.0,DEBIT,Restaurants
2024-05-01,IRCTC,436.0,DEBIT,Transport
2024-05-01,Mumbai Metro,353.0,DEBIT,Transport
2024-05-02,IRCTC,382.0,DEBIT,Transport
2024-05-02,Monthly House Rent,21184.0,DEBIT,Rent
2024-05-02,McDonalds,919.0,DEBIT,Restaurants
2024-05-02,Local Grocery,779.0,DEBIT,Groceries
2024-05-02,Myntra,2296.0,DEBIT,Shopping
2024-05-03,HP Petrol Pump,214.0,DEBIT,Transport
2024-05-03,Amazon Refund,1118.0,CREDIT,Refund
2024-05-03,NetMeds,1975.0,DEBIT,Medical
2024-05-03,Starbucks,326.0,DEBIT,Coffee Shops
2024-05-03,BigBasket,270.0,DEBIT,Groceries
2024-05-03,Mumbai Metro,528.0,DEBIT,Transport
2024-05-03,BigBasket,518.0,DEBIT,Groceries
2024-05-04,Indian Oil (High Value),22712.0,DEBIT,Transport
2024-05-04,Adani Electricity,900.0,DEBIT,Utilities
2024-05-04,Jio Fiber,1410.0,DEBIT,Utilities
2024-05-04,Reliance Fresh,341.0,DEBIT,Groceries
2024-05-05,Airtel Postpaid,476.0,DEBIT,Utilities
2024-05-05,HP Petrol Pump,278.0,DEBIT,Transport
2024-05-05,Zepto,712.0,DEBIT,Groceries
2024-05-05,Ola Cab,245.0,DEBIT,Transport
2024-05-05,HP Petrol Pump,308.0,DEBIT,Transport
2024-05-05,Decathlon,2658.0,DEBIT,Shopping
2024-05-05,Zerodha Funds,5804.0,DEBIT,Investment
2024-05-05,Pet Care,550.0,DEBIT,Miscellaneous
2024-05-06,Swiggy,812.0,DEBIT,Restaurants
2024-05-06,IRCTC,391.0,DEBIT,Transport
2024-05-06,MakeMyTrip,8666.0,DEBIT,Travel
2024-05-06,Swiggy,401.0,DEBIT,Restaurants
2024-05-07,HDFC Auto Loan,5850.0,DEBIT,EMI
2024-05-07,Croma,2967.0,DEBIT,Shopping
2024-05-07,Zepto,1140.0,DEBIT,Groceries
2024-05-07,Indian Oil,495.0,DEBIT,Transport
2024-05-07,RedBus,5241.0,DEBIT,Travel
2024-05-07,HP Petrol Pump,101.0,DEBIT,Transport
2024-05-08,Mumbai Metro,481.0,DEBIT,Transport
2024-05-08,Starbucks,234.0,DEBIT,Coffee Shops
2024-05-08,Blinkit,632.0,DEBIT,Groceries
2024-05-08,HP Petrol Pump,81.0,DEBIT,Transport
2024-05-08,Local Cafe,784.0,DEBIT,Restaurants
2024-05-08,Jio Fiber,1007.0,DEBIT,Utilities
2024-05-08,Swiggy,901.0,DEBIT,Restaurants
2024-05-09,Electricity Board,895.0,DEBIT,Utilities
2024-05-09,Air India,12417.0,DEBIT,Travel
2024-05-09,HP Petrol Pump,100.0,DEBIT,Transport
2024-05-09,Uber Ride,110.0,DEBIT,Transport
2024-05-09,Dominos,1765.0,DEBIT,Restaurants
2024-05-09,Ola Cab,269.0,DEBIT,Transport
2024-05-09,Cafe Coffee Day,318.0,DEBIT,Coffee Shops
2024-05-10,Reliance Digital,3868.0,DEBIT,Shopping
2024-05-10,Indian Oil,579.0,DEBIT,Transport
2024-05-10,Zepto,555.0,DEBIT,Groceries
2024-05-10,Ola Cab,243.0,DEBIT,Transport
2024-05-11,Beauty Salon,557.0,DEBIT,Miscellaneous
2024-05-11,Adani Electricity,1300.0,DEBIT,Utilities
2024-05-11,Blinkit,759.0,DEBIT,Groceries
2024-05-11,Local Grocery,319.0,DEBIT,Groceries
2024-05-11,IRCTC,150.0,DEBIT,Transport
2024-05-11,Ajio,553.0,DEBIT,Shopping
2024-05-12,Auto Rickshaw,599.0,DEBIT,Transport
2024-05-12,Zomato Refund,319.0,CREDIT,Refund
2024-05-12,Croma,783.0,DEBIT,Shopping
2024-05-12,Swiggy,1186.0,DEBIT,Restaurants
2024-05-12,DMart,1107.0,DEBIT,Groceries
2024-05-13,Subway,1747.0,DEBIT,Restaurants
2024-05-13,Office Canteen Coffee,351.0,DEBIT,Coffee Shops
2024-05-13,IRCTC,587.0,DEBIT,Transport
2024-05-13,Blinkit,229.0,DEBIT,Groceries
2024-05-14,Zepto,429.0,DEBIT,Groceries
2024-05-14,Milk Subscription,851.0,DEBIT,Groceries
2024-05-14,Ola Cab,530.0,DEBIT,Transport
2024-05-14,Amazon Fresh,432.0,DEBIT,Groceries
2024-05-14,Spotify Premium,381.0,DEBIT,Entertainment
2024-05-15,Laundry,332.0,DEBIT,Miscellaneous
2024-05-15,HP Petrol Pump,252.0,DEBIT,Transport
2024-05-15,Reliance Digital,3660.0,DEBIT,Shopping
2024-05-15,Reliance Fresh,705.0,DEBIT,Groceries
2024-05-15,Taj Hotel,6727.0,DEBIT,Travel
2024-05-15,Cafe Coffee Day,192.0,DEBIT,Coffee Shops
2024-05-16,BEST Bus Ticket,333.0,DEBIT,Transport
2024-05-16,BigBasket,538.0,DEBIT,Groceries
2024-05-17,Mumbai Metro,189.0,DEBIT,Transport
2024-06-01,Pet Care,384.0,DEBIT,Miscellaneous
2024-06-01,Blinkit,888.0,DEBIT,Groceries
2024-06-01,Third Wave Coffee,295.0,DEBIT,Coffee Shops
2024-06-01,MakeMyTrip,9150.0,DEBIT,Travel
2024-06-01,Zomato,378.0,DEBIT,Restaurants
2024-06-01,Monthly Salary,94836.0,CREDIT,Salary
2024-06-01,Jio Fiber,1307.0,DEBIT,Utilities
2024-06-01,Local Grocery,1179.0,DEBIT,Groceries
2024-06-02,Apartment Maintenance,23360.0,DEBIT,Rent
2024-06-02,Uber Ride,330.0,DEBIT,Transport
2024-06-02,Auto Rickshaw,433.0,DEBIT,Transport
2024-06-02,Subway,1707.0,DEBIT,Restaurants
2024-06-02,Office Canteen Coffee,335.0,DEBIT,Coffee Shops
2024-06-02,Local Grocery,977.0,DEBIT,Groceries
2024-06-02,Dominos,1689.0,DEBIT,Restaurants
2024-06-03,Blinkit,606.0,DEBIT,Groceries
2024-06-03,Dominos,1053.0,DEBIT,Restaurants
2024-06-03,IRCTC,294.0,DEBIT,Transport
2024-06-03,Uber Ride,260.0,DEBIT,Transport
2024-06-03,Dinner out,591.0,DEBIT,Restaurants
2024-06-03,Swiggy,603.0,DEBIT,Restaurants
2024-06-04,BookMyShow,610.0,DEBIT,Entertainment
2024-06-04,Mumbai Metro,455.0,DEBIT,Transport
2024-06-04,HP Petrol Pump,402.0,DEBIT,Transport
2024-06-04,Airtel Postpaid,460.0,DEBIT,Utilities
2024-06-04,Indian Oil,179.0,DEBIT,Transport
2024-06-04,Amazon,2235.0,DEBIT,Shopping
2024-06-04,Steam Game,687.0,DEBIT,Entertainment
2024-06-05,Dinner out,1248.0,DEBIT,Restaurants
2024-06-05,IndiGo Airlines,5742.0,DEBIT,Travel
2024-06-05,Blue Tokai,150.0,DEBIT,Coffee Shops
2024-06-05,Local Cafe,537.0,DEBIT,Restaurants
2024-06-05,Indian Oil,80.0,DEBIT,Transport
2024-06-05,Amazon Fresh,323.0,DEBIT,Groceries
2024-06-05,Gold Purchase,5303.0,DEBIT,Investment
2024-06-05,Office Canteen Coffee,241.0,DEBIT,Coffee Shops
2024-06-06,Starbucks,447.0,DEBIT,Coffee Shops
2024-06-06,IKEA India,2799.0,DEBIT,Shopping
2024-06-06,HP Petrol Pump,284.0,DEBIT,Transport
2024-06-06,Local Cafe,494.0,DEBIT,Restaurants
2024-06-06,Mumbai Metro,132.0,DEBIT,Transport
2024-06-06,Amazon,2865.0,DEBIT,Shopping
2024-06-07,Bajaj Finserv EMI,11453.0,DEBIT,EMI
2024-06-07,Auto Rickshaw,63.0,DEBIT,Transport
2024-06-07,Zomato,500.0,DEBIT,Restaurants
2024-06-07,Office Canteen Coffee,453.0,DEBIT,Coffee Shops
2024-06-07,Dominos,1052.0,DEBIT,Restaurants
2024-06-07,Local Grocery,925.0,DEBIT,Groceries
2024-06-08,HP Petrol Pump,212.0,DEBIT,Transport
2024-06-08,Local Grocery,255.0,DEBIT,Groceries
2024-06-08,Dinner out,1516.0,DEBIT,Restaurants
2024-06-08,HP Petrol Pump,579.0,DEBIT,Transport
2024-06-08,Dominos,1364.0,DEBIT,Restaurants
2024-06-08,Local Cafe,1461.0,DEBIT,Restaurants
2024-06-08,Jio Fiber,993.0,DEBIT,Utilities
2024-06-09,Jio Fiber,1601.0,DEBIT,Utilities
2024-06-09,Apollo Pharmacy,211.0,DEBIT,Medical
2024-06-09,Water Bill,1072.0,DEBIT,Utilities
2024-06-09,Local Clinic Checkup,571.0,DEBIT,Medical
2024-06-09,Flipkart,3366.0,DEBIT,Shopping
2024-06-09,BEST Bus Ticket,76.0,DEBIT,Transport
2024-06-10,HP Petrol Pump,579.0,DEBIT,Transport
2024-06-10,Uber Ride,294.0,DEBIT,Transport
2024-06-10,Dinner out,1722.0,DEBIT,Restaurants
2024-06-10,HP Petrol Pump,576.0,DEBIT,Transport
2024-06-10,Blue Tokai,214.0,DEBIT,Coffee Shops
2024-06-11,Indian Oil,158.0,DEBIT,Transport
2024-06-11,Blinkit,787.0,DEBIT,Groceries
2024-06-11,Zara,1321.0,DEBIT,Shopping
2024-06-11,Auto Rickshaw,96.0,DEBIT,Transport
2024-06-11,Blinkit,117.0,DEBIT,Groceries
2024-06-11,Uber Ride,399.0,DEBIT,Transport
2024-06-12,Cafe Coffee Day,321.0,DEBIT,Coffee Shops
2024-06-12,Dinner out,1256.0,DEBIT,Restaurants
2024-06-12,Uber Ride,394.0,DEBIT,Transport
2024-06-12,Starbucks,197.0,DEBIT,Coffee Shops
2024-06-13,BEST Bus Ticket,430.0,DEBIT,Transport
2024-06-13,Dominos,1084.0,DEBIT,Restaurants
2024-06-13,Auto Rickshaw,270.0,DEBIT,Transport
2024-06-13,Subway,1793.0,DEBIT,Restaurants
2024-06-14,Ola Cab,87.0,DEBIT,Transport
2024-06-14,Adani Electricity,932.0,DEBIT,Utilities
2024-06-14,DMart,304.0,DEBIT,Groceries
2024-06-14,Milk Subscription,1089.0,DEBIT,Groceries
2024-06-14,Zomato,1786.0,DEBIT,Restaurants
2024-06-14,McDonalds,845.0,DEBIT,Restaurants
2024-06-15,McDonalds,1766.0,DEBIT,Restaurants
2024-06-15,Third Wave Coffee,466.0,DEBIT,Coffee Shops
2024-06-15,Blinkit,967.0,DEBIT,Groceries
2024-06-15,Cafe Coffee Day,231.0,DEBIT,Coffee Shops
2024-06-15,Reliance Fresh,852.0,DEBIT,Groceries
2024-06-15,Steam Game,497.0,DEBIT,Entertainment
2024-06-16,Ola Cab,203.0,DEBIT,Transport
2024-06-16,Spotify Premium,868.0,DEBIT,Entertainment
2024-06-16,HP Petrol Pump,595.0,DEBIT,Transport
2024-06-16,Indian Oil,381.0,DEBIT,Transport
2024-06-17,Swiggy,612.0,DEBIT,Restaurants
2024-06-17,Zara,3358.0,DEBIT,Shopping
2024-06-17,Milk Subscription,1058.0,DEBIT,Groceries
2024-06-17,Blue Tokai,449.0,DEBIT,Coffee Shops
2024-06-18,PhonePe Scratch Card,198.0,CREDIT,Cashback
2024-06-18,Donation,517.0,DEBIT,Miscellaneous
2024-06-18,BEST Bus Ticket,202.0,DEBIT,Transport
2024-06-18,Amazon,971.0,DEBIT,Shopping
2024-06-18,Uber Ride,537.0,DEBIT,Transport
2024-06-18,Local Grocery,447.0,DEBIT,Groceries
2024-06-18,Blue Tokai,328.0,DEBIT,Coffee Shops
2024-06-19,Office Canteen Coffee,308.0,DEBIT,Coffee Shops
2024-06-19,Myntra,2920.0,DEBIT,Shopping
2024-06-19,Dinner out,751.0,DEBIT,Restaurants
2024-06-19,BEST Bus Ticket,495.0,DEBIT,Transport
2024-06-20,HP Petrol Pump,230.0,DEBIT,Transport
2024-06-20,DMart,1173.0,DEBIT,Groceries
2024-06-20,HP Petrol Pump,584.0,DEBIT,Transport
2024-06-20,Zomato,1668.0,DEBIT,Restaurants
2024-06-20,Starbucks,326.0,DEBIT,Coffee Shops
2024-06-21,BEST Bus Ticket,229.0,DEBIT,Transport
2024-06-21,Myntra,1948.0,DEBIT,Shopping
2024-06-21,Local Grocery,952.0,DEBIT,Groceries
2024-06-21,Dinner out,1503.0,DEBIT,Restaurants
2024-06-22,Ola Cab,276.0,DEBIT,Transport
2024-07-01,Milk Subscription,390.0,DEBIT,Groceries
2024-07-01,IRCTC,360.0,DEBIT,Transport
2024-07-01,Spotify Premium,287.0,DEBIT,Entertainment
2024-07-01,Salary Credit,91915.0,CREDIT,Salary
2024-07-01,Ola Cab,57.0,DEBIT,Transport
2024-07-01,Mumbai Metro,227.0,DEBIT,Transport
2024-07-02,DMart,757.0,DEBIT,Groceries
2024-07-02,HP Petrol Pump,180.0,DEBIT,Transport
2024-07-02,Airtel Postpaid,1017.0,DEBIT,Utilities
2024-07-02,Landlord Transfer,20999.0,DEBIT,Rent
2024-07-02,Local Cafe,256.0,DEBIT,Restaurants
2024-07-02,BigBasket,533.0,DEBIT,Groceries
2024-07-03,Cafe Coffee Day,337.0,DEBIT,Coffee Shops
2024-07-03,Uber Ride,50.0,DEBIT,Transport
2024-07-03,Burger King,1343.0,DEBIT,Restaurants
2024-07-03,Office Canteen Coffee,339.0,DEBIT,Coffee Shops
2024-07-03,Auto Rickshaw,195.0,DEBIT,Transport
2024-07-03,Starbucks,366.0,DEBIT,Coffee Shops
2024-07-04,Spotify Premium,823.0,DEBIT,Entertainment
2024-07-04,Milk Subscription,714.0,DEBIT,Groceries
2024-07-04,BEST Bus Ticket (High Value),18870.0,DEBIT,Transport
2024-07-04,Starbucks,477.0,DEBIT,Coffee Shops
2024-07-05,INOX,815.0,DEBIT,Entertainment
2024-07-05,Blinkit,1017.0,DEBIT,Groceries
2024-07-05,Blue Tokai,379.0,DEBIT,Coffee Shops
2024-07-05,Myntra,1435.0,DEBIT,Shopping
2024-07-05,Office Canteen Coffee,251.0,DEBIT,Coffee Shops
2024-07-05,Groww SIP,8803.0,DEBIT,Investment
2024-07-06,BEST Bus Ticket,366.0,DEBIT,Transport
2024-07-06,Local Grocery,769.0,DEBIT,Groceries
2024-07-06,Uber Ride,253.0,DEBIT,Transport
2024-07-06,Indian Oil,406.0,DEBIT,Transport
2024-07-06,MakeMyTrip,2188.0,DEBIT,Travel
2024-07-06,Auto Rickshaw,181.0,DEBIT,Transport
2024-07-07,HDFC Auto Loan,11994.0,DEBIT,EMI
2024-07-07,Subway,773.0,DEBIT,Restaurants
2024-07-07,Ola Cab,443.0,DEBIT,Transport
2024-07-07,Third Wave Coffee,351.0,DEBIT,Coffee Shops
2024-07-07,Jio Fiber,1674.0,DEBIT,Utilities
2024-07-07,McDonalds,1521.0,DEBIT,Restaurants
2024-07-07,Mumbai Metro,189.0,DEBIT,Transport
2024-07-07,IRCTC,358.0,DEBIT,Transport
2024-07-08,Blue Tokai,349.0,DEBIT,Coffee Shops
2024-07-08,Starbucks,409.0,DEBIT,Coffee Shops
2024-07-08,Indian Oil,257.0,DEBIT,Transport
2024-07-08,Indian Oil,128.0,DEBIT,Transport
2024-07-08,Reliance Fresh,107.0,DEBIT,Groceries
2024-07-09,Beauty Salon,163.0,DEBIT,Miscellaneous
2024-07-09,Decathlon,2896.0,DEBIT,Shopping
2024-07-09,Local Grocery,339.0,DEBIT,Groceries
2024-07-09,Auto Rickshaw,301.0,DEBIT,Transport
2024-07-10,Milk Subscription,752.0,DEBIT,Groceries
2024-07-10,Amazon Fresh,391.0,DEBIT,Groceries
2024-07-10,Local Cafe,1110.0,DEBIT,Restaurants
2024-07-10,Zomato,1647.0,DEBIT,Restaurants
2024-07-11,Milk Subscription,1163.0,DEBIT,Groceries
2024-07-11,Dominos,748.0,DEBIT,Restaurants
2024-07-11,Uber Ride,549.0,DEBIT,Transport
2024-07-11,Mumbai Metro,154.0,DEBIT,Transport
2024-07-11,Ola Cab,468.0,DEBIT,Transport
2024-07-11,Office Canteen Coffee,456.0,DEBIT,Coffee Shops
2024-07-12,Uber Ride,147.0,DEBIT,Transport
2024-07-12,IRCTC,32.0,DEBIT,Transport
2024-07-12,Starbucks,407.0,DEBIT,Coffee Shops
2024-07-12,Office Canteen Coffee,487.0,DEBIT,Coffee Shops
2024-07-12,BigBasket,835.0,DEBIT,Groceries
2024-07-12,Cafe Coffee Day,356.0,DEBIT,Coffee Shops
2024-07-12,Dominos,839.0,DEBIT,Restaurants
2024-07-13,Reliance Fresh,672.0,DEBIT,Groceries
2024-07-13,Reliance Fresh,688.0,DEBIT,Groceries
2024-07-13,Local Grocery,656.0,DEBIT,Groceries
2024-07-13,IRCTC,41.0,DEBIT,Transport
2024-07-13,Upwork Transfer,13286.0,CREDIT,Freelancing
2024-07-14,Swiggy,1289.0,DEBIT,Restaurants
2024-07-14,PVR Cinemas,461.0,DEBIT,Entertainment
2024-07-14,Starbucks,257.0,DEBIT,Coffee Shops
2024-07-14,Mumbai Metro,565.0,DEBIT,Transport
2024-07-14,BEST Bus Ticket,557.0,DEBIT,Transport
2024-07-14,Electricity Board,1678.0,DEBIT,Utilities
2024-07-14,DMart,1037.0,DEBIT,Groceries
2024-07-15,BigBasket,801.0,DEBIT,Groceries
2024-07-15,Taj Hotel,2252.0,DEBIT,Travel
2024-07-15,Third Wave Coffee,252.0,DEBIT,Coffee Shops
2024-07-15,HP Petrol Pump,161.0,DEBIT,Transport
2024-07-16,BEST Bus Ticket,253.0,DEBIT,Transport
2024-07-16,Indian Oil,69.0,DEBIT,Transport
2024-07-16,Subway,1640.0,DEBIT,Restaurants
2024-07-16,Swiggy,1684.0,DEBIT,Restaurants
2024-07-16,Auto Rickshaw,555.0,DEBIT,Transport
2024-07-17,Uber Ride,304.0,DEBIT,Transport
2024-07-17,Dominos,620.0,DEBIT,Restaurants
2024-07-17,DMart,540.0,DEBIT,Groceries
2024-07-17,Amazon,2095.0,DEBIT,Shopping
2024-07-18,Reliance Fresh,666.0,DEBIT,Groceries
2024-07-18,Zara,2003.0,DEBIT,Shopping
2024-07-18,Subway,310.0,DEBIT,Restaurants
2024-07-18,Blue Tokai,375.0,DEBIT,Coffee Shops
2024-07-19,Myntra,1473.0,DEBIT,Shopping
2024-07-19,Gym Subscription,549.0,DEBIT,Miscellaneous
2024-07-19,Amazon,3615.0,DEBIT,Shopping
2024-07-19,Airtel Postpaid,1951.0,DEBIT,Utilities
2024-07-20,RedBus,3690.0,DEBIT,Travel
2024-07-20,Amazon Fresh,656.0,DEBIT,Groceries
2024-07-20,Ola Cab,66.0,DEBIT,Transport
2024-07-20,Uber Ride,257.0,DEBIT,Transport
2024-07-20,Mahanagar Gas,1032.0,DEBIT,Utilities
2024-07-20,Zepto,735.0,DEBIT,Groceries
2024-07-21,Mumbai Metro,417.0,DEBIT,Transport
2024-07-21,Office Canteen Coffee,301.0,DEBIT,Coffee Shops
2024-07-21,Milk Subscription,959.0,DEBIT,Groceries
2024-07-21,Burger King,857.0,DEBIT,Restaurants
2024-07-21,McDonalds,418.0,DEBIT,Restaurants
2024-07-21,Electricity Board,1934.0,DEBIT,Utilities
2024-07-22,IRCTC,211.0,DEBIT,Transport
2024-07-22,Netflix Subscription,677.0,DEBIT,Entertainment
2024-07-22,Auto Rickshaw,189.0,DEBIT,Transport
2024-07-22,Dominos,1432.0,DEBIT,Restaurants
2024-07-23,Third Wave Coffee,152.0,DEBIT,Coffee Shops
2024-07-23,BigBasket,239.0,DEBIT,Groceries
2024-07-23,BigBasket,234.0,DEBIT,Groceries
2024-07-23,Uber Ride,353.0,DEBIT,Transport
2024-07-23,BigBasket,902.0,DEBIT,Groceries
2024-07-23,Reliance Fresh,104.0,DEBIT,Groceries
2024-07-23,Ajio,557.0,DEBIT,Shopping
2024-07-25,BEST Bus Ticket,155.0,DEBIT,Transport
2024-07-26,BEST Bus Ticket,102.0,DEBIT,Transport
2024-08-01,Zara,554.0,DEBIT,Shopping
2024-08-01,Employer Direct Deposit,95484.0,CREDIT,Salary
2024-08-01,Amazon Fresh,1049.0,DEBIT,Groceries
2024-08-01,Uber Ride,276.0,DEBIT,Transport
2024-08-01,Reliance Fresh,1132.0,DEBIT,Groceries
2024-08-01,Netflix Subscription,166.0,DEBIT,Entertainment
2024-08-01,Mumbai Metro,375.0,DEBIT,Transport
2024-08-02,Mahanagar Gas,759.0,DEBIT,Utilities
2024-08-02,Burger King,350.0,DEBIT,Restaurants
2024-08-02,Indian Oil,410.0,DEBIT,Transport
2024-08-02,Croma,1164.0,DEBIT,Shopping
2024-08-02,Blue Tokai,189.0,DEBIT,Coffee Shops
2024-08-02,Apartment Maintenance,24420.0,DEBIT,Rent
2024-08-03,Flipkart,1925.0,DEBIT,Shopping
2024-08-03,Milk Subscription,451.0,DEBIT,Groceries
2024-08-03,Ola Cab,287.0,DEBIT,Transport
2024-08-03,Blue Tokai,346.0,DEBIT,Coffee Shops
2024-08-03,Starbucks,188.0,DEBIT,Coffee Shops
2024-08-04,HP Petrol Pump,483.0,DEBIT,Transport
2024-08-04,BigBasket,758.0,DEBIT,Groceries
2024-08-04,Milk Subscription,1097.0,DEBIT,Groceries
2024-08-04,Burger King,1480.0,DEBIT,Restaurants
2024-08-05,BigBasket,679.0,DEBIT,Groceries
2024-08-05,HP Petrol Pump,445.0,DEBIT,Transport
2024-08-05,Netflix Subscription,623.0,DEBIT,Entertainment
2024-08-05,Reliance Fresh,181.0,DEBIT,Groceries
2024-08-05,Groww SIP,5488.0,DEBIT,Investment
2024-08-05,Dinner out,813.0,DEBIT,Restaurants
2024-08-05,Third Wave Coffee,210.0,DEBIT,Coffee Shops
2024-08-06,Dominos,1750.0,DEBIT,Restaurants
2024-08-06,Dinner out,1111.0,DEBIT,Restaurants
2024-08-06,Local Cafe,1099.0,DEBIT,Restaurants
2024-08-06,Decathlon,3565.0,DEBIT,Shopping
2024-08-06,Mumbai Metro,499.0,DEBIT,Transport
2024-08-06,DMart,1124.0,DEBIT,Groceries
2024-08-07,Bajaj Finserv EMI,8765.0,DEBIT,EMI
2024-08-07,Milk Subscription,560.0,DEBIT,Groceries
2024-08-07,Local Grocery,861.0,DEBIT,Groceries
2024-08-07,Auto Rickshaw,528.0,DEBIT,Transport
2024-08-07,Subway,1322.0,DEBIT,Restaurants
2024-08-07,Blinkit,265.0,DEBIT,Groceries
2024-08-07,DMart,992.0,DEBIT,Groceries
2024-08-07,HP Petrol Pump (High Value),21816.0,DEBIT,Transport
2024-08-08,Donation,603.0,DEBIT,Miscellaneous
2024-08-08,Local Grocery,1050.0,DEBIT,Groceries
2024-08-08,Swiggy,1319.0,DEBIT,Restaurants
2024-08-08,Airtel Postpaid,1818.0,DEBIT,Utilities
2024-08-09,Blue Tokai,381.0,DEBIT,Coffee Shops
2024-08-09,Milk Subscription,1060.0,DEBIT,Groceries
2024-08-09,Milk Subscription,687.0,DEBIT,Groceries
2024-08-09,Dominos,1002.0,DEBIT,Restaurants
2024-08-10,Milk Subscription,1136.0,DEBIT,Groceries
2024-08-10,Water Bill,1041.0,DEBIT,Utilities
2024-08-10,Milk Subscription,260.0,DEBIT,Groceries
2024-08-10,McDonalds,1692.0,DEBIT,Restaurants
2024-08-10,BSNL Broadband (High Value),18611.0,DEBIT,Utilities
2024-08-10,Zomato,1692.0,DEBIT,Restaurants
2024-08-10,Mumbai Metro,250.0,DEBIT,Transport
2024-08-11,Flipkart,2888.0,DEBIT,Shopping
2024-08-11,BigBasket,177.0,DEBIT,Groceries
2024-08-11,Blinkit,124.0,DEBIT,Groceries
2024-08-11,Local Cafe,778.0,DEBIT,Restaurants
2024-08-11,Tata 1mg,555.0,DEBIT,Medical
2024-08-11,Cafe Coffee Day,322.0,DEBIT,Coffee Shops
2024-08-11,Dinner out,539.0,DEBIT,Restaurants
2024-08-12,Steam Game,557.0,DEBIT,Entertainment
2024-08-12,Zomato,320.0,DEBIT,Restaurants
2024-08-12,Dominos,663.0,DEBIT,Restaurants
2024-08-12,Blinkit,478.0,DEBIT,Groceries
2024-08-12,Local Cafe,1185.0,DEBIT,Restaurants
2024-08-13,BEST Bus Ticket,177.0,DEBIT,Transport
2024-08-13,Zepto,397.0,DEBIT,Groceries
2024-08-13,Reliance Fresh,156.0,DEBIT,Groceries
2024-08-13,Mumbai Metro,498.0,DEBIT,Transport
2024-08-14,Dominos,842.0,DEBIT,Restaurants
2024-08-14,Ola Cab,111.0,DEBIT,Transport
2024-08-14,Apollo Pharmacy,765.0,DEBIT,Medical
2024-08-14,HP Petrol Pump,84.0,DEBIT,Transport
2024-08-14,Gym Subscription,417.0,DEBIT,Miscellaneous
2024-08-15,Starbucks,480.0,DEBIT,Coffee Shops
2024-08-15,Third Wave Coffee,153.0,DEBIT,Coffee Shops
2024-08-15,Water Bill,1021.0,DEBIT,Utilities
2024-08-15,Cafe Coffee Day,358.0,DEBIT,Coffee Shops
2024-08-15,Blinkit,947.0,DEBIT,Groceries
2024-08-15,Local Grocery,160.0,DEBIT,Groceries
2024-08-16,Amazon Fresh,490.0,DEBIT,Groceries
2024-08-16,Oyo Rooms,3412.0,DEBIT,Travel
2024-08-16,Ola Cab,338.0,DEBIT,Transport
2024-08-16,Burger King,1008.0,DEBIT,Restaurants
2024-08-16,Ola Cab,238.0,DEBIT,Transport
2024-08-17,Indian Oil,437.0,DEBIT,Transport
2024-08-17,Starbucks,446.0,DEBIT,Coffee Shops
2024-08-18,Ola Cab,35.0,DEBIT,Transport
2024-08-19,Indian Oil,279.0,DEBIT,Transport
2024-09-01,Zepto,381.0,DEBIT,Groceries
2024-09-01,Blue Tokai,475.0,DEBIT,Coffee Shops
2024-09-01,Local Cafe,653.0,DEBIT,Restaurants
2024-09-01,Starbucks,397.0,DEBIT,Coffee Shops
2024-09-01,Blinkit,1142.0,DEBIT,Groceries
2024-09-01,Employer Direct Deposit,107572.0,CREDIT,Salary
2024-09-01,HP Petrol Pump (High Value),15280.0,DEBIT,Transport
2024-09-02,IRCTC,327.0,DEBIT,Transport
2024-09-02,Landlord Transfer,20625.0,DEBIT,Rent
2024-09-02,Amazon,3858.0,DEBIT,Shopping
2024-09-02,BigBasket,911.0,DEBIT,Groceries
2024-09-02,Airtel Postpaid,1108.0,DEBIT,Utilities
2024-09-02,DMart,1198.0,DEBIT,Groceries
2024-09-03,Local Grocery,1087.0,DEBIT,Groceries
2024-09-03,Amazon Fresh,451.0,DEBIT,Groceries
2024-09-03,Ola Cab,234.0,DEBIT,Transport
2024-09-03,Mumbai Metro,415.0,DEBIT,Transport
2024-09-03,Amazon Fresh,226.0,DEBIT,Groceries
2024-09-03,Uber Ride,382.0,DEBIT,Transport
2024-09-04,MakeMyTrip,5695.0,DEBIT,Travel
2024-09-04,Indian Oil,463.0,DEBIT,Transport
2024-09-04,Uber Ride,497.0,DEBIT,Transport
2024-09-04,Zepto,496.0,DEBIT,Groceries
2024-09-04,Spotify Premium,512.0,DEBIT,Entertainment
2024-09-04,Ola Cab,73.0,DEBIT,Transport
2024-09-05,Starbucks,170.0,DEBIT,Coffee Shops
2024-09-05,Local Grocery,253.0,DEBIT,Groceries
2024-09-05,IRCTC,572.0,DEBIT,Transport
2024-09-05,Uber Ride,301.0,DEBIT,Transport
2024-09-05,IRCTC,555.0,DEBIT,Transport
2024-09-05,Zerodha Funds,9109.0,DEBIT,Investment
2024-09-06,Office Canteen Coffee,255.0,DEBIT,Coffee Shops
2024-09-06,Burger King,561.0,DEBIT,Restaurants
2024-09-06,Third Wave Coffee,193.0,DEBIT,Coffee Shops
2024-09-06,Amazon Fresh,564.0,DEBIT,Groceries
2024-09-07,Bajaj Finserv EMI,7820.0,DEBIT,EMI
2024-09-07,Indian Oil,219.0,DEBIT,Transport
2024-09-07,Mahanagar Gas,937.0,DEBIT,Utilities
2024-09-07,Blue Tokai,240.0,DEBIT,Coffee Shops
2024-09-07,DMart,159.0,DEBIT,Groceries
2024-09-08,Auto Rickshaw,338.0,DEBIT,Transport
2024-09-08,Gym Subscription,501.0,DEBIT,Miscellaneous
2024-09-08,Blue Tokai,380.0,DEBIT,Coffee Shops
2024-09-08,Dinner out,1133.0,DEBIT,Restaurants
2024-09-08,Burger King,391.0,DEBIT,Restaurants
2024-09-08,Dominos,1286.0,DEBIT,Restaurants
2024-09-08,Reliance Fresh,156.0,DEBIT,Groceries
2024-09-09,Milk Subscription,1149.0,DEBIT,Groceries
2024-09-09,Amazon,1260.0,DEBIT,Shopping
2024-09-09,Decathlon,2832.0,DEBIT,Shopping
2024-09-09,BigBasket,958.0,DEBIT,Groceries
2024-09-09,Luxury Subway,25111.0,DEBIT,Restaurants
2024-09-10,Decathlon,655.0,DEBIT,Shopping
2024-09-10,Reliance Fresh,1035.0,DEBIT,Groceries
2024-09-10,Luxury IndiGo Airlines,28677.0,DEBIT,Travel
2024-09-10,HP Petrol Pump,120.0,DEBIT,Transport
2024-09-11,Reliance Fresh,210.0,DEBIT,Groceries
2024-09-13,PhonePe Scratch Card,113.0,CREDIT,Cashback
2024-09-22,Client Payment,14453.0,CREDIT,Freelancing
2024-10-01,Croma,4247.0,DEBIT,Shopping
2024-10-01,Myntra,2979.0,DEBIT,Shopping
2024-10-01,Croma,3039.0,DEBIT,Shopping
2024-10-01,Swiggy,713.0,DEBIT,Restaurants
2024-10-01,Zara,6630.0,DEBIT,Shopping
2024-10-01,Local Grocery,274.0,DEBIT,Groceries
2024-10-01,TechCorp Payroll,101914.0,CREDIT,Salary
2024-10-02,Apartment Maintenance,20174.0,DEBIT,Rent
2024-10-02,Milk Subscription,80.0,DEBIT,Groceries
2024-10-02,Uber Ride,78.0,DEBIT,Transport
2024-10-02,IRCTC,518.0,DEBIT,Transport
2024-10-02,Amazon Fresh,164.0,DEBIT,Groceries
2024-10-02,Ola Cab,380.0,DEBIT,Transport
2024-10-02,Decathlon,1698.0,DEBIT,Shopping
2024-10-02,Uber Ride,277.0,DEBIT,Transport
2024-10-03,Upwork Transfer,13696.0,CREDIT,Freelancing
2024-10-03,Milk Subscription,858.0,DEBIT,Groceries
2024-10-03,Blinkit,1030.0,DEBIT,Groceries
2024-10-03,BigBasket,550.0,DEBIT,Groceries
2024-10-03,IKEA India,6248.0,DEBIT,Shopping
2024-10-03,Mumbai Metro (High Value),16820.0,DEBIT,Transport
2024-10-03,Ola Cab,148.0,DEBIT,Transport
2024-10-03,Auto Rickshaw,463.0,DEBIT,Transport
2024-10-04,IRCTC,104.0,DEBIT,Transport
2024-10-04,Mumbai Metro,567.0,DEBIT,Transport
2024-10-04,Adani Electricity,1022.0,DEBIT,Utilities
2024-10-04,Subway,905.0,DEBIT,Restaurants
2024-10-04,Dinner out,684.0,DEBIT,Restaurants
2024-10-04,Reliance Digital,5660.0,DEBIT,Shopping
2024-10-05,Mutual Fund SIP,7510.0,DEBIT,Investment
2024-10-05,Ola Cab,424.0,DEBIT,Transport
2024-10-05,Milk Subscription,491.0,DEBIT,Groceries
2024-10-05,BigBasket,771.0,DEBIT,Groceries
2024-10-05,Taj Hotel,3554.0,DEBIT,Travel
2024-10-05,Reliance Digital,4589.0,DEBIT,Shopping
2024-10-06,Spotify Premium,868.0,DEBIT,Entertainment
2024-10-06,Blue Tokai,368.0,DEBIT,Coffee Shops
2024-10-06,IKEA India,6548.0,DEBIT,Shopping
2024-10-06,Water Bill (High Value),16674.0,DEBIT,Utilities
2024-10-06,Auto Rickshaw,93.0,DEBIT,Transport
2024-10-06,BigBasket,180.0,DEBIT,Groceries
2024-10-06,Uber Ride,401.0,DEBIT,Transport
2024-10-07,Reliance Fresh,543.0,DEBIT,Groceries
2024-10-07,Ola Cab,235.0,DEBIT,Transport
2024-10-07,Dinner out,1565.0,DEBIT,Restaurants
2024-10-07,INOX,585.0,DEBIT,Entertainment
2024-10-07,Local Grocery,396.0,DEBIT,Groceries
2024-10-07,IRCTC,332.0,DEBIT,Transport
2024-10-07,Credit Card Bill,10935.0,DEBIT,EMI
2024-10-08,Local Cafe,1575.0,DEBIT,Restaurants
2024-10-08,Spotify Premium,609.0,DEBIT,Entertainment
2024-10-08,Auto Rickshaw,267.0,DEBIT,Transport
2024-10-08,IRCTC,70.0,DEBIT,Transport
2024-10-08,Zepto,184.0,DEBIT,Groceries
2024-10-09,Indian Oil,419.0,DEBIT,Transport
2024-10-09,DMart,608.0,DEBIT,Groceries
2024-10-09,Office Canteen Coffee,240.0,DEBIT,Coffee Shops
2024-10-09,Dinner out,1375.0,DEBIT,Restaurants
2024-10-10,BigBasket,789.0,DEBIT,Groceries
2024-10-10,Laundry,987.0,DEBIT,Miscellaneous
2024-10-10,Local Grocery,702.0,DEBIT,Groceries
2024-10-10,Ola Cab,203.0,DEBIT,Transport
2024-10-10,Reliance Fresh,288.0,DEBIT,Groceries
2024-10-11,Uber Ride,67.0,DEBIT,Transport
2024-10-11,Indian Oil,225.0,DEBIT,Transport
2024-10-11,Dominos,1376.0,DEBIT,Restaurants
2024-10-11,Starbucks,375.0,DEBIT,Coffee Shops
2024-10-11,Ola Cab,254.0,DEBIT,Transport
2024-10-11,Local Grocery,757.0,DEBIT,Groceries
2024-10-13,Office Canteen Coffee,160.0,DEBIT,Coffee Shops
2024-10-24,IRCTC,46.0,DEBIT,Transport
2024-10-29,Zomato Refund,1498.0,CREDIT,Refund
2024-11-01,Third Wave Coffee,478.0,DEBIT,Coffee Shops
2024-11-01,Milk Subscription,893.0,DEBIT,Groceries
2024-11-01,Ola Cab,152.0,DEBIT,Transport
2024-11-01,Amazon Fresh,314.0,DEBIT,Groceries
2024-11-01,Ajio,1778.0,DEBIT,Shopping
2024-11-01,Monthly Paycheck,97608.0,CREDIT,Salary
2024-11-01,Office Canteen Coffee,490.0,DEBIT,Coffee Shops
2024-11-02,Monthly House Rent,24910.0,DEBIT,Rent
2024-11-02,Pet Care,723.0,DEBIT,Miscellaneous
2024-11-02,Local Grocery,919.0,DEBIT,Groceries
2024-11-02,Local Cafe,990.0,DEBIT,Restaurants
2024-11-02,Milk Subscription,1149.0,DEBIT,Groceries
2024-11-03,Jio Fiber,1730.0,DEBIT,Utilities
2024-11-03,Local Grocery,1103.0,DEBIT,Groceries
2024-11-03,BEST Bus Ticket,72.0,DEBIT,Transport
2024-11-03,Health Insurance Premium,227.0,DEBIT,Medical
2024-11-03,Blue Tokai,377.0,DEBIT,Coffee Shops
2024-11-04,Dominos,1558.0,DEBIT,Restaurants
2024-11-04,Blinkit,825.0,DEBIT,Groceries
2024-11-04,Steam Game,305.0,DEBIT,Entertainment
2024-11-04,BEST Bus Ticket,33.0,DEBIT,Transport
2024-11-04,Blinkit,792.0,DEBIT,Groceries
2024-11-05,Ola Cab,205.0,DEBIT,Transport
2024-11-05,Luxury MakeMyTrip,19793.0,DEBIT,Travel
2024-11-05,Swiggy,931.0,DEBIT,Restaurants
2024-11-05,DMart,559.0,DEBIT,Groceries
2024-11-05,Third Wave Coffee,426.0,DEBIT,Coffee Shops
2024-11-05,Mumbai Metro,59.0,DEBIT,Transport
2024-11-05,Zerodha Funds,8360.0,DEBIT,Investment
2024-11-05,Starbucks,356.0,DEBIT,Coffee Shops
2024-11-06,Indian Oil,76.0,DEBIT,Transport
2024-11-06,HP Petrol Pump,449.0,DEBIT,Transport
2024-11-06,Starbucks,238.0,DEBIT,Coffee Shops
2024-11-06,BigBasket,1049.0,DEBIT,Groceries
2024-11-06,Reliance Fresh,1081.0,DEBIT,Groceries
2024-11-06,Uber Ride,505.0,DEBIT,Transport
2024-11-07,Amazon Fresh,939.0,DEBIT,Groceries
2024-11-07,Ola Cab,572.0,DEBIT,Transport
2024-11-07,Steam Game,524.0,DEBIT,Entertainment
2024-11-07,Bajaj Finserv EMI,9679.0,DEBIT,EMI
2024-11-07,McDonalds,501.0,DEBIT,Restaurants
2024-11-07,Flipkart,5698.0,DEBIT,Shopping
2024-11-08,Zepto,975.0,DEBIT,Groceries
2024-11-08,Ola Cab,341.0,DEBIT,Transport
2024-11-08,Local Grocery,1030.0,DEBIT,Groceries
2024-11-08,HP Petrol Pump,212.0,DEBIT,Transport
2024-11-08,Subway,1542.0,DEBIT,Restaurants
2024-11-08,HP Petrol Pump,417.0,DEBIT,Transport
2024-11-09,Zomato,258.0,DEBIT,Restaurants
2024-11-09,Indian Oil,49.0,DEBIT,Transport
2024-11-09,Milk Subscription,303.0,DEBIT,Groceries
2024-11-09,Adani Electricity,884.0,DEBIT,Utilities
2024-11-09,Auto Rickshaw,542.0,DEBIT,Transport
2024-11-10,IRCTC,44.0,DEBIT,Transport
2024-11-10,Office Canteen Coffee,332.0,DEBIT,Coffee Shops
2024-11-10,Subway,1658.0,DEBIT,Restaurants
2024-11-10,Subway,1593.0,DEBIT,Restaurants
2024-11-10,Amazon Fresh,208.0,DEBIT,Groceries
2024-11-10,Dinner out,1428.0,DEBIT,Restaurants
2024-11-10,IRCTC Cancellation,1183.0,CREDIT,Refund
2024-11-11,Mumbai Metro,172.0,DEBIT,Transport
2024-11-11,Amazon Fresh,447.0,DEBIT,Groceries
2024-11-11,Reliance Fresh,384.0,DEBIT,Groceries
2024-11-11,Office Canteen Coffee,184.0,DEBIT,Coffee Shops
2024-11-12,PhonePe Scratch Card,48.0,CREDIT,Cashback
2024-11-12,Reliance Fresh,430.0,DEBIT,Groceries
2024-11-12,Reliance Fresh,1009.0,DEBIT,Groceries
2024-11-12,BEST Bus Ticket,494.0,DEBIT,Transport
2024-11-12,Zepto,293.0,DEBIT,Groceries
2024-11-12,Zepto,773.0,DEBIT,Groceries
2024-11-12,Electricity Board,504.0,DEBIT,Utilities
2024-11-13,Swiggy,1529.0,DEBIT,Restaurants
2024-11-13,Mumbai Metro,277.0,DEBIT,Transport
2024-11-13,Office Canteen Coffee,350.0,DEBIT,Coffee Shops
2024-11-13,Amazon,2814.0,DEBIT,Shopping
2024-11-13,IRCTC,573.0,DEBIT,Transport
2024-11-13,Gift,528.0,DEBIT,Miscellaneous
2024-11-13,Myntra,4994.0,DEBIT,Shopping
2024-11-14,Blinkit,1146.0,DEBIT,Groceries
2024-11-14,Dominos,1146.0,DEBIT,Restaurants
2024-11-14,Indian Oil,252.0,DEBIT,Transport
2024-11-14,Blinkit,453.0,DEBIT,Groceries
2024-11-14,Beauty Salon,938.0,DEBIT,Miscellaneous
2024-11-15,Local Grocery,759.0,DEBIT,Groceries
2024-11-15,Zepto,493.0,DEBIT,Groceries
2024-11-15,McDonalds,1748.0,DEBIT,Restaurants
2024-11-15,Ajio,7183.0,DEBIT,Shopping
2024-11-15,HP Petrol Pump,186.0,DEBIT,Transport
2024-11-15,Mahanagar Gas,465.0,DEBIT,Utilities
2024-11-15,Croma,7216.0,DEBIT,Shopping
2024-11-16,Fiverr Payout,5419.0,CREDIT,Freelancing
2024-11-16,Local Clinic Checkup,2154.0,DEBIT,Medical
2024-11-16,Mumbai Metro,342.0,DEBIT,Transport
2024-11-16,McDonalds,558.0,DEBIT,Restaurants
2024-11-16,Amazon Fresh,414.0,DEBIT,Groceries
2024-11-17,BigBasket,151.0,DEBIT,Groceries
2024-11-29,GPay Cashback,33.0,CREDIT,Cashback
2024-12-01,Beauty Salon,697.0,DEBIT,Miscellaneous
2024-12-01,Monthly Salary,93855.0,CREDIT,Salary
2024-12-01,Swiggy,1233.0,DEBIT,Restaurants
2024-12-01,BigBasket,263.0,DEBIT,Groceries
2024-12-01,Amazon Fresh,604.0,DEBIT,Groceries
2024-12-02,Croma,3683.0,DEBIT,Shopping
2024-12-02,Uber Ride,337.0,DEBIT,Transport
2024-12-02,Indian Oil,158.0,DEBIT,Transport
2024-12-02,Office Canteen Coffee,183.0,DEBIT,Coffee Shops
2024-12-02,Apartment Maintenance,23118.0,DEBIT,Rent
2024-12-02,Uber Ride,439.0,DEBIT,Transport
2024-12-03,Local Grocery,598.0,DEBIT,Groceries
2024-12-03,Local Grocery,950.0,DEBIT,Groceries
2024-12-03,Health Insurance Premium,1523.0,DEBIT,Medical
2024-12-03,DMart,449.0,DEBIT,Groceries
2024-12-04,Reliance Fresh,537.0,DEBIT,Groceries
2024-12-04,Local Cafe,980.0,DEBIT,Restaurants
2024-12-04,Swiggy,1694.0,DEBIT,Restaurants
2024-12-04,HP Petrol Pump,582.0,DEBIT,Transport
2024-12-04,Indian Oil,445.0,DEBIT,Transport
2024-12-04,Milk Subscription,1099.0,DEBIT,Groceries
2024-12-04,HP Petrol Pump,516.0,DEBIT,Transport
2024-12-05,PPF Deposit,9567.0,DEBIT,Investment
2024-12-05,Beauty Salon,835.0,DEBIT,Miscellaneous
2024-12-05,Local Grocery,1077.0,DEBIT,Groceries
2024-12-05,IRCTC,326.0,DEBIT,Transport
2024-12-05,Luxury Burger King,15076.0,DEBIT,Restaurants
2024-12-05,Reliance Fresh,768.0,DEBIT,Groceries
2024-12-05,Adani Electricity,1649.0,DEBIT,Utilities
2024-12-06,Blue Tokai,382.0,DEBIT,Coffee Shops
2024-12-06,Swiggy,629.0,DEBIT,Restaurants
2024-12-06,Ola Cab,172.0,DEBIT,Transport
2024-12-06,HP Petrol Pump,182.0,DEBIT,Transport
2024-12-07,Uber Ride,256.0,DEBIT,Transport
2024-12-07,Mumbai Metro,572.0,DEBIT,Transport
2024-12-07,Air India,5654.0,DEBIT,Travel
2024-12-07,Personal Loan EMI,11394.0,DEBIT,EMI
2024-12-07,Mumbai Metro,260.0,DEBIT,Transport
2024-12-08,Reliance Fresh,1195.0,DEBIT,Groceries
2024-12-08,Local Grocery,716.0,DEBIT,Groceries
2024-12-08,Luxury Zomato,23918.0,DEBIT,Restaurants
2024-12-08,Zomato,1759.0,DEBIT,Restaurants
2024-12-08,Indian Oil,474.0,DEBIT,Transport
2024-12-08,Milk Subscription,1062.0,DEBIT,Groceries
2024-12-08,HP Petrol Pump,69.0,DEBIT,Transport
2024-12-09,Amazon Fresh,641.0,DEBIT,Groceries
2024-12-09,Auto Rickshaw,33.0,DEBIT,Transport
2024-12-09,Milk Subscription,91.0,DEBIT,Groceries
2024-12-09,Beauty Salon,209.0,DEBIT,Miscellaneous
2024-12-09,Uber Ride,582.0,DEBIT,Transport
2024-12-09,Ola Cab,130.0,DEBIT,Transport
2024-12-09,Indian Oil,428.0,DEBIT,Transport
2024-12-10,Electricity Board,1353.0,DEBIT,Utilities
2024-12-10,Water Bill,1866.0,DEBIT,Utilities
2024-12-10,Dominos,1643.0,DEBIT,Restaurants
2024-12-10,Zomato,1684.0,DEBIT,Restaurants
2024-12-10,McDonalds,531.0,DEBIT,Restaurants
2024-12-11,Taj Hotel,7402.0,DEBIT,Travel
2024-12-11,IRCTC,587.0,DEBIT,Transport
2024-12-11,Subway,1576.0,DEBIT,Restaurants
2024-12-11,Taj Hotel,6811.0,DEBIT,Travel
2024-12-12,Ola Cab,500.0,DEBIT,Transport
2024-12-13,IRCTC,302.0,DEBIT,Transport
2024-12-13,Third Wave Coffee,300.0,DEBIT,Coffee Shops
2024-12-13,Upwork Transfer,13945.0,CREDIT,Freelancing
2024-12-14,Milk Subscription,176.0,DEBIT,Groceries
2024-12-25,Auto Rickshaw,46.0,DEBIT,Transport
2025-01-01,Burger King,434.0,DEBIT,Restaurants
2025-01-01,Amazon Fresh,154.0,DEBIT,Groceries
2025-01-01,Reliance Fresh,463.0,DEBIT,Groceries
2025-01-01,Auto Rickshaw,310.0,DEBIT,Transport
2025-01-01,Ajio,2799.0,DEBIT,Shopping
2025-01-01,Salary Credit,108198.0,CREDIT,Salary
2025-01-01,Reliance Fresh,968.0,DEBIT,Groceries
2025-01-02,Monthly House Rent,24730.0,DEBIT,Rent
2025-01-02,Local Cafe,935.0,DEBIT,Restaurants
2025-01-02,Blinkit,713.0,DEBIT,Groceries
2025-01-02,Zomato,939.0,DEBIT,Restaurants
2025-01-02,Cafe Coffee Day,464.0,DEBIT,Coffee Shops
2025-01-02,Milk Subscription,182.0,DEBIT,Groceries
2025-01-03,BEST Bus Ticket,406.0,DEBIT,Transport
2025-01-03,Zepto,440.0,DEBIT,Groceries
2025-01-03,Dominos,1715.0,DEBIT,Restaurants
2025-01-03,Uber Ride,263.0,DEBIT,Transport
2025-01-03,Amazon Refund,464.0,CREDIT,Refund
2025-01-04,Burger King,601.0,DEBIT,Restaurants
2025-01-04,HP Petrol Pump,353.0,DEBIT,Transport
2025-01-04,Airtel Postpaid,1967.0,DEBIT,Utilities
2025-01-04,BEST Bus Ticket,599.0,DEBIT,Transport
2025-01-04,IKEA India,2019.0,DEBIT,Shopping
2025-01-04,Zara,1667.0,DEBIT,Shopping
2025-01-05,Milk Subscription,500.0,DEBIT,Groceries
2025-01-05,MakeMyTrip,3212.0,DEBIT,Travel
2025-01-05,Reliance Digital,505.0,DEBIT,Shopping
2025-01-05,Auto Rickshaw (High Value),20168.0,DEBIT,Transport
2025-01-05,Mutual Fund SIP,6367.0,DEBIT,Investment
2025-01-06,Luxury Apollo Pharmacy,17802.0,DEBIT,Medical
2025-01-06,Dinner out,1781.0,DEBIT,Restaurants
2025-01-06,Croma,562.0,DEBIT,Shopping
2025-01-06,Subway,1406.0,DEBIT,Restaurants
2025-01-06,IRCTC,33.0,DEBIT,Transport
2025-01-07,Personal Loan EMI,8517.0,DEBIT,EMI
2025-01-07,Amazon Fresh,1090.0,DEBIT,Groceries
2025-01-07,Zepto,857.0,DEBIT,Groceries
2025-01-07,Netflix Subscription,869.0,DEBIT,Entertainment
2025-01-07,Local Grocery (High Value),26517.0,DEBIT,Groceries
2025-01-07,IRCTC,586.0,DEBIT,Transport
2025-01-08,Local Clinic Checkup,1307.0,DEBIT,Medical
2025-01-08,BEST Bus Ticket,512.0,DEBIT,Transport
2025-01-08,DMart,174.0,DEBIT,Groceries
2025-01-08,Mumbai Metro,355.0,DEBIT,Transport
2025-01-08,Dominos,1147.0,DEBIT,Restaurants
2025-01-08,IRCTC,488.0,DEBIT,Transport
2025-01-08,Uber Ride,428.0,DEBIT,Transport
2025-01-09,Dominos,522.0,DEBIT,Restaurants
2025-01-09,Burger King,656.0,DEBIT,Restaurants
2025-01-09,Burger King,993.0,DEBIT,Restaurants
2025-01-09,BigBasket,1132.0,DEBIT,Groceries
2025-01-09,Starbucks,266.0,DEBIT,Coffee Shops
2025-01-10,JioCinema,707.0,DEBIT,Entertainment
2025-01-10,Flipkart,873.0,DEBIT,Shopping
2025-01-10,Amazon Fresh,375.0,DEBIT,Groceries
2025-01-10,Auto Rickshaw,132.0,DEBIT,Transport
2025-01-10,Mumbai Metro,134.0,DEBIT,Transport
2025-01-10,Local Grocery,446.0,DEBIT,Groceries
2025-01-11,Mumbai Metro,234.0,DEBIT,Transport
2025-01-12,Cafe Coffee Day,159.0,DEBIT,Coffee Shops
2025-01-21,GPay Cashback,23.0,CREDIT,Cashback
2025-02-01,Salary Credit,97572.0,CREDIT,Salary
2025-02-01,BookMyShow,458.0,DEBIT,Entertainment
2025-02-01,Apollo Pharmacy,2407.0,DEBIT,Medical
2025-02-01,Indian Oil,387.0,DEBIT,Transport
2025-02-01,Third Wave Coffee,466.0,DEBIT,Coffee Shops
2025-02-01,Indian Oil,353.0,DEBIT,Transport
2025-02-01,Adani Electricity,429.0,DEBIT,Utilities
2025-02-01,Local Grocery,662.0,DEBIT,Groceries
2025-02-01,Freelance Gig,6431.0,CREDIT,Freelancing
2025-02-02,Blue Tokai,478.0,DEBIT,Coffee Shops
2025-02-02,Amazon Fresh,137.0,DEBIT,Groceries
2025-02-02,Zomato,917.0,DEBIT,Restaurants
2025-02-02,Zara,1511.0,DEBIT,Shopping
2025-02-02,IKEA India,1476.0,DEBIT,Shopping
2025-02-02,Ola Cab,51.0,DEBIT,Transport
2025-02-02,Monthly House Rent,24143.0,DEBIT,Rent
2025-02-02,Ajio,3558.0,DEBIT,Shopping
2025-02-03,Zepto,1162.0,DEBIT,Groceries
2025-02-03,BigBasket,258.0,DEBIT,Groceries
2025-02-03,Mumbai Metro,487.0,DEBIT,Transport
2025-02-03,Auto Rickshaw,454.0,DEBIT,Transport
2025-02-03,IRCTC,70.0,DEBIT,Transport
2025-02-04,IRCTC,499.0,DEBIT,Transport
2025-02-04,Office Canteen Coffee,242.0,DEBIT,Coffee Shops
2025-02-04,Uber Ride,77.0,DEBIT,Transport
2025-02-04,Blinkit,626.0,DEBIT,Groceries
2025-02-05,BigBasket,130.0,DEBIT,Groceries
2025-02-05,Zepto,893.0,DEBIT,Groceries
2025-02-05,Decathlon,3241.0,DEBIT,Shopping
2025-02-05,Cafe Coffee Day,310.0,DEBIT,Coffee Shops
2025-02-05,Groww SIP,9949.0,DEBIT,Investment
2025-02-05,Water Bill,1157.0,DEBIT,Utilities
2025-02-05,DMart,484.0,DEBIT,Groceries
2025-02-06,Uber Ride,598.0,DEBIT,Transport
2025-02-06,Zomato,1704.0,DEBIT,Restaurants
2025-02-06,Spotify Premium,561.0,DEBIT,Entertainment
2025-02-06,Third Wave Coffee,165.0,DEBIT,Coffee Shops
2025-02-07,McDonalds,1760.0,DEBIT,Restaurants
2025-02-07,Reliance Fresh,195.0,DEBIT,Groceries
2025-02-07,HP Petrol Pump,202.0,DEBIT,Transport
2025-02-07,Personal Loan EMI,11040.0,DEBIT,EMI
2025-02-07,Child Care,425.0,DEBIT,Miscellaneous
2025-02-08,Milk Subscription,362.0,DEBIT,Groceries
2025-02-08,Flipkart,616.0,DEBIT,Shopping
2025-02-08,Reliance Digital,3827.0,DEBIT,Shopping
2025-02-08,IRCTC,536.0,DEBIT,Transport
2025-02-08,Air India,3663.0,DEBIT,Travel
2025-02-08,BookMyShow,197.0,DEBIT,Entertainment
2025-02-09,Subway,662.0,DEBIT,Restaurants
2025-02-09,Zepto,1182.0,DEBIT,Groceries
2025-02-09,Amazon Fresh,851.0,DEBIT,Groceries
2025-02-09,Uber Ride,86.0,DEBIT,Transport
2025-02-09,Auto Rickshaw,455.0,DEBIT,Transport
2025-02-10,Dominos,1071.0,DEBIT,Restaurants
2025-02-10,Blue Tokai,225.0,DEBIT,Coffee Shops
2025-02-10,Local Cafe,779.0,DEBIT,Restaurants
2025-02-10,Donation,747.0,DEBIT,Miscellaneous
2025-02-10,Blue Tokai,163.0,DEBIT,Coffee Shops
2025-02-11,Jio Fiber,1535.0,DEBIT,Utilities
2025-02-11,Amazon Fresh,915.0,DEBIT,Groceries
2025-02-11,Tata 1mg,1772.0,DEBIT,Medical
2025-02-11,Taj Hotel,3021.0,DEBIT,Travel
2025-02-11,Gym Subscription,648.0,DEBIT,Miscellaneous
2025-02-11,Reliance Digital,1257.0,DEBIT,Shopping
2025-02-11,Dominos,1157.0,DEBIT,Restaurants
2025-02-12,PVR Cinemas,418.0,DEBIT,Entertainment
2025-02-12,Decathlon,2357.0,DEBIT,Shopping
2025-02-12,Auto Rickshaw,465.0,DEBIT,Transport
2025-02-12,Pet Care,859.0,DEBIT,Miscellaneous
2025-02-13,Indian Oil,384.0,DEBIT,Transport
2025-02-13,Office Canteen Coffee,325.0,DEBIT,Coffee Shops
2025-02-13,Office Canteen Coffee,492.0,DEBIT,Coffee Shops
2025-02-13,BigBasket,111.0,DEBIT,Groceries
2025-02-14,Burger King,1244.0,DEBIT,Restaurants
2025-02-14,Amazon Fresh,512.0,DEBIT,Groceries
2025-02-14,Blinkit,862.0,DEBIT,Groceries
2025-02-14,Mumbai Metro (High Value),22597.0,DEBIT,Transport
2025-02-14,Croma,1984.0,DEBIT,Shopping
2025-02-14,Myntra,1379.0,DEBIT,Shopping
2025-02-15,BigBasket,916.0,DEBIT,Groceries
2025-02-15,Subway,819.0,DEBIT,Restaurants
2025-02-15,BSNL Broadband,658.0,DEBIT,Utilities
2025-02-15,Blinkit,646.0,DEBIT,Groceries
2025-02-15,Third Wave Coffee,388.0,DEBIT,Coffee Shops
2025-02-15,Uber Ride,177.0,DEBIT,Transport
2025-02-15,JioCinema,607.0,DEBIT,Entertainment
2025-02-16,Swiggy,717.0,DEBIT,Restaurants
2025-02-16,Electricity Board,1998.0,DEBIT,Utilities
2025-02-16,Uber Ride,80.0,DEBIT,Transport
2025-02-16,BEST Bus Ticket,446.0,DEBIT,Transport
2025-02-16,Starbucks,371.0,DEBIT,Coffee Shops
2025-02-16,Water Bill,1547.0,DEBIT,Utilities
2025-02-17,Uber Ride,304.0,DEBIT,Transport
2025-02-17,INOX,202.0,DEBIT,Entertainment
2025-02-17,Third Wave Coffee,250.0,DEBIT,Coffee Shops
2025-02-17,DMart,977.0,DEBIT,Groceries
2025-02-18,Client Payment,11920.0,CREDIT,Freelancing
2025-02-20,Mumbai Metro,30.0,DEBIT,Transport
2025-03-01,Zomato,1790.0,DEBIT,Restaurants
2025-03-01,Blinkit,1177.0,DEBIT,Groceries
2025-03-01,Office Canteen Coffee,442.0,DEBIT,Coffee Shops
2025-03-01,Zepto,680.0,DEBIT,Groceries
2025-03-01,BookMyShow,284.0,DEBIT,Entertainment
2025-03-01,Ola Cab,377.0,DEBIT,Transport
2025-03-01,Salary Credit,109799.0,CREDIT,Salary
2025-03-01,IKEA India,3268.0,DEBIT,Shopping
2025-03-01,IRCTC Cancellation,420.0,CREDIT,Refund
2025-03-02,Indian Oil,153.0,DEBIT,Transport
2025-03-02,Reliance Fresh,357.0,DEBIT,Groceries
2025-03-02,HP Petrol Pump,97.0,DEBIT,Transport
2025-03-02,Office Canteen Coffee,314.0,DEBIT,Coffee Shops
2025-03-02,Landlord Transfer,22260.0,DEBIT,Rent
2025-03-03,BEST Bus Ticket,70.0,DEBIT,Transport
2025-03-03,BigBasket,362.0,DEBIT,Groceries
2025-03-03,Zara,2710.0,DEBIT,Shopping
2025-03-03,Jio Fiber,1672.0,DEBIT,Utilities
2025-03-03,Zepto,166.0,DEBIT,Groceries
2025-03-03,Third Wave Coffee,284.0,DEBIT,Coffee Shops
2025-03-04,Ajio,3175.0,DEBIT,Shopping
2025-03-04,Dinner out,714.0,DEBIT,Restaurants
2025-03-04,Zepto,1018.0,DEBIT,Groceries
2025-03-04,Dominos,1510.0,DEBIT,Restaurants
2025-03-05,Local Cafe,992.0,DEBIT,Restaurants
2025-03-05,Zepto,904.0,DEBIT,Groceries
2025-03-05,Local Cafe,1737.0,DEBIT,Restaurants
2025-03-05,IRCTC,109.0,DEBIT,Transport
2025-03-05,Zomato,1707.0,DEBIT,Restaurants
2025-03-05,Gold Purchase,5548.0,DEBIT,Investment
2025-03-05,Dinner out,289.0,DEBIT,Restaurants
2025-03-06,McDonalds,1017.0,DEBIT,Restaurants
2025-03-06,Apollo Pharmacy,2108.0,DEBIT,Medical
2025-03-06,Apollo Pharmacy,2221.0,DEBIT,Medical
2025-03-06,Burger King,328.0,DEBIT,Restaurants
2025-03-06,Ola Cab,532.0,DEBIT,Transport
2025-03-06,INOX,872.0,DEBIT,Entertainment
2025-03-07,Ola Cab,331.0,DEBIT,Transport
2025-03-07,Subway,1135.0,DEBIT,Restaurants
2025-03-07,Dinner out,1223.0,DEBIT,Restaurants
2025-03-07,HDFC Auto Loan,5170.0,DEBIT,EMI
2025-03-07,Gym Subscription,101.0,DEBIT,Miscellaneous
2025-03-07,Blue Tokai,174.0,DEBIT,Coffee Shops
2025-03-08,BEST Bus Ticket,382.0,DEBIT,Transport
2025-03-08,Indian Oil,136.0,DEBIT,Transport
2025-03-08,RedBus,4069.0,DEBIT,Travel
2025-03-08,BigBasket,1164.0,DEBIT,Groceries
2025-03-08,BigBasket,389.0,DEBIT,Groceries
2025-03-09,Milk Subscription,98.0,DEBIT,Groceries
2025-03-09,Ajio,1333.0,DEBIT,Shopping
2025-03-09,Jio Fiber,1596.0,DEBIT,Utilities
2025-03-09,Mumbai Metro,30.0,DEBIT,Transport
2025-03-09,Zepto,1012.0,DEBIT,Groceries
2025-03-09,Cafe Coffee Day,389.0,DEBIT,Coffee Shops
2025-03-09,Blinkit,925.0,DEBIT,Groceries
2025-03-10,Mumbai Metro,418.0,DEBIT,Transport
2025-03-10,Reliance Fresh,125.0,DEBIT,Groceries
2025-03-10,Electricity Board,1579.0,DEBIT,Utilities
2025-03-10,BEST Bus Ticket,317.0,DEBIT,Transport
2025-03-10,Amazon,911.0,DEBIT,Shopping
2025-03-10,Auto Rickshaw,141.0,DEBIT,Transport
2025-03-11,Starbucks,318.0,DEBIT,Coffee Shops
2025-03-11,Auto Rickshaw (High Value),21773.0,DEBIT,Transport
2025-03-11,BigBasket,204.0,DEBIT,Groceries
2025-03-11,Ola Cab,381.0,DEBIT,Transport
2025-03-11,Local Cafe,1172.0,DEBIT,Restaurants
2025-03-11,McDonalds,1568.0,DEBIT,Restaurants
2025-03-11,Blinkit,1080.0,DEBIT,Groceries
2025-03-12,Zepto,357.0,DEBIT,Groceries
2025-03-12,Swiggy,784.0,DEBIT,Restaurants
2025-03-12,McDonalds,909.0,DEBIT,Restaurants
2025-03-12,Blinkit,1043.0,DEBIT,Groceries
2025-03-13,Blue Tokai,263.0,DEBIT,Coffee Shops
2025-03-13,Mumbai Metro,195.0,DEBIT,Transport
2025-03-13,Amazon Fresh,488.0,DEBIT,Groceries
2025-03-13,McDonalds,1028.0,DEBIT,Restaurants
2025-03-14,Zepto,276.0,DEBIT,Groceries
2025-03-14,Blue Tokai,298.0,DEBIT,Coffee Shops
2025-03-14,Gym Subscription,408.0,DEBIT,Miscellaneous
2025-03-14,Dinner out,216.0,DEBIT,Restaurants
2025-03-14,Auto Rickshaw,69.0,DEBIT,Transport
2025-03-14,Ola Cab,534.0,DEBIT,Transport
2025-03-14,Mahanagar Gas,1200.0,DEBIT,Utilities
2025-03-15,Auto Rickshaw,573.0,DEBIT,Transport
2025-03-15,Taj Hotel,4960.0,DEBIT,Travel
2025-03-15,Local Grocery,288.0,DEBIT,Groceries
2025-03-15,Reliance Fresh,624.0,DEBIT,Groceries
2025-03-15,Auto Rickshaw,297.0,DEBIT,Transport
2025-03-16,Mumbai Metro,314.0,DEBIT,Transport
2025-03-16,Amazon Fresh,823.0,DEBIT,Groceries
2025-03-16,Local Grocery,879.0,DEBIT,Groceries
2025-03-16,Local Cafe,1111.0,DEBIT,Restaurants
2025-03-16,Zepto,466.0,DEBIT,Groceries
2025-03-17,Ajio,2571.0,DEBIT,Shopping
2025-03-17,Reliance Fresh,798.0,DEBIT,Groceries
2025-03-17,Dinner out,1680.0,DEBIT,Restaurants
2025-03-17,JioCinema,756.0,DEBIT,Entertainment
2025-03-17,DMart,1171.0,DEBIT,Groceries
2025-03-17,Taj Hotel,2256.0,DEBIT,Travel
2025-03-18,Dominos,1252.0,DEBIT,Restaurants
2025-03-18,DMart,265.0,DEBIT,Groceries
2025-03-18,Uber Ride,351.0,DEBIT,Transport
2025-03-18,Zepto,163.0,DEBIT,Groceries
2025-03-18,Zepto,447.0,DEBIT,Groceries
2025-03-18,IRCTC,255.0,DEBIT,Transport
2025-03-19,Uber Ride,97.0,DEBIT,Transport
2025-03-19,Auto Rickshaw,186.0,DEBIT,Transport
2025-03-19,Local Cafe,1747.0,DEBIT,Restaurants
2025-03-19,Local Grocery,469.0,DEBIT,Groceries
2025-03-20,Mahanagar Gas,907.0,DEBIT,Utilities
2025-03-20,Tata 1mg,305.0,DEBIT,Medical
2025-03-31,Myntra Return Refund,667.0,CREDIT,Refund
2025-04-01,Flipkart,1932.0,DEBIT,Shopping
2025-04-01,Blinkit,1098.0,DEBIT,Groceries
2025-04-01,HP Petrol Pump,401.0,DEBIT,Transport
2025-04-01,Starbucks,451.0,DEBIT,Coffee Shops
2025-04-01,Salary Credit,92405.0,CREDIT,Salary
2025-04-01,Zomato Refund,282.0,CREDIT,Refund
2025-04-02,Amazon Fresh,755.0,DEBIT,Groceries
2025-04-02,Myntra,1623.0,DEBIT,Shopping
2025-04-02,Local Clinic Checkup,966.0,DEBIT,Medical
2025-04-02,Auto Rickshaw,68.0,DEBIT,Transport
2025-04-02,Apartment Maintenance,21574.0,DEBIT,Rent
2025-04-03,Amazon Fresh,175.0,DEBIT,Groceries
2025-04-03,PVR Cinemas,258.0,DEBIT,Entertainment
2025-04-03,IRCTC,404.0,DEBIT,Transport
2025-04-03,Ajio,3083.0,DEBIT,Shopping
2025-04-03,BEST Bus Ticket,465.0,DEBIT,Transport
2025-04-03,BEST Bus Ticket (High Value),21633.0,DEBIT,Transport
2025-04-04,Local Grocery,388.0,DEBIT,Groceries
2025-04-04,Auto Rickshaw,376.0,DEBIT,Transport
2025-04-04,BEST Bus Ticket,203.0,DEBIT,Transport
2025-04-04,McDonalds,1084.0,DEBIT,Restaurants
2025-04-04,Decathlon,679.0,DEBIT,Shopping
2025-04-05,Milk Subscription,1045.0,DEBIT,Groceries
2025-04-05,Zepto,1170.0,DEBIT,Groceries
2025-04-05,Swiggy,1032.0,DEBIT,Restaurants
2025-04-05,Subway,1784.0,DEBIT,Restaurants
2025-04-05,Subway,358.0,DEBIT,Restaurants
2025-04-05,Ola Cab,395.0,DEBIT,Transport
2025-04-05,Groww SIP,5877.0,DEBIT,Investment
2025-04-05,BEST Bus Ticket,430.0,DEBIT,Transport
2025-04-06,Burger King,241.0,DEBIT,Restaurants
2025-04-06,Reliance Fresh,1181.0,DEBIT,Groceries
2025-04-06,Zepto,1067.0,DEBIT,Groceries
2025-04-06,Blue Tokai,234.0,DEBIT,Coffee Shops
2025-04-06,HP Petrol Pump,61.0,DEBIT,Transport
2025-04-07,Ola Cab,516.0,DEBIT,Transport
2025-04-07,Decathlon,3358.0,DEBIT,Shopping
2025-04-07,Credit Card Bill,11539.0,DEBIT,EMI
2025-04-07,Laundry,130.0,DEBIT,Miscellaneous
2025-04-07,Auto Rickshaw,531.0,DEBIT,Transport
2025-04-08,Cafe Coffee Day,421.0,DEBIT,Coffee Shops
2025-04-08,Burger King,543.0,DEBIT,Restaurants
2025-04-08,Mumbai Metro,258.0,DEBIT,Transport
2025-04-08,Reliance Digital,2326.0,DEBIT,Shopping
2025-04-08,Laundry,630.0,DEBIT,Miscellaneous
2025-04-09,Starbucks,257.0,DEBIT,Coffee Shops
2025-04-09,HP Petrol Pump,160.0,DEBIT,Transport
2025-04-09,BookMyShow,718.0,DEBIT,Entertainment
2025-04-09,BigBasket,738.0,DEBIT,Groceries
2025-04-09,Burger King,1200.0,DEBIT,Restaurants
2025-04-09,Croma,2506.0,DEBIT,Shopping
2025-04-09,Indian Oil,296.0,DEBIT,Transport
2025-04-10,Ajio,1297.0,DEBIT,Shopping
2025-04-10,Local Grocery,559.0,DEBIT,Groceries
2025-04-10,Luxury Oyo Rooms,22246.0,DEBIT,Travel
2025-04-10,Uber Ride,510.0,DEBIT,Transport
2025-04-10,Decathlon,765.0,DEBIT,Shopping
2025-04-10,HP Petrol Pump,209.0,DEBIT,Transport
2025-04-11,Flipkart,2567.0,DEBIT,Shopping
2025-04-11,IRCTC,403.0,DEBIT,Transport
2025-04-11,Dominos,577.0,DEBIT,Restaurants
2025-04-11,Ola Cab,575.0,DEBIT,Transport
2025-04-11,HP Petrol Pump,144.0,DEBIT,Transport
2025-04-12,Dominos,1664.0,DEBIT,Restaurants
2025-04-12,Burger King,1714.0,DEBIT,Restaurants
2025-04-12,Milk Subscription,563.0,DEBIT,Groceries
2025-04-12,BEST Bus Ticket,394.0,DEBIT,Transport
2025-04-13,Blinkit,394.0,DEBIT,Groceries
2025-04-13,Zara,1744.0,DEBIT,Shopping
2025-04-13,Uber Ride,321.0,DEBIT,Transport
2025-04-13,Netflix Subscription,229.0,DEBIT,Entertainment
2025-04-13,Blue Tokai,428.0,DEBIT,Coffee Shops
2025-04-13,Office Canteen Coffee,414.0,DEBIT,Coffee Shops
2025-04-13,Airtel Postpaid,1102.0,DEBIT,Utilities
2025-04-14,Reliance Fresh,458.0,DEBIT,Groceries
2025-04-14,BEST Bus Ticket,139.0,DEBIT,Transport
2025-04-14,IRCTC,94.0,DEBIT,Transport
2025-04-15,Upwork Transfer,12046.0,CREDIT,Freelancing
2025-04-15,Blinkit,968.0,DEBIT,Groceries
2025-04-15,Myntra,1616.0,DEBIT,Shopping
2025-04-15,Ola Cab,384.0,DEBIT,Transport
2025-04-15,Amazon Fresh,1043.0,DEBIT,Groceries
2025-04-16,Blinkit,270.0,DEBIT,Groceries
2025-04-16,Zepto,814.0,DEBIT,Groceries
2025-04-16,Zomato,492.0,DEBIT,Restaurants
2025-04-16,Dominos,884.0,DEBIT,Restaurants
2025-04-17,HP Petrol Pump,245.0,DEBIT,Transport
2025-04-20,Auto Rickshaw,135.0,DEBIT,Transport
2025-05-01,Milk Subscription,161.0,DEBIT,Groceries
2025-05-01,Local Cafe,644.0,DEBIT,Restaurants
2025-05-01,Amazon,2518.0,DEBIT,Shopping
2025-05-01,Burger King,1386.0,DEBIT,Restaurants
2025-05-01,Monthly Salary,93518.0,CREDIT,Salary
2025-05-01,Subway,615.0,DEBIT,Restaurants
2025-05-02,Landlord Transfer,22280.0,DEBIT,Rent
2025-05-02,Ola Cab,112.0,DEBIT,Transport
2025-05-02,Swiggy,248.0,DEBIT,Restaurants
2025-05-02,Mumbai Metro,492.0,DEBIT,Transport
2025-05-02,Zepto,162.0,DEBIT,Groceries
2025-05-02,Client Payment,13514.0,CREDIT,Freelancing
2025-05-03,Dominos,1158.0,DEBIT,Restaurants
2025-05-03,BigBasket,1114.0,DEBIT,Groceries
2025-05-03,Ola Cab,304.0,DEBIT,Transport
2025-05-03,HP Petrol Pump,481.0,DEBIT,Transport
2025-05-04,McDonalds,1745.0,DEBIT,Restaurants
2025-05-04,Amazon Fresh (High Value),15298.0,DEBIT,Groceries
2025-05-04,Local Grocery,630.0,DEBIT,Groceries
2025-05-04,Mumbai Metro,294.0,DEBIT,Transport
2025-05-04,Subway,1515.0,DEBIT,Restaurants
2025-05-05,Mutual Fund SIP,8416.0,DEBIT,Investment
2025-05-05,Amazon Fresh,982.0,DEBIT,Groceries
2025-05-05,Blinkit,127.0,DEBIT,Groceries
2025-05-05,Steam Game,617.0,DEBIT,Entertainment
2025-05-05,Reliance Fresh,1101.0,DEBIT,Groceries
2025-05-06,BEST Bus Ticket,381.0,DEBIT,Transport
2025-05-06,BigBasket,108.0,DEBIT,Groceries
2025-05-06,Ajio,1870.0,DEBIT,Shopping
2025-05-06,Local Grocery,523.0,DEBIT,Groceries
2025-05-07,BigBasket,803.0,DEBIT,Groceries
2025-05-07,Air India,14875.0,DEBIT,Travel
2025-05-07,HDFC Auto Loan,6672.0,DEBIT,EMI
2025-05-07,Dinner out,903.0,DEBIT,Restaurants
2025-05-07,Myntra,3634.0,DEBIT,Shopping
2025-05-08,Flipkart,744.0,DEBIT,Shopping
2025-05-08,BEST Bus Ticket,596.0,DEBIT,Transport
2025-05-08,Milk Subscription (High Value),16716.0,DEBIT,Groceries
2025-05-08,BEST Bus Ticket,592.0,DEBIT,Transport
2025-05-08,Blinkit,508.0,DEBIT,Groceries
2025-05-08,Luxury Subway,20532.0,DEBIT,Restaurants
2025-05-08,Subway,1157.0,DEBIT,Restaurants
2025-05-09,Swiggy,1491.0,DEBIT,Restaurants
2025-05-09,IRCTC,305.0,DEBIT,Transport
2025-05-09,IRCTC,209.0,DEBIT,Transport
2025-05-09,Cafe Coffee Day,286.0,DEBIT,Coffee Shops
2025-05-09,Office Canteen Coffee,292.0,DEBIT,Coffee Shops
2025-05-09,McDonalds,1522.0,DEBIT,Restaurants
2025-05-10,Ola Cab,368.0,DEBIT,Transport
2025-05-10,Uber Ride,107.0,DEBIT,Transport
2025-05-10,BEST Bus Ticket,313.0,DEBIT,Transport
2025-05-10,Indian Oil,371.0,DEBIT,Transport
2025-05-11,Amazon,3281.0,DEBIT,Shopping
2025-05-11,Zomato,1171.0,DEBIT,Restaurants
2025-05-11,Local Grocery,821.0,DEBIT,Groceries
2025-05-11,BSNL Broadband,1264.0,DEBIT,Utilities
2025-05-13,Indian Oil,117.0,DEBIT,Transport
2025-05-17,IRCTC,57.0,DEBIT,Transport
2025-06-01,Employer Direct Deposit,99057.0,CREDIT,Salary
2025-06-01,INOX,779.0,DEBIT,Entertainment
2025-06-01,IKEA India,3890.0,DEBIT,Shopping
2025-06-01,Reliance Fresh,545.0,DEBIT,Groceries
2025-06-01,Blue Tokai,331.0,DEBIT,Coffee Shops
2025-06-01,Reliance Digital,2570.0,DEBIT,Shopping
2025-06-02,Monthly House Rent,24412.0,DEBIT,Rent
2025-06-02,Zomato,1792.0,DEBIT,Restaurants
2025-06-02,BigBasket,703.0,DEBIT,Groceries
2025-06-02,Uber Ride,260.0,DEBIT,Transport
2025-06-02,BEST Bus Ticket,243.0,DEBIT,Transport
2025-06-02,IRCTC,477.0,DEBIT,Transport
2025-06-02,Zepto,431.0,DEBIT,Groceries
2025-06-02,Auto Rickshaw,406.0,DEBIT,Transport
2025-06-03,Adani Electricity (High Value),19645.0,DEBIT,Utilities
2025-06-03,Reliance Fresh,1096.0,DEBIT,Groceries
2025-06-03,INOX,474.0,DEBIT,Entertainment
2025-06-03,Swiggy,431.0,DEBIT,Restaurants
2025-06-03,BEST Bus Ticket,50.0,DEBIT,Transport
2025-06-03,Dinner out,1502.0,DEBIT,Restaurants
2025-06-03,McDonalds,909.0,DEBIT,Restaurants
2025-06-04,Zomato,656.0,DEBIT,Restaurants
2025-06-04,JioCinema,152.0,DEBIT,Entertainment
2025-06-04,DMart,942.0,DEBIT,Groceries
2025-06-04,IRCTC,98.0,DEBIT,Transport
2025-06-04,IRCTC,154.0,DEBIT,Transport
2025-06-04,Uber Ride,287.0,DEBIT,Transport
2025-06-04,Taj Hotel,7487.0,DEBIT,Travel
2025-06-05,Donation,668.0,DEBIT,Miscellaneous
2025-06-05,Milk Subscription,193.0,DEBIT,Groceries
2025-06-05,Uber Ride,472.0,DEBIT,Transport
2025-06-05,Milk Subscription,1019.0,DEBIT,Groceries
2025-06-05,Local Grocery (High Value),24249.0,DEBIT,Groceries
2025-06-05,Mumbai Metro,535.0,DEBIT,Transport
2025-06-05,Mutual Fund SIP,6487.0,DEBIT,Investment
2025-06-05,Amazon,949.0,DEBIT,Shopping
2025-06-06,Zara,564.0,DEBIT,Shopping
2025-06-06,Milk Subscription,911.0,DEBIT,Groceries
2025-06-06,Reliance Fresh,967.0,DEBIT,Groceries
2025-06-06,Burger King,1000.0,DEBIT,Restaurants
2025-06-06,Indian Oil,489.0,DEBIT,Transport
2025-06-06,Ola Cab,584.0,DEBIT,Transport
2025-06-06,Water Bill,1083.0,DEBIT,Utilities
2025-06-07,Blinkit,632.0,DEBIT,Groceries
2025-06-07,Bajaj Finserv EMI,9757.0,DEBIT,EMI
2025-06-07,Auto Rickshaw,156.0,DEBIT,Transport
2025-06-07,Uber Ride,572.0,DEBIT,Transport
2025-06-07,Mumbai Metro,120.0,DEBIT,Transport
2025-06-08,INOX,359.0,DEBIT,Entertainment
2025-06-08,Amazon Fresh,1121.0,DEBIT,Groceries
2025-06-08,Burger King,1514.0,DEBIT,Restaurants
2025-06-08,DMart,1069.0,DEBIT,Groceries
2025-06-09,Blinkit,474.0,DEBIT,Groceries
2025-06-09,Reliance Fresh,998.0,DEBIT,Groceries
2025-06-09,Indian Oil,445.0,DEBIT,Transport
2025-06-09,HP Petrol Pump,257.0,DEBIT,Transport
2025-06-09,Zepto,372.0,DEBIT,Groceries
2025-06-10,Indian Oil,221.0,DEBIT,Transport
2025-06-10,HP Petrol Pump,359.0,DEBIT,Transport
2025-06-10,Dominos,282.0,DEBIT,Restaurants
2025-06-10,Third Wave Coffee,463.0,DEBIT,Coffee Shops
2025-06-11,Uber Ride,291.0,DEBIT,Transport
2025-06-11,Auto Rickshaw,589.0,DEBIT,Transport
2025-06-11,Office Canteen Coffee,208.0,DEBIT,Coffee Shops
2025-06-11,Burger King,652.0,DEBIT,Restaurants
2025-06-12,Milk Subscription,511.0,DEBIT,Groceries
2025-06-12,IndiGo Airlines,8389.0,DEBIT,Travel
2025-06-12,HP Petrol Pump,284.0,DEBIT,Transport
2025-06-12,Reliance Digital,1430.0,DEBIT,Shopping
2025-06-13,Indian Oil,579.0,DEBIT,Transport
2025-06-13,DMart,364.0,DEBIT,Groceries
2025-06-13,Reliance Fresh,1108.0,DEBIT,Groceries
2025-06-13,Ola Cab,331.0,DEBIT,Transport
2025-06-14,HP Petrol Pump,140.0,DEBIT,Transport
2025-06-21,Indian Oil,56.0,DEBIT,Transport
2025-06-24,Upwork Transfer,10836.0,CREDIT,Freelancing
2025-07-01,Uber Ride,127.0,DEBIT,Transport
2025-07-01,Monthly Paycheck,103138.0,CREDIT,Salary
2025-07-01,Zomato,733.0,DEBIT,Restaurants
2025-07-01,Netflix Subscription,778.0,DEBIT,Entertainment
2025-07-01,Decathlon,2482.0,DEBIT,Shopping
2025-07-01,Zomato,1772.0,DEBIT,Restaurants
2025-07-02,Indian Oil,293.0,DEBIT,Transport
2025-07-02,Airtel Postpaid,724.0,DEBIT,Utilities
2025-07-02,Indian Oil,194.0,DEBIT,Transport
2025-07-02,IndiGo Airlines,4452.0,DEBIT,Travel
2025-07-02,McDonalds,902.0,DEBIT,Restaurants
2025-07-02,Landlord Transfer,24659.0,DEBIT,Rent
2025-07-02,Myntra,3840.0,DEBIT,Shopping
2025-07-03,BSNL Broadband,1241.0,DEBIT,Utilities
2025-07-03,HP Petrol Pump,334.0,DEBIT,Transport
2025-07-03,Decathlon,1216.0,DEBIT,Shopping
2025-07-03,Reliance Fresh,887.0,DEBIT,Groceries
2025-07-03,Air India,3387.0,DEBIT,Travel
2025-07-04,Croma,857.0,DEBIT,Shopping
2025-07-04,Ajio,2732.0,DEBIT,Shopping
2025-07-04,Amazon Fresh,299.0,DEBIT,Groceries
2025-07-04,HP Petrol Pump,435.0,DEBIT,Transport
2025-07-04,Reliance Fresh,464.0,DEBIT,Groceries
2025-07-05,Indian Oil,173.0,DEBIT,Transport
2025-07-05,BEST Bus Ticket,412.0,DEBIT,Transport
2025-07-05,Decathlon,1612.0,DEBIT,Shopping
2025-07-05,Donation,473.0,DEBIT,Miscellaneous
2025-07-05,DMart,353.0,DEBIT,Groceries
2025-07-05,BookMyShow,352.0,DEBIT,Entertainment
2025-07-05,Netflix Subscription,681.0,DEBIT,Entertainment
2025-07-05,PPF Deposit,9754.0,DEBIT,Investment
2025-07-06,Starbucks,418.0,DEBIT,Coffee Shops
2025-07-06,Subway,739.0,DEBIT,Restaurants
2025-07-06,Flipkart,794.0,DEBIT,Shopping
2025-07-06,Reliance Fresh,985.0,DEBIT,Groceries
2025-07-06,Blinkit,123.0,DEBIT,Groceries
2025-07-07,Local Cafe,1420.0,DEBIT,Restaurants
2025-07-07,Zomato,280.0,DEBIT,Restaurants
2025-07-07,Child Care,133.0,DEBIT,Miscellaneous
2025-07-07,Cafe Coffee Day,413.0,DEBIT,Coffee Shops
2025-07-07,Personal Loan EMI,6548.0,DEBIT,EMI
2025-07-08,Myntra,2315.0,DEBIT,Shopping
2025-07-08,Donation,447.0,DEBIT,Miscellaneous
2025-07-08,BigBasket,1007.0,DEBIT,Groceries
2025-07-08,Office Canteen Coffee,394.0,DEBIT,Coffee Shops
2025-07-08,Dominos,324.0,DEBIT,Restaurants
2025-07-08,Third Wave Coffee,465.0,DEBIT,Coffee Shops
2025-07-08,Zepto,387.0,DEBIT,Groceries
2025-07-09,Tata 1mg,205.0,DEBIT,Medical
2025-07-09,Milk Subscription,860.0,DEBIT,Groceries
2025-07-09,IKEA India,755.0,DEBIT,Shopping
2025-07-09,Mumbai Metro,398.0,DEBIT,Transport
2025-07-09,Zepto,712.0,DEBIT,Groceries
2025-07-09,Office Canteen Coffee,390.0,DEBIT,Coffee Shops
2025-07-09,Swiggy,1665.0,DEBIT,Restaurants
2025-07-10,Tata 1mg,1670.0,DEBIT,Medical
2025-07-10,Third Wave Coffee,290.0,DEBIT,Coffee Shops
2025-07-10,Amazon Fresh,388.0,DEBIT,Groceries
2025-07-10,BigBasket,1053.0,DEBIT,Groceries
2025-07-10,McDonalds,1779.0,DEBIT,Restaurants
2025-07-11,Amazon Fresh,229.0,DEBIT,Groceries
2025-07-11,Luxury McDonalds,18380.0,DEBIT,Restaurants
2025-07-11,Laundry,158.0,DEBIT,Miscellaneous
2025-07-11,Milk Subscription,936.0,DEBIT,Groceries
2025-07-11,Blue Tokai,427.0,DEBIT,Coffee Shops
2025-07-11,BigBasket,853.0,DEBIT,Groceries
2025-07-12,Starbucks,444.0,DEBIT,Coffee Shops
2025-07-12,Steam Game,289.0,DEBIT,Entertainment
2025-07-12,Tata 1mg,1216.0,DEBIT,Medical
2025-07-12,NetMeds,1185.0,DEBIT,Medical
2025-07-13,IRCTC,329.0,DEBIT,Transport
2025-07-13,HP Petrol Pump,340.0,DEBIT,Transport
2025-07-13,Ola Cab,102.0,DEBIT,Transport
2025-07-13,BigBasket,1052.0,DEBIT,Groceries
2025-07-13,Reliance Digital,2323.0,DEBIT,Shopping
2025-07-13,Starbucks,418.0,DEBIT,Coffee Shops
2025-07-14,Uber Ride,486.0,DEBIT,Transport
2025-07-14,IRCTC,117.0,DEBIT,Transport
2025-07-14,Third Wave Coffee,198.0,DEBIT,Coffee Shops
2025-07-14,Auto Rickshaw,519.0,DEBIT,Transport
2025-07-15,Local Cafe,1270.0,DEBIT,Restaurants
2025-07-15,Zepto,1006.0,DEBIT,Groceries
2025-07-15,Decathlon,3148.0,DEBIT,Shopping
2025-07-15,Dinner out,366.0,DEBIT,Restaurants
2025-07-15,RedBus,5133.0,DEBIT,Travel
2025-07-16,BigBasket,308.0,DEBIT,Groceries
2025-07-16,Local Cafe,1347.0,DEBIT,Restaurants
2025-07-16,Dominos,1741.0,DEBIT,Restaurants
2025-07-16,BEST Bus Ticket,572.0,DEBIT,Transport
2025-07-17,RedBus,4119.0,DEBIT,Travel
2025-07-17,Local Grocery,180.0,DEBIT,Groceries
2025-07-17,Amazon Fresh,920.0,DEBIT,Groceries
2025-07-17,Blinkit,889.0,DEBIT,Groceries
2025-08-01,Monthly Salary,96016.0,CREDIT,Salary
2025-08-01,Zepto,565.0,DEBIT,Groceries
2025-08-01,BSNL Broadband,1459.0,DEBIT,Utilities
2025-08-01,Electricity Board,1568.0,DEBIT,Utilities
2025-08-01,Uber Ride,394.0,DEBIT,Transport
2025-08-01,Dinner out,1334.0,DEBIT,Restaurants
2025-08-01,Auto Rickshaw,445.0,DEBIT,Transport
2025-08-02,Mahanagar Gas,1111.0,DEBIT,Utilities
2025-08-02,PVR Cinemas,682.0,DEBIT,Entertainment
2025-08-02,Amazon Fresh,226.0,DEBIT,Groceries
2025-08-02,Dominos,1080.0,DEBIT,Restaurants
2025-08-02,Zepto,557.0,DEBIT,Groceries
2025-08-02,Monthly House Rent,20955.0,DEBIT,Rent
2025-08-02,Ajio,1184.0,DEBIT,Shopping
2025-08-03,Local Grocery,420.0,DEBIT,Groceries
2025-08-03,Ola Cab,294.0,DEBIT,Transport
2025-08-03,Dominos,546.0,DEBIT,Restaurants
2025-08-03,McDonalds,789.0,DEBIT,Restaurants
2025-08-03,Blinkit,1166.0,DEBIT,Groceries
2025-08-04,Local Grocery,830.0,DEBIT,Groceries
2025-08-04,Croma,3066.0,DEBIT,Shopping
2025-08-04,Amazon Fresh,580.0,DEBIT,Groceries
2025-08-04,Luxury Decathlon,17137.0,DEBIT,Shopping
2025-08-04,Swiggy,1051.0,DEBIT,Restaurants
2025-08-04,Laundry,924.0,DEBIT,Miscellaneous
2025-08-04,Mumbai Metro,71.0,DEBIT,Transport
2025-08-05,Croma,745.0,DEBIT,Shopping
2025-08-05,IKEA India,699.0,DEBIT,Shopping
2025-08-05,Zepto,1012.0,DEBIT,Groceries
2025-08-05,Cafe Coffee Day,173.0,DEBIT,Coffee Shops
2025-08-05,Milk Subscription,583.0,DEBIT,Groceries
2025-08-05,Reliance Digital,1923.0,DEBIT,Shopping
2025-08-05,Luxury Zomato,16752.0,DEBIT,Restaurants
2025-08-05,PPF Deposit,9134.0,DEBIT,Investment
2025-08-06,Decathlon,2838.0,DEBIT,Shopping
2025-08-06,Croma,1215.0,DEBIT,Shopping
2025-08-06,Uber Ride,398.0,DEBIT,Transport
2025-08-06,Cafe Coffee Day,160.0,DEBIT,Coffee Shops
2025-08-06,Luxury Local Cafe,29483.0,DEBIT,Restaurants
2025-08-07,Bajaj Finserv EMI,9643.0,DEBIT,EMI
2025-08-07,IKEA India,3256.0,DEBIT,Shopping
2025-08-07,Reliance Digital,927.0,DEBIT,Shopping
2025-08-07,Starbucks,301.0,DEBIT,Coffee Shops
2025-08-07,Blue Tokai,343.0,DEBIT,Coffee Shops
2025-08-07,Adani Electricity,1431.0,DEBIT,Utilities
2025-08-07,Dinner out,1248.0,DEBIT,Restaurants
2025-08-08,HP Petrol Pump,67.0,DEBIT,Transport
2025-08-08,Mumbai Metro,589.0,DEBIT,Transport
2025-08-08,Local Cafe,1087.0,DEBIT,Restaurants
2025-08-09,Indian Oil,82.0,DEBIT,Transport
2025-08-09,IRCTC,214.0,DEBIT,Transport
2025-08-09,IRCTC,374.0,DEBIT,Transport
2025-08-09,Indian Oil,463.0,DEBIT,Transport
2025-08-10,Myntra,1119.0,DEBIT,Shopping
2025-08-10,Blinkit,116.0,DEBIT,Groceries
2025-08-10,HP Petrol Pump,151.0,DEBIT,Transport
2025-08-14,Upwork Transfer,10973.0,CREDIT,Freelancing
2025-09-01,Salary Credit,109549.0,CREDIT,Salary
2025-09-01,Blue Tokai,176.0,DEBIT,Coffee Shops
2025-09-01,Office Canteen Coffee,479.0,DEBIT,Coffee Shops
2025-09-01,Decathlon,3486.0,DEBIT,Shopping
2025-09-01,Mumbai Metro,489.0,DEBIT,Transport
2025-09-02,Indian Oil,146.0,DEBIT,Transport
2025-09-02,Swiggy,1720.0,DEBIT,Restaurants
2025-09-02,BSNL Broadband,1276.0,DEBIT,Utilities
2025-09-02,Local Cafe,630.0,DEBIT,Restaurants
2025-09-02,Apartment Maintenance,22401.0,DEBIT,Rent
2025-09-03,Luxury Ajio,25555.0,DEBIT,Shopping
2025-09-03,Mahanagar Gas,500.0,DEBIT,Utilities
2025-09-03,Dinner out,541.0,DEBIT,Restaurants
2025-09-03,Zepto,309.0,DEBIT,Groceries
2025-09-03,Decathlon,3294.0,DEBIT,Shopping
2025-09-03,Mahanagar Gas (High Value),23202.0,DEBIT,Utilities
2025-09-04,Flipkart,1657.0,DEBIT,Shopping
2025-09-04,BigBasket,340.0,DEBIT,Groceries
2025-09-04,Milk Subscription,93.0,DEBIT,Groceries
2025-09-04,BigBasket,845.0,DEBIT,Groceries
2025-09-04,Zepto,518.0,DEBIT,Groceries
2025-09-04,Ola Cab,169.0,DEBIT,Transport
2025-09-05,Reliance Fresh,914.0,DEBIT,Groceries
2025-09-05,IKEA India,1709.0,DEBIT,Shopping
2025-09-05,Cafe Coffee Day,428.0,DEBIT,Coffee Shops
2025-09-05,Mutual Fund SIP,6421.0,DEBIT,Investment
2025-09-05,Ajio,1020.0,DEBIT,Shopping
2025-09-05,Zomato,345.0,DEBIT,Restaurants
2025-09-06,Cafe Coffee Day,382.0,DEBIT,Coffee Shops
2025-09-06,Burger King,490.0,DEBIT,Restaurants
2025-09-06,Myntra,1960.0,DEBIT,Shopping
2025-09-06,Blinkit,980.0,DEBIT,Groceries
2025-09-06,Zara,2599.0,DEBIT,Shopping
2025-09-06,BEST Bus Ticket,593.0,DEBIT,Transport
2025-09-07,Mumbai Metro,527.0,DEBIT,Transport
2025-09-07,Reliance Fresh,117.0,DEBIT,Groceries
2025-09-07,Ola Cab,44.0,DEBIT,Transport
2025-09-07,Burger King,1780.0,DEBIT,Restaurants
2025-09-07,Auto Rickshaw,362.0,DEBIT,Transport
2025-09-07,Zepto,159.0,DEBIT,Groceries
2025-09-07,Personal Loan EMI,9733.0,DEBIT,EMI
2025-09-07,Water Bill,1469.0,DEBIT,Utilities
2025-09-08,Child Care,666.0,DEBIT,Miscellaneous
2025-09-08,BigBasket,265.0,DEBIT,Groceries
2025-09-08,Uber Ride,100.0,DEBIT,Transport
2025-09-08,BEST Bus Ticket,113.0,DEBIT,Transport
2025-09-08,IKEA India,735.0,DEBIT,Shopping
2025-09-09,Zepto,326.0,DEBIT,Groceries
2025-09-09,Mahanagar Gas,1346.0,DEBIT,Utilities
2025-09-09,Local Clinic Checkup,651.0,DEBIT,Medical
2025-09-09,BigBasket,1040.0,DEBIT,Groceries
2025-09-09,McDonalds,841.0,DEBIT,Restaurants
2025-09-09,DMart,232.0,DEBIT,Groceries
2025-09-10,Amazon,1112.0,DEBIT,Shopping
2025-09-10,HP Petrol Pump,131.0,DEBIT,Transport
2025-09-10,Mumbai Metro,378.0,DEBIT,Transport
2025-09-10,MakeMyTrip,2922.0,DEBIT,Travel
2025-09-10,DMart,1130.0,DEBIT,Groceries
2025-09-10,Flipkart,3301.0,DEBIT,Shopping
2025-09-11,RedBus,3025.0,DEBIT,Travel
2025-09-11,Ola Cab,225.0,DEBIT,Transport
2025-09-11,Third Wave Coffee,209.0,DEBIT,Coffee Shops
2025-09-11,Swiggy,535.0,DEBIT,Restaurants
2025-09-11,Third Wave Coffee,465.0,DEBIT,Coffee Shops
2025-09-12,Mumbai Metro,121.0,DEBIT,Transport
2025-09-12,Mumbai Metro,204.0,DEBIT,Transport
2025-09-12,Laundry,972.0,DEBIT,Miscellaneous
2025-09-12,Zepto,947.0,DEBIT,Groceries
2025-09-12,Amazon Fresh,1061.0,DEBIT,Groceries
2025-09-13,Zomato,581.0,DEBIT,Restaurants
2025-09-13,Blinkit,1064.0,DEBIT,Groceries
2025-09-13,Blinkit,410.0,DEBIT,Groceries
2025-09-14,IRCTC Cancellation,219.0,CREDIT,Refund
2025-09-19,Zomato Refund,1213.0,CREDIT,Refund
2025-10-01,Monthly Salary,90163.0,CREDIT,Salary
2025-10-01,Amazon Fresh,1197.0,DEBIT,Groceries
2025-10-01,Milk Subscription,997.0,DEBIT,Groceries
2025-10-01,Uber Ride,459.0,DEBIT,Transport
2025-10-01,Local Grocery,1080.0,DEBIT,Groceries
2025-10-02,Reliance Digital,7075.0,DEBIT,Shopping
2025-10-02,BSNL Broadband,952.0,DEBIT,Utilities
2025-10-02,Starbucks,304.0,DEBIT,Coffee Shops
2025-10-02,Electricity Board,477.0,DEBIT,Utilities
2025-10-02,HP Petrol Pump,34.0,DEBIT,Transport
2025-10-02,Monthly House Rent,23753.0,DEBIT,Rent
2025-10-03,Blinkit,388.0,DEBIT,Groceries
2025-10-03,Starbucks,270.0,DEBIT,Coffee Shops
2025-10-03,Starbucks,397.0,DEBIT,Coffee Shops
2025-10-03,Amazon,3519.0,DEBIT,Shopping
2025-10-04,Mumbai Metro,132.0,DEBIT,Transport
2025-10-04,Zomato,538.0,DEBIT,Restaurants
2025-10-04,McDonalds,1745.0,DEBIT,Restaurants
2025-10-04,BEST Bus Ticket,514.0,DEBIT,Transport
2025-10-04,Local Grocery,983.0,DEBIT,Groceries
2025-10-04,Starbucks,281.0,DEBIT,Coffee Shops
2025-10-04,DMart,779.0,DEBIT,Groceries
2025-10-05,Starbucks,346.0,DEBIT,Coffee Shops
2025-10-05,Croma,4704.0,DEBIT,Shopping
2025-10-05,Office Canteen Coffee,500.0,DEBIT,Coffee Shops
2025-10-05,Gold Purchase,6038.0,DEBIT,Investment
2025-10-05,Amazon Fresh,600.0,DEBIT,Groceries
2025-10-06,McDonalds,1503.0,DEBIT,Restaurants
2025-10-06,Adani Electricity,1509.0,DEBIT,Utilities
2025-10-06,Indian Oil,562.0,DEBIT,Transport
2025-10-06,Starbucks,336.0,DEBIT,Coffee Shops
2025-10-06,Reliance Fresh,859.0,DEBIT,Groceries
2025-10-06,Mumbai Metro,509.0,DEBIT,Transport
2025-10-07,NetMeds,2422.0,DEBIT,Medical
2025-10-07,Ola Cab,205.0,DEBIT,Transport
2025-10-07,Credit Card Bill,10612.0,DEBIT,EMI
2025-10-07,Myntra,1945.0,DEBIT,Shopping
2025-10-07,Beauty Salon,741.0,DEBIT,Miscellaneous
2025-10-08,Indian Oil,61.0,DEBIT,Transport
2025-10-08,Mumbai Metro,538.0,DEBIT,Transport
2025-10-08,Local Clinic Checkup,1498.0,DEBIT,Medical
2025-10-08,Reliance Fresh,534.0,DEBIT,Groceries
2025-10-08,Oyo Rooms,3451.0,DEBIT,Travel
2025-10-08,Milk Subscription,859.0,DEBIT,Groceries
2025-10-08,Blue Tokai,462.0,DEBIT,Coffee Shops
2025-10-09,Local Grocery,674.0,DEBIT,Groceries
2025-10-09,Zepto,881.0,DEBIT,Groceries
2025-10-09,Subway,1791.0,DEBIT,Restaurants
2025-10-09,Ola Cab,270.0,DEBIT,Transport
2025-10-10,Burger King,494.0,DEBIT,Restaurants
2025-10-10,RedBus,4309.0,DEBIT,Travel
2025-10-10,Mumbai Metro,406.0,DEBIT,Transport
2025-10-10,McDonalds,544.0,DEBIT,Restaurants
2025-10-10,Milk Subscription,366.0,DEBIT,Groceries
2025-10-11,Reliance Fresh,152.0,DEBIT,Groceries
2025-10-11,Amazon Fresh,183.0,DEBIT,Groceries
2025-10-11,Auto Rickshaw,479.0,DEBIT,Transport
2025-10-11,IndiGo Airlines,3672.0,DEBIT,Travel
2025-10-12,BigBasket,332.0,DEBIT,Groceries
2025-10-12,Milk Subscription,307.0,DEBIT,Groceries
2025-10-12,Burger King,960.0,DEBIT,Restaurants
2025-10-12,HP Petrol Pump,414.0,DEBIT,Transport
2025-10-12,Milk Subscription,280.0,DEBIT,Groceries
2025-10-12,BEST Bus Ticket,153.0,DEBIT,Transport
2025-10-12,DMart,838.0,DEBIT,Groceries
2025-10-13,IndiGo Airlines,2918.0,DEBIT,Travel
2025-10-13,Burger King,1711.0,DEBIT,Restaurants
2025-10-13,Auto Rickshaw,164.0,DEBIT,Transport
2025-10-13,Dinner out,1205.0,DEBIT,Restaurants
2025-10-13,IRCTC,299.0,DEBIT,Transport
2025-10-14,Swiggy,865.0,DEBIT,Restaurants
2025-10-14,DMart,1172.0,DEBIT,Groceries
2025-10-14,Ola Cab,292.0,DEBIT,Transport
2025-10-14,Dinner out,1714.0,DEBIT,Restaurants
2025-10-14,Dominos,574.0,DEBIT,Restaurants
2025-10-15,Amazon Fresh,918.0,DEBIT,Groceries
2025-10-15,Zomato,819.0,DEBIT,Restaurants
2025-10-15,Gym Subscription,552.0,DEBIT,Miscellaneous
2025-10-15,Croma,5692.0,DEBIT,Shopping
2025-10-16,MakeMyTrip,3282.0,DEBIT,Travel
2025-10-16,Mumbai Metro,80.0,DEBIT,Transport
2025-10-16,Reliance Digital,6392.0,DEBIT,Shopping
2025-10-16,DMart,573.0,DEBIT,Groceries
2025-10-16,Gift,650.0,DEBIT,Miscellaneous
2025-10-17,HP Petrol Pump,167.0,DEBIT,Transport
2025-10-17,BigBasket,210.0,DEBIT,Groceries
2025-10-17,Office Canteen Coffee,201.0,DEBIT,Coffee Shops
2025-10-17,Indian Oil,560.0,DEBIT,Transport
2025-10-17,DMart,836.0,DEBIT,Groceries
2025-10-17,Mumbai Metro,56.0,DEBIT,Transport
2025-10-17,Dinner out,1177.0,DEBIT,Restaurants
2025-10-18,Mumbai Metro,566.0,DEBIT,Transport
2025-10-18,BigBasket,197.0,DEBIT,Groceries
2025-10-18,Swiggy,647.0,DEBIT,Restaurants
2025-10-18,Local Grocery,853.0,DEBIT,Groceries
2025-10-18,Zepto,311.0,DEBIT,Groceries
2025-10-18,BigBasket,947.0,DEBIT,Groceries
2025-10-19,Ola Cab,237.0,DEBIT,Transport
2025-10-19,Blinkit,334.0,DEBIT,Groceries
2025-10-19,DMart,277.0,DEBIT,Groceries
2025-10-20,Water Bill,640.0,DEBIT,Utilities
2025-10-20,Ola Cab,51.0,DEBIT,Transport
2025-10-20,Health Insurance Premium,944.0,DEBIT,Medical
2025-10-20,Burger King,896.0,DEBIT,Restaurants
2025-10-20,Starbucks,472.0,DEBIT,Coffee Shops
2025-10-21,Reliance Fresh,153.0,DEBIT,Groceries
2025-10-23,Starbucks,182.0,DEBIT,Coffee Shops
2025-11-01,Reliance Fresh,281.0,DEBIT,Groceries
2025-11-01,Subway,289.0,DEBIT,Restaurants
2025-11-01,Blinkit,284.0,DEBIT,Groceries
2025-11-01,Monthly Paycheck,97088.0,CREDIT,Salary
2025-11-01,Zepto,1130.0,DEBIT,Groceries
2025-11-01,BEST Bus Ticket,349.0,DEBIT,Transport
2025-11-02,Uber Ride,80.0,DEBIT,Transport
2025-11-02,Reliance Digital,6808.0,DEBIT,Shopping
2025-11-02,BigBasket,1083.0,DEBIT,Groceries
2025-11-02,Local Grocery,1119.0,DEBIT,Groceries
2025-11-02,Luxury Dominos,26674.0,DEBIT,Restaurants
2025-11-02,Netflix Subscription,812.0,DEBIT,Entertainment
2025-11-02,Zomato,254.0,DEBIT,Restaurants
2025-11-02,Landlord Transfer,24028.0,DEBIT,Rent
2025-11-03,Myntra,6744.0,DEBIT,Shopping
2025-11-03,Zepto,919.0,DEBIT,Groceries
2025-11-03,Blue Tokai,360.0,DEBIT,Coffee Shops
2025-11-03,Mumbai Metro (High Value),15600.0,DEBIT,Transport
2025-11-03,Subway,703.0,DEBIT,Restaurants
2025-11-03,Mumbai Metro,127.0,DEBIT,Transport
2025-11-03,Mumbai Metro,268.0,DEBIT,Transport
2025-11-04,Croma,4186.0,DEBIT,Shopping
2025-11-04,BEST Bus Ticket,223.0,DEBIT,Transport
2025-11-04,Mumbai Metro,580.0,DEBIT,Transport
2025-11-04,INOX,855.0,DEBIT,Entertainment
2025-11-05,Subway,1525.0,DEBIT,Restaurants
2025-11-05,INOX,620.0,DEBIT,Entertainment
2025-11-05,Ajio,6372.0,DEBIT,Shopping
2025-11-05,BookMyShow,539.0,DEBIT,Entertainment
2025-11-05,Swiggy,807.0,DEBIT,Restaurants
2025-11-05,PPF Deposit,5823.0,DEBIT,Investment
2025-11-05,Starbucks,160.0,DEBIT,Coffee Shops
2025-11-06,Donation,874.0,DEBIT,Miscellaneous
2025-11-06,HP Petrol Pump,445.0,DEBIT,Transport
2025-11-06,JioCinema,754.0,DEBIT,Entertainment
2025-11-06,Indian Oil,143.0,DEBIT,Transport
2025-11-07,Blinkit,644.0,DEBIT,Groceries
2025-11-07,HDFC Auto Loan,7444.0,DEBIT,EMI
2025-11-07,Local Grocery,607.0,DEBIT,Groceries
2025-11-07,IRCTC,359.0,DEBIT,Transport
2025-11-07,Blinkit,174.0,DEBIT,Groceries
2025-11-07,Steam Game,597.0,DEBIT,Entertainment
2025-11-07,Cafe Coffee Day,461.0,DEBIT,Coffee Shops
2025-11-08,Uber Ride,463.0,DEBIT,Transport
2025-11-08,Ola Cab,45.0,DEBIT,Transport
2025-11-08,Ola Cab,469.0,DEBIT,Transport
2025-11-08,Subway,748.0,DEBIT,Restaurants
2025-11-09,Blue Tokai,242.0,DEBIT,Coffee Shops
2025-11-09,Zepto,955.0,DEBIT,Groceries
2025-11-09,Milk Subscription,358.0,DEBIT,Groceries
2025-11-09,Indian Oil,598.0,DEBIT,Transport
2025-11-10,DMart,663.0,DEBIT,Groceries
2025-11-10,RedBus,2752.0,DEBIT,Travel
2025-11-10,Uber Ride,414.0,DEBIT,Transport
2025-11-10,BEST Bus Ticket,119.0,DEBIT,Transport
2025-11-11,Airtel Postpaid,1451.0,DEBIT,Utilities
2025-11-11,Auto Rickshaw,284.0,DEBIT,Transport
2025-11-11,Zomato,1637.0,DEBIT,Restaurants
2025-11-11,Myntra,4483.0,DEBIT,Shopping
2025-11-12,Indian Oil,419.0,DEBIT,Transport
2025-11-12,BEST Bus Ticket,69.0,DEBIT,Transport
2025-11-12,Local Grocery,729.0,DEBIT,Groceries
2025-11-12,Reliance Fresh,731.0,DEBIT,Groceries
2025-11-13,Zepto,1106.0,DEBIT,Groceries
2025-11-13,BEST Bus Ticket,403.0,DEBIT,Transport
2025-11-13,Dinner out,1386.0,DEBIT,Restaurants
2025-11-13,DMart,916.0,DEBIT,Groceries
2025-11-13,Indian Oil,428.0,DEBIT,Transport
2025-11-14,Zepto,581.0,DEBIT,Groceries
2025-11-14,Auto Rickshaw,167.0,DEBIT,Transport
2025-11-14,Gym Subscription,262.0,DEBIT,Miscellaneous
2025-12-01,DMart,525.0,DEBIT,Groceries
2025-12-01,Spotify Premium,295.0,DEBIT,Entertainment
2025-12-01,Dinner out,964.0,DEBIT,Restaurants
2025-12-01,DMart,395.0,DEBIT,Groceries
2025-12-01,Monthly Paycheck,108658.0,CREDIT,Salary
2025-12-01,Burger King,328.0,DEBIT,Restaurants
2025-12-02,Spotify Premium (High Value),19842.0,DEBIT,Entertainment
2025-12-02,Blinkit,786.0,DEBIT,Groceries
2025-12-02,Steam Game,201.0,DEBIT,Entertainment
2025-12-02,Dominos,621.0,DEBIT,Restaurants
2025-12-02,Monthly House Rent,24835.0,DEBIT,Rent
2025-12-03,Ola Cab,60.0,DEBIT,Transport
2025-12-03,Office Canteen Coffee,213.0,DEBIT,Coffee Shops
2025-12-03,BEST Bus Ticket,235.0,DEBIT,Transport
2025-12-03,BigBasket,148.0,DEBIT,Groceries
2025-12-03,Indian Oil,431.0,DEBIT,Transport
2025-12-04,Local Cafe,214.0,DEBIT,Restaurants
2025-12-04,Reliance Digital,3351.0,DEBIT,Shopping
2025-12-04,Local Cafe,1361.0,DEBIT,Restaurants
2025-12-04,BigBasket,460.0,DEBIT,Groceries
2025-12-04,HP Petrol Pump,100.0,DEBIT,Transport
2025-12-04,Ola Cab,458.0,DEBIT,Transport
2025-12-04,BigBasket,329.0,DEBIT,Groceries
2025-12-04,Amazon Pay Reward,106.0,CREDIT,Cashback
2025-12-05,Auto Rickshaw,579.0,DEBIT,Transport
2025-12-05,IRCTC,191.0,DEBIT,Transport
2025-12-05,Starbucks,359.0,DEBIT,Coffee Shops
2025-12-05,Adani Electricity,772.0,DEBIT,Utilities
2025-12-05,Zerodha Funds,8981.0,DEBIT,Investment
2025-12-05,Tata 1mg,1769.0,DEBIT,Medical
2025-12-06,Milk Subscription,315.0,DEBIT,Groceries
2025-12-06,Electricity Board,568.0,DEBIT,Utilities
2025-12-06,Steam Game,688.0,DEBIT,Entertainment
2025-12-06,Mumbai Metro,108.0,DEBIT,Transport
2025-12-06,Third Wave Coffee,450.0,DEBIT,Coffee Shops
2025-12-06,Blue Tokai,469.0,DEBIT,Coffee Shops
2025-12-07,Amazon Fresh,1038.0,DEBIT,Groceries
2025-12-07,Zara,5230.0,DEBIT,Shopping
2025-12-07,Milk Subscription,451.0,DEBIT,Groceries
2025-12-07,Personal Loan EMI,9274.0,DEBIT,EMI
2025-12-07,Subway,1791.0,DEBIT,Restaurants
2025-12-07,Ajio,7221.0,DEBIT,Shopping
2025-12-07,Uber Ride,541.0,DEBIT,Transport
2025-12-08,BEST Bus Ticket,159.0,DEBIT,Transport
2025-12-08,Ola Cab,464.0,DEBIT,Transport
2025-12-08,IRCTC,424.0,DEBIT,Transport
2025-12-08,Zomato,393.0,DEBIT,Restaurants
2025-12-08,Zomato Refund,1399.0,CREDIT,Refund
2025-12-09,Milk Subscription,981.0,DEBIT,Groceries
2025-12-09,Burger King,714.0,DEBIT,Restaurants
2025-12-09,DMart,788.0,DEBIT,Groceries
2025-12-09,Reliance Fresh,855.0,DEBIT,Groceries
2025-12-09,BEST Bus Ticket,46.0,DEBIT,Transport
2025-12-09,Air India,8275.0,DEBIT,Travel
2025-12-10,Electricity Board,452.0,DEBIT,Utilities
2025-12-10,Swiggy,1685.0,DEBIT,Restaurants
2025-12-10,Flipkart,3577.0,DEBIT,Shopping
2025-12-10,Amazon Fresh,891.0,DEBIT,Groceries
2025-12-10,BigBasket,563.0,DEBIT,Groceries
2025-12-11,Local Cafe,950.0,DEBIT,Restaurants
2025-12-11,NetMeds,626.0,DEBIT,Medical
2025-12-11,Swiggy,1061.0,DEBIT,Restaurants
2025-12-11,Local Cafe,1593.0,DEBIT,Restaurants
2025-12-12,Zepto,853.0,DEBIT,Groceries
2025-12-12,Auto Rickshaw,358.0,DEBIT,Transport
2025-12-12,Myntra,6726.0,DEBIT,Shopping
2025-12-12,Zara,1738.0,DEBIT,Shopping
2025-12-12,Ola Cab,138.0,DEBIT,Transport
2025-12-12,McDonalds,915.0,DEBIT,Restaurants
2025-12-13,Uber Ride,202.0,DEBIT,Transport
2025-12-13,Ajio,3592.0,DEBIT,Shopping
2025-12-13,IRCTC,521.0,DEBIT,Transport
2025-12-13,Cafe Coffee Day,221.0,DEBIT,Coffee Shops
2025-12-13,McDonalds,1518.0,DEBIT,Restaurants
2025-12-13,Mumbai Metro,406.0,DEBIT,Transport
2025-12-14,Blinkit,723.0,DEBIT,Groceries
2025-12-14,Zara,4636.0,DEBIT,Shopping
2025-12-14,Indian Oil,304.0,DEBIT,Transport
2025-12-14,HP Petrol Pump,337.0,DEBIT,Transport
2025-12-15,Starbucks,189.0,DEBIT,Coffee Shops
2025-12-20,BigBasket,137.0,DEBIT,Groceries
2025-12-26,IRCTC,37.0,DEBIT,Transport
2026-01-01,Third Wave Coffee,245.0,DEBIT,Coffee Shops
2026-01-01,IRCTC,340.0,DEBIT,Transport
2026-01-01,HP Petrol Pump,536.0,DEBIT,Transport
2026-01-01,Blue Tokai,419.0,DEBIT,Coffee Shops
2026-01-01,Indian Oil,68.0,DEBIT,Transport
2026-01-01,BigBasket,940.0,DEBIT,Groceries
2026-01-01,Monthly Salary,101011.0,CREDIT,Salary
2026-01-02,Decathlon,1153.0,DEBIT,Shopping
2026-01-02,Third Wave Coffee,320.0,DEBIT,Coffee Shops
2026-01-02,Indian Oil,427.0,DEBIT,Transport
2026-01-02,Blinkit,773.0,DEBIT,Groceries
2026-01-02,Indian Oil,110.0,DEBIT,Transport
2026-01-02,Apartment Maintenance,24394.0,DEBIT,Rent
2026-01-02,Mumbai Metro,574.0,DEBIT,Transport
2026-01-03,Auto Rickshaw,472.0,DEBIT,Transport
2026-01-03,Burger King,254.0,DEBIT,Restaurants
2026-01-03,Local Grocery,382.0,DEBIT,Groceries
2026-01-03,Auto Rickshaw,541.0,DEBIT,Transport
2026-01-03,McDonalds,1696.0,DEBIT,Restaurants
2026-01-03,Starbucks,358.0,DEBIT,Coffee Shops
2026-01-04,Ajio,1609.0,DEBIT,Shopping
2026-01-04,Dominos,1746.0,DEBIT,Restaurants
2026-01-04,Swiggy,1003.0,DEBIT,Restaurants
2026-01-04,Zepto,181.0,DEBIT,Groceries
2026-01-04,Burger King,871.0,DEBIT,Restaurants
2026-01-04,Reliance Digital,2436.0,DEBIT,Shopping
2026-01-05,Mutual Fund SIP,5292.0,DEBIT,Investment
2026-01-05,Netflix Subscription,644.0,DEBIT,Entertainment
2026-01-05,Dinner out,1379.0,DEBIT,Restaurants
2026-01-05,Mumbai Metro,42.0,DEBIT,Transport
2026-01-05,BEST Bus Ticket (High Value),17328.0,DEBIT,Transport
2026-01-05,DMart,680.0,DEBIT,Groceries
2026-01-05,Local Grocery,279.0,DEBIT,Groceries
2026-01-06,Zomato,660.0,DEBIT,Restaurants
2026-01-06,BEST Bus Ticket,575.0,DEBIT,Transport
2026-01-06,HP Petrol Pump,233.0,DEBIT,Transport
2026-01-06,Ajio,2555.0,DEBIT,Shopping
2026-01-07,Mumbai Metro,366.0,DEBIT,Transport
2026-01-07,Indian Oil,98.0,DEBIT,Transport
2026-01-07,Laundry,770.0,DEBIT,Miscellaneous
2026-01-07,Zepto,155.0,DEBIT,Groceries
2026-01-07,Swiggy,1700.0,DEBIT,Restaurants
2026-01-07,Tata 1mg,1555.0,DEBIT,Medical
2026-01-07,Personal Loan EMI,8782.0,DEBIT,EMI
2026-01-08,Netflix Subscription,828.0,DEBIT,Entertainment
2026-01-08,Office Canteen Coffee,156.0,DEBIT,Coffee Shops
2026-01-08,Milk Subscription (High Value),22877.0,DEBIT,Groceries
2026-01-08,BigBasket,768.0,DEBIT,Groceries
2026-01-08,HP Petrol Pump,85.0,DEBIT,Transport
2026-01-08,Indian Oil,124.0,DEBIT,Transport
2026-01-09,Starbucks,465.0,DEBIT,Coffee Shops
2026-01-09,Auto Rickshaw,446.0,DEBIT,Transport
2026-01-09,IRCTC,131.0,DEBIT,Transport
2026-01-09,Amazon,3318.0,DEBIT,Shopping
2026-01-09,Milk Subscription,160.0,DEBIT,Groceries
2026-01-09,Uber Ride,424.0,DEBIT,Transport
2026-01-09,Blinkit,244.0,DEBIT,Groceries
2026-01-10,Amazon Fresh,395.0,DEBIT,Groceries
2026-01-10,Swiggy,1389.0,DEBIT,Restaurants
2026-01-10,Local Grocery,203.0,DEBIT,Groceries
2026-01-10,Luxury Croma,19777.0,DEBIT,Shopping
2026-01-10,Blue Tokai,429.0,DEBIT,Coffee Shops
2026-01-10,Subway,614.0,DEBIT,Restaurants
2026-01-10,Blue Tokai,321.0,DEBIT,Coffee Shops
2026-01-11,Blinkit,323.0,DEBIT,Groceries
2026-01-11,Milk Subscription,557.0,DEBIT,Groceries
2026-01-11,Dominos,895.0,DEBIT,Restaurants
2026-01-11,Reliance Fresh,1019.0,DEBIT,Groceries
2026-01-11,Burger King,1745.0,DEBIT,Restaurants
2026-01-12,Office Canteen Coffee,220.0,DEBIT,Coffee Shops
2026-01-12,Netflix Subscription,600.0,DEBIT,Entertainment
2026-01-12,Auto Rickshaw,157.0,DEBIT,Transport
2026-01-12,Mumbai Metro,96.0,DEBIT,Transport
2026-01-12,Steam Game,309.0,DEBIT,Entertainment
2026-01-12,Blinkit,973.0,DEBIT,Groceries
2026-02-01,IRCTC (High Value),28294.0,DEBIT,Transport
2026-02-01,Auto Rickshaw,592.0,DEBIT,Transport
2026-02-01,MakeMyTrip,5471.0,DEBIT,Travel
2026-02-01,Milk Subscription,398.0,DEBIT,Groceries
2026-02-01,BEST Bus Ticket,123.0,DEBIT,Transport
2026-02-01,Monthly Salary,93915.0,CREDIT,Salary
2026-02-02,Apartment Maintenance,22891.0,DEBIT,Rent
2026-02-02,Milk Subscription,1085.0,DEBIT,Groceries
2026-02-02,Dinner out,733.0,DEBIT,Restaurants
2026-02-02,JioCinema,244.0,DEBIT,Entertainment
2026-02-02,Milk Subscription,345.0,DEBIT,Groceries
2026-02-02,Mumbai Metro,527.0,DEBIT,Transport
2026-02-02,Decathlon,2113.0,DEBIT,Shopping
2026-02-02,Subway,1676.0,DEBIT,Restaurants
2026-02-03,Indian Oil,471.0,DEBIT,Transport
2026-02-03,BigBasket,644.0,DEBIT,Groceries
2026-02-03,BEST Bus Ticket,190.0,DEBIT,Transport
2026-02-03,BEST Bus Ticket,388.0,DEBIT,Transport
2026-02-03,BigBasket,682.0,DEBIT,Groceries
2026-02-03,Uber Ride,575.0,DEBIT,Transport
2026-02-03,BEST Bus Ticket,515.0,DEBIT,Transport
2026-02-04,Swiggy,1665.0,DEBIT,Restaurants
2026-02-04,Indian Oil,255.0,DEBIT,Transport
2026-02-04,Blue Tokai,414.0,DEBIT,Coffee Shops
2026-02-04,BigBasket,1113.0,DEBIT,Groceries
2026-02-05,Zomato,260.0,DEBIT,Restaurants
2026-02-05,Starbucks,349.0,DEBIT,Coffee Shops
2026-02-05,BEST Bus Ticket,488.0,DEBIT,Transport
2026-02-05,Blinkit,589.0,DEBIT,Groceries
2026-02-05,Mutual Fund SIP,5301.0,DEBIT,Investment
2026-02-05,Decathlon,2240.0,DEBIT,Shopping
2026-02-06,PhonePe Scratch Card,139.0,CREDIT,Cashback
2026-02-06,Reliance Fresh,569.0,DEBIT,Groceries
2026-02-06,Uber Ride,199.0,DEBIT,Transport
2026-02-06,Zara,3935.0,DEBIT,Shopping
2026-02-06,Zomato,1071.0,DEBIT,Restaurants
2026-02-07,HDFC Auto Loan,10634.0,DEBIT,EMI
2026-02-07,Uber Ride,350.0,DEBIT,Transport
2026-02-07,Amazon Fresh,718.0,DEBIT,Groceries
2026-02-07,Zepto,389.0,DEBIT,Groceries
2026-02-07,Swiggy,841.0,DEBIT,Restaurants
2026-02-08,Local Grocery,1043.0,DEBIT,Groceries
2026-02-08,DMart,204.0,DEBIT,Groceries
2026-02-08,Subway,926.0,DEBIT,Restaurants
2026-02-08,IRCTC,279.0,DEBIT,Transport
2026-02-08,IRCTC,452.0,DEBIT,Transport
2026-02-08,Decathlon,3202.0,DEBIT,Shopping
2026-02-08,Office Canteen Coffee,365.0,DEBIT,Coffee Shops
2026-02-09,Uber Ride,63.0,DEBIT,Transport
2026-02-09,Amazon Fresh,264.0,DEBIT,Groceries
2026-02-09,HP Petrol Pump,112.0,DEBIT,Transport
2026-02-09,Blinkit,845.0,DEBIT,Groceries
2026-02-09,Mumbai Metro (High Value),23192.0,DEBIT,Transport
2026-02-09,Ola Cab,83.0,DEBIT,Transport
2026-02-09,Electricity Board,1947.0,DEBIT,Utilities
2026-02-10,Mumbai Metro,542.0,DEBIT,Transport
2026-02-10,Indian Oil,317.0,DEBIT,Transport
2026-02-10,BEST Bus Ticket,370.0,DEBIT,Transport
2026-02-10,Ola Cab,366.0,DEBIT,Transport
2026-02-10,Uber Ride,585.0,DEBIT,Transport
2026-02-11,Beauty Salon,602.0,DEBIT,Miscellaneous
2026-02-11,Mumbai Metro,150.0,DEBIT,Transport
2026-02-11,Zepto,959.0,DEBIT,Groceries
2026-02-11,Milk Subscription,351.0,DEBIT,Groceries
2026-02-11,Zara,1419.0,DEBIT,Shopping
2026-02-12,Swiggy,1044.0,DEBIT,Restaurants
2026-02-12,Zepto,1038.0,DEBIT,Groceries
2026-02-12,IKEA India,2101.0,DEBIT,Shopping
2026-02-13,Milk Subscription,175.0,DEBIT,Groceries
2026-02-13,Local Cafe,209.0,DEBIT,Restaurants
2026-02-13,Mahanagar Gas,1594.0,DEBIT,Utilities
2026-02-13,Uber Ride,208.0,DEBIT,Transport
2026-02-13,Mahanagar Gas,474.0,DEBIT,Utilities
2026-02-14,Uber Ride,72.0,DEBIT,Transport
2026-02-15,GPay Cashback,45.0,CREDIT,Cashback
2026-02-21,IRCTC,39.0,DEBIT,Transport
2026-02-21,Freelance Gig,5539.0,CREDIT,Freelancing
2026-02-23,Mumbai Metro,70.0,DEBIT,Transport
2026-03-01,Monthly Paycheck,98655.0,CREDIT,Salary
2026-03-01,Air India,4740.0,DEBIT,Travel
2026-03-01,Local Cafe,490.0,DEBIT,Restaurants
2026-03-01,Donation,266.0,DEBIT,Miscellaneous
2026-03-01,IRCTC,330.0,DEBIT,Transport
2026-03-01,Local Grocery,868.0,DEBIT,Groceries
2026-03-01,IRCTC,567.0,DEBIT,Transport
2026-03-01,Steam Game,322.0,DEBIT,Entertainment
2026-03-02,Blue Tokai,469.0,DEBIT,Coffee Shops
2026-03-02,Local Cafe,1502.0,DEBIT,Restaurants
2026-03-02,IRCTC,166.0,DEBIT,Transport
2026-03-02,Starbucks,265.0,DEBIT,Coffee Shops
2026-03-02,Fiverr Payout,8981.0,CREDIT,Freelancing
2026-03-02,Landlord Transfer,21371.0,DEBIT,Rent
2026-03-02,Airtel Postpaid,1326.0,DEBIT,Utilities
2026-03-03,McDonalds,691.0,DEBIT,Restaurants
2026-03-03,Dominos,405.0,DEBIT,Restaurants
2026-03-03,IRCTC (High Value),28464.0,DEBIT,Transport
2026-03-03,Uber Ride,473.0,DEBIT,Transport
2026-03-03,BEST Bus Ticket,256.0,DEBIT,Transport
2026-03-03,BEST Bus Ticket,39.0,DEBIT,Transport
2026-03-03,Dominos,252.0,DEBIT,Restaurants
2026-03-04,RedBus,3460.0,DEBIT,Travel
2026-03-04,Mumbai Metro,417.0,DEBIT,Transport
2026-03-04,Local Grocery,580.0,DEBIT,Groceries
2026-03-04,Blinkit,722.0,DEBIT,Groceries
2026-03-04,Blinkit,235.0,DEBIT,Groceries
2026-03-04,DMart,613.0,DEBIT,Groceries
2026-03-04,Milk Subscription,923.0,DEBIT,Groceries
2026-03-05,Local Clinic Checkup,479.0,DEBIT,Medical
2026-03-05,Subway,260.0,DEBIT,Restaurants
2026-03-05,McDonalds,390.0,DEBIT,Restaurants
2026-03-05,Reliance Digital,2342.0,DEBIT,Shopping
2026-03-05,Local Grocery (High Value),19140.0,DEBIT,Groceries
2026-03-05,Blinkit,778.0,DEBIT,Groceries
2026-03-05,BigBasket,710.0,DEBIT,Groceries
2026-03-05,PPF Deposit,6098.0,DEBIT,Investment
2026-03-06,Local Cafe,316.0,DEBIT,Restaurants
2026-03-06,Amazon Fresh,1132.0,DEBIT,Groceries
2026-03-06,Spotify Premium,583.0,DEBIT,Entertainment
2026-03-06,Flipkart,1187.0,DEBIT,Shopping
2026-03-07,Dinner out,1421.0,DEBIT,Restaurants
2026-03-07,RedBus,2836.0,DEBIT,Travel
2026-03-07,Third Wave Coffee,316.0,DEBIT,Coffee Shops
2026-03-07,Milk Subscription,487.0,DEBIT,Groceries
2026-03-07,Bajaj Finserv EMI,8403.0,DEBIT,EMI
2026-03-07,Blue Tokai,286.0,DEBIT,Coffee Shops
2026-03-08,McDonalds,1423.0,DEBIT,Restaurants
2026-03-08,Oyo Rooms,5533.0,DEBIT,Travel
2026-03-08,Spotify Premium,724.0,DEBIT,Entertainment
2026-03-08,Blinkit,283.0,DEBIT,Groceries
2026-03-08,BEST Bus Ticket,498.0,DEBIT,Transport
2026-03-08,Child Care,808.0,DEBIT,Miscellaneous
2026-03-09,Flipkart,3464.0,DEBIT,Shopping
2026-03-09,Zara,3039.0,DEBIT,Shopping
2026-03-09,Zomato,1151.0,DEBIT,Restaurants
2026-03-09,Indian Oil,567.0,DEBIT,Transport
2026-03-09,HP Petrol Pump,380.0,DEBIT,Transport
2026-03-09,Decathlon,3805.0,DEBIT,Shopping
2026-03-09,Ola Cab,206.0,DEBIT,Transport
2026-03-10,Blue Tokai,298.0,DEBIT,Coffee Shops
2026-03-10,Beauty Salon,333.0,DEBIT,Miscellaneous
2026-03-10,BookMyShow,451.0,DEBIT,Entertainment
2026-03-10,Blue Tokai,266.0,DEBIT,Coffee Shops
2026-03-10,Zomato,1223.0,DEBIT,Restaurants
2026-03-10,Local Grocery,891.0,DEBIT,Groceries
2026-03-11,Third Wave Coffee,382.0,DEBIT,Coffee Shops
2026-03-11,Blue Tokai,473.0,DEBIT,Coffee Shops
2026-03-11,Cafe Coffee Day,217.0,DEBIT,Coffee Shops
2026-03-11,DMart,91.0,DEBIT,Groceries
2026-03-11,Third Wave Coffee,488.0,DEBIT,Coffee Shops
2026-03-12,Reliance Fresh,367.0,DEBIT,Groceries
2026-03-15,Third Wave Coffee,238.0,DEBIT,Coffee Shops
2026-03-26,Fiverr Payout,11872.0,CREDIT,Freelancing
2026-04-01,Employer Direct Deposit,90323.0,CREDIT,Salary
2026-04-01,Electricity Board,1096.0,DEBIT,Utilities
2026-04-01,Uber Ride,396.0,DEBIT,Transport
2026-04-01,Myntra,3194.0,DEBIT,Shopping
2026-04-01,Cafe Coffee Day,236.0,DEBIT,Coffee Shops
2026-04-02,Monthly House Rent,22214.0,DEBIT,Rent
2026-04-02,Zepto,273.0,DEBIT,Groceries
2026-04-02,Luxury Reliance Digital,17950.0,DEBIT,Shopping
2026-04-02,Milk Subscription,962.0,DEBIT,Groceries
2026-04-02,Cafe Coffee Day,220.0,DEBIT,Coffee Shops
2026-04-02,Ajio,2460.0,DEBIT,Shopping
2026-04-03,Third Wave Coffee,256.0,DEBIT,Coffee Shops
2026-04-03,BEST Bus Ticket,67.0,DEBIT,Transport
2026-04-03,Zomato,736.0,DEBIT,Restaurants
2026-04-03,Milk Subscription,281.0,DEBIT,Groceries
2026-04-03,Blue Tokai,178.0,DEBIT,Coffee Shops
2026-04-03,Auto Rickshaw,285.0,DEBIT,Transport
2026-04-04,Fiverr Payout,14449.0,CREDIT,Freelancing
2026-04-04,Laundry,839.0,DEBIT,Miscellaneous
2026-04-04,Amazon Fresh,657.0,DEBIT,Groceries
2026-04-04,Starbucks,229.0,DEBIT,Coffee Shops
2026-04-04,Spotify Premium,533.0,DEBIT,Entertainment
2026-04-04,Auto Rickshaw,392.0,DEBIT,Transport
2026-04-04,Luxury Swiggy,27341.0,DEBIT,Restaurants
2026-04-04,Mahanagar Gas,630.0,DEBIT,Utilities
2026-04-05,Gold Purchase,6671.0,DEBIT,Investment
2026-04-05,Airtel Postpaid,608.0,DEBIT,Utilities
2026-04-05,Ola Cab,564.0,DEBIT,Transport
2026-04-05,Pet Care,702.0,DEBIT,Miscellaneous
2026-04-05,Uber Ride,557.0,DEBIT,Transport
2026-04-05,Uber Ride,198.0,DEBIT,Transport
2026-04-05,Ola Cab,236.0,DEBIT,Transport
2026-04-05,Local Grocery,967.0,DEBIT,Groceries
2026-04-06,Health Insurance Premium,709.0,DEBIT,Medical
2026-04-06,Subway,1144.0,DEBIT,Restaurants
2026-04-06,Health Insurance Premium,376.0,DEBIT,Medical
2026-04-06,Zepto,157.0,DEBIT,Groceries
2026-04-06,Uber Ride,434.0,DEBIT,Transport
2026-04-07,HDFC Auto Loan,5669.0,DEBIT,EMI
2026-04-07,Third Wave Coffee,419.0,DEBIT,Coffee Shops
2026-04-07,Gift,836.0,DEBIT,Miscellaneous
2026-04-07,Office Canteen Coffee (High Value),28159.0,DEBIT,Coffee Shops
2026-04-07,Reliance Fresh,567.0,DEBIT,Groceries
2026-04-07,Swiggy,236.0,DEBIT,Restaurants
2026-04-07,PVR Cinemas,355.0,DEBIT,Entertainment
2026-04-07,Starbucks,467.0,DEBIT,Coffee Shops
2026-04-08,HP Petrol Pump,305.0,DEBIT,Transport
2026-04-08,Uber Ride,522.0,DEBIT,Transport
2026-04-08,Third Wave Coffee,159.0,DEBIT,Coffee Shops
2026-04-08,BigBasket,955.0,DEBIT,Groceries
2026-04-09,Reliance Fresh,458.0,DEBIT,Groceries
2026-04-09,Jio Fiber,719.0,DEBIT,Utilities
2026-04-09,BigBasket,399.0,DEBIT,Groceries
2026-04-09,Zepto,291.0,DEBIT,Groceries
2026-04-09,Amazon Fresh,136.0,DEBIT,Groceries
2026-04-10,Blue Tokai,368.0,DEBIT,Coffee Shops
2026-04-10,Netflix Subscription,864.0,DEBIT,Entertainment
2026-04-10,Dinner out,348.0,DEBIT,Restaurants
2026-04-10,Auto Rickshaw,381.0,DEBIT,Transport
2026-04-10,HP Petrol Pump,136.0,DEBIT,Transport
2026-04-11,Cafe Coffee Day,473.0,DEBIT,Coffee Shops
2026-04-11,Office Canteen Coffee,247.0,DEBIT,Coffee Shops
2026-04-11,Spotify Premium,645.0,DEBIT,Entertainment
2026-04-11,Ola Cab,586.0,DEBIT,Transport
2026-04-11,BigBasket,203.0,DEBIT,Groceries
2026-04-11,HP Petrol Pump,248.0,DEBIT,Transport
2026-04-12,Third Wave Coffee,156.0,DEBIT,Coffee Shops
2026-04-12,Ola Cab,512.0,DEBIT,Transport
2026-04-12,Zomato,546.0,DEBIT,Restaurants
2026-04-12,DMart,430.0,DEBIT,Groceries
2026-04-12,Pet Care,743.0,DEBIT,Miscellaneous
2026-04-13,Water Bill,671.0,DEBIT,Utilities
2026-04-13,Local Grocery,322.0,DEBIT,Groceries
2026-04-13,Dinner out,884.0,DEBIT,Restaurants
2026-04-13,Starbucks,468.0,DEBIT,Coffee Shops
2026-04-14,BEST Bus Ticket,316.0,DEBIT,Transport
2026-04-16,Amazon Pay Reward,155.0,CREDIT,Cashback
2026-05-01,Monthly Paycheck,107178.0,CREDIT,Salary
2026-05-01,Reliance Fresh,525.0,DEBIT,Groceries
2026-05-01,JioCinema,153.0,DEBIT,Entertainment
2026-05-01,Office Canteen Coffee,380.0,DEBIT,Coffee Shops
2026-05-01,Taj Hotel,8099.0,DEBIT,Travel
2026-05-01,BigBasket,467.0,DEBIT,Groceries
2026-05-02,Cafe Coffee Day,407.0,DEBIT,Coffee Shops
2026-05-02,Dinner out,1029.0,DEBIT,Restaurants
2026-05-02,BigBasket,408.0,DEBIT,Groceries
2026-05-02,DMart,423.0,DEBIT,Groceries
2026-05-02,Office Canteen Coffee,289.0,DEBIT,Coffee Shops
2026-05-02,Dinner out,868.0,DEBIT,Restaurants
2026-05-02,Apartment Maintenance,23480.0,DEBIT,Rent
2026-05-02,Beauty Salon,107.0,DEBIT,Miscellaneous
2026-05-03,Amazon Fresh,167.0,DEBIT,Groceries
2026-05-03,Ola Cab,75.0,DEBIT,Transport
2026-05-03,Flipkart,741.0,DEBIT,Shopping
2026-05-03,Electricity Board,1509.0,DEBIT,Utilities
2026-05-03,Blinkit,905.0,DEBIT,Groceries
2026-05-04,DMart,787.0,DEBIT,Groceries
2026-05-04,Blinkit,693.0,DEBIT,Groceries
2026-05-04,Cafe Coffee Day,201.0,DEBIT,Coffee Shops
2026-05-04,Auto Rickshaw,63.0,DEBIT,Transport
2026-05-05,PPF Deposit,8950.0,DEBIT,Investment
2026-05-05,BSNL Broadband,643.0,DEBIT,Utilities
2026-05-05,Blue Tokai,482.0,DEBIT,Coffee Shops
2026-05-05,IRCTC,330.0,DEBIT,Transport
2026-05-05,Ola Cab,31.0,DEBIT,Transport
2026-05-05,BookMyShow,527.0,DEBIT,Entertainment
2026-05-05,Dominos,1591.0,DEBIT,Restaurants
2026-05-06,Local Cafe,1153.0,DEBIT,Restaurants
2026-05-06,Cafe Coffee Day,169.0,DEBIT,Coffee Shops
2026-05-06,Cafe Coffee Day,243.0,DEBIT,Coffee Shops
2026-05-06,Cafe Coffee Day,286.0,DEBIT,Coffee Shops
2026-05-06,Subway,1088.0,DEBIT,Restaurants
2026-05-07,HDFC Auto Loan,11702.0,DEBIT,EMI
2026-05-07,Amazon Fresh,177.0,DEBIT,Groceries
2026-05-07,Office Canteen Coffee,286.0,DEBIT,Coffee Shops
2026-05-07,Swiggy,425.0,DEBIT,Restaurants
2026-05-07,Dominos,1761.0,DEBIT,Restaurants
2026-05-07,Local Grocery,208.0,DEBIT,Groceries
2026-05-07,Swiggy,1592.0,DEBIT,Restaurants
2026-05-07,Amazon,3819.0,DEBIT,Shopping
2026-05-08,Zepto,148.0,DEBIT,Groceries
2026-05-08,Zepto,1059.0,DEBIT,Groceries
2026-05-08,Apollo Pharmacy,560.0,DEBIT,Medical
2026-05-08,Ola Cab (High Value),29633.0,DEBIT,Transport
2026-05-08,Local Cafe,299.0,DEBIT,Restaurants
2026-05-08,HP Petrol Pump,195.0,DEBIT,Transport
2026-05-08,Indian Oil,401.0,DEBIT,Transport
2026-05-09,Indian Oil,515.0,DEBIT,Transport
2026-05-09,BSNL Broadband (High Value),27431.0,DEBIT,Utilities
2026-05-09,Indian Oil,493.0,DEBIT,Transport
2026-05-09,Third Wave Coffee,330.0,DEBIT,Coffee Shops
2026-05-09,BigBasket,817.0,DEBIT,Groceries
2026-05-09,Dinner out,1508.0,DEBIT,Restaurants
2026-05-10,Amazon,3442.0,DEBIT,Shopping
2026-05-10,Local Cafe,913.0,DEBIT,Restaurants
2026-06-01,BSNL Broadband,1995.0,DEBIT,Utilities
2026-06-01,Flipkart,1464.0,DEBIT,Shopping
2026-06-01,Luxury Local Cafe,19701.0,DEBIT,Restaurants
2026-06-01,Zara,3689.0,DEBIT,Shopping
2026-06-01,Local Grocery,326.0,DEBIT,Groceries
2026-06-01,Mumbai Metro,136.0,DEBIT,Transport
2026-06-01,Monthly Salary,107556.0,CREDIT,Salary
2026-06-01,Local Clinic Checkup,1363.0,DEBIT,Medical
2026-06-02,Indian Oil,224.0,DEBIT,Transport
2026-06-02,Ola Cab,497.0,DEBIT,Transport
2026-06-02,Dinner out,1617.0,DEBIT,Restaurants
2026-06-02,Airtel Postpaid,1063.0,DEBIT,Utilities
2026-06-02,IRCTC,394.0,DEBIT,Transport
2026-06-02,Apartment Maintenance,21961.0,DEBIT,Rent
2026-06-03,Local Grocery,816.0,DEBIT,Groceries
2026-06-03,IRCTC,492.0,DEBIT,Transport
2026-06-03,Indian Oil,372.0,DEBIT,Transport
2026-06-03,Reliance Fresh,1120.0,DEBIT,Groceries
2026-06-04,Reliance Digital,3088.0,DEBIT,Shopping
2026-06-04,Auto Rickshaw (High Value),21517.0,DEBIT,Transport
2026-06-04,Mumbai Metro,483.0,DEBIT,Transport
2026-06-04,Gift,264.0,DEBIT,Miscellaneous
2026-06-04,Dominos,599.0,DEBIT,Restaurants
2026-06-04,Zomato,871.0,DEBIT,Restaurants
2026-06-05,Decathlon,1870.0,DEBIT,Shopping
2026-06-05,Burger King,1787.0,DEBIT,Restaurants
2026-06-05,BEST Bus Ticket,418.0,DEBIT,Transport
2026-06-05,Amazon Fresh,909.0,DEBIT,Groceries
2026-06-05,Subway,1129.0,DEBIT,Restaurants
2026-06-05,PPF Deposit,8522.0,DEBIT,Investment
2026-06-05,Indian Oil,281.0,DEBIT,Transport
2026-06-06,IKEA India,1735.0,DEBIT,Shopping
2026-06-06,Zara,1513.0,DEBIT,Shopping
2026-06-06,Health Insurance Premium,385.0,DEBIT,Medical
2026-06-06,Croma,1587.0,DEBIT,Shopping
2026-06-06,Air India,10375.0,DEBIT,Travel
2026-06-06,Blue Tokai,429.0,DEBIT,Coffee Shops
2026-06-06,Starbucks,331.0,DEBIT,Coffee Shops
2026-06-07,Reliance Fresh,667.0,DEBIT,Groceries
2026-06-07,Dominos,1398.0,DEBIT,Restaurants
2026-06-07,Cafe Coffee Day,312.0,DEBIT,Coffee Shops
2026-06-07,Bajaj Finserv EMI,9404.0,DEBIT,EMI
2026-06-07,Dinner out,1753.0,DEBIT,Restaurants
2026-06-07,Air India,6742.0,DEBIT,Travel
2026-06-07,Cafe Coffee Day,416.0,DEBIT,Coffee Shops
2026-06-07,McDonalds,622.0,DEBIT,Restaurants
2026-06-08,Auto Rickshaw,288.0,DEBIT,Transport
2026-06-08,Third Wave Coffee,453.0,DEBIT,Coffee Shops
2026-06-08,Subway,564.0,DEBIT,Restaurants
2026-06-08,Blinkit,283.0,DEBIT,Groceries
2026-06-09,HP Petrol Pump,245.0,DEBIT,Transport
2026-06-09,Indian Oil,566.0,DEBIT,Transport
2026-06-09,Indian Oil,272.0,DEBIT,Transport
2026-06-09,BigBasket,957.0,DEBIT,Groceries
2026-06-09,Fiverr Payout,13821.0,CREDIT,Freelancing
2026-06-10,Ola Cab,101.0,DEBIT,Transport
2026-06-10,Reliance Fresh,427.0,DEBIT,Groceries
2026-06-10,Amazon Fresh,439.0,DEBIT,Groceries
2026-06-10,Zara,2140.0,DEBIT,Shopping
2026-06-10,Zepto,182.0,DEBIT,Groceries
2026-06-11,BEST Bus Ticket,229.0,DEBIT,Transport
2026-06-11,Local Cafe,1039.0,DEBIT,Restaurants
2026-06-11,HP Petrol Pump,151.0,DEBIT,Transport
2026-06-17,Client Payment,7849.0,CREDIT,Freelancing
2026-07-01,Employer Direct Deposit,109997.0,CREDIT,Salary
2026-07-01,Croma,3075.0,DEBIT,Shopping
2026-07-01,Swiggy,1460.0,DEBIT,Restaurants
2026-07-01,BookMyShow,868.0,DEBIT,Entertainment
2026-07-01,Office Canteen Coffee,196.0,DEBIT,Coffee Shops
2026-07-01,RedBus,5633.0,DEBIT,Travel
2026-07-01,Indian Oil (High Value),21970.0,DEBIT,Transport
2026-07-02,Blue Tokai,471.0,DEBIT,Coffee Shops
2026-07-02,BigBasket,982.0,DEBIT,Groceries
2026-07-02,JioCinema,294.0,DEBIT,Entertainment
2026-07-02,Landlord Transfer,22291.0,DEBIT,Rent
2026-07-02,Croma,2853.0,DEBIT,Shopping
2026-07-02,DMart,918.0,DEBIT,Groceries
2026-07-02,DMart,464.0,DEBIT,Groceries
2026-07-03,IRCTC,539.0,DEBIT,Transport
2026-07-03,DMart,247.0,DEBIT,Groceries
2026-07-03,Ola Cab,338.0,DEBIT,Transport
2026-07-03,Electricity Board (High Value),28734.0,DEBIT,Utilities
2026-07-04,HP Petrol Pump,314.0,DEBIT,Transport
2026-07-04,Mumbai Metro,239.0,DEBIT,Transport
2026-07-04,Amazon,1686.0,DEBIT,Shopping
2026-07-04,Donation,907.0,DEBIT,Miscellaneous
2026-07-05,Gold Purchase,5820.0,DEBIT,Investment
2026-07-05,BigBasket,1080.0,DEBIT,Groceries
2026-07-05,Electricity Board,1614.0,DEBIT,Utilities
2026-07-05,Reliance Fresh,923.0,DEBIT,Groceries
2026-07-05,Blinkit,1048.0,DEBIT,Groceries
2026-07-05,Mahanagar Gas,1442.0,DEBIT,Utilities
2026-07-05,Auto Rickshaw,409.0,DEBIT,Transport
2026-07-05,Indian Oil,412.0,DEBIT,Transport
2026-07-06,Flipkart,917.0,DEBIT,Shopping
2026-07-06,Blue Tokai,280.0,DEBIT,Coffee Shops
2026-07-06,Water Bill,732.0,DEBIT,Utilities
2026-07-06,BookMyShow,434.0,DEBIT,Entertainment
2026-07-07,IndiGo Airlines,2450.0,DEBIT,Travel
2026-07-07,Adani Electricity,945.0,DEBIT,Utilities
2026-07-07,Uber Ride (High Value),15158.0,DEBIT,Transport
2026-07-07,INOX,286.0,DEBIT,Entertainment
2026-07-07,BigBasket,1067.0,DEBIT,Groceries
2026-07-07,DMart,1032.0,DEBIT,Groceries
2026-07-07,Personal Loan EMI,6506.0,DEBIT,EMI
2026-07-08,Myntra,841.0,DEBIT,Shopping
2026-07-08,IRCTC,128.0,DEBIT,Transport
2026-07-08,Dominos,935.0,DEBIT,Restaurants
2026-07-08,JioCinema,177.0,DEBIT,Entertainment
2026-07-08,HP Petrol Pump,328.0,DEBIT,Transport
2026-07-09,Third Wave Coffee,492.0,DEBIT,Coffee Shops
2026-07-09,Burger King,1566.0,DEBIT,Restaurants
2026-07-09,Adani Electricity,570.0,DEBIT,Utilities
2026-07-09,DMart,839.0,DEBIT,Groceries
2026-07-09,Mumbai Metro,572.0,DEBIT,Transport
2026-07-10,HP Petrol Pump,121.0,DEBIT,Transport
2026-07-10,Starbucks,189.0,DEBIT,Coffee Shops
2026-07-10,Zomato,387.0,DEBIT,Restaurants
2026-07-10,Ola Cab,163.0,DEBIT,Transport
2026-07-11,Auto Rickshaw,527.0,DEBIT,Transport
2026-07-12,IRCTC,126.0,DEBIT,Transport
2026-07-26,Amazon Refund,748.0,CREDIT,Refund
2026-07-31,Client Payment,14158.0,CREDIT,Freelancing
2026-08-01,Indian Oil,348.0,DEBIT,Transport
2026-08-01,Dinner out,597.0,DEBIT,Restaurants
2026-08-01,Starbucks,407.0,DEBIT,Coffee Shops
2026-08-01,Burger King,1635.0,DEBIT,Restaurants
2026-08-01,Oyo Rooms,3987.0,DEBIT,Travel
2026-08-01,Employer Direct Deposit,92492.0,CREDIT,Salary
2026-08-01,Mumbai Metro,278.0,DEBIT,Transport
2026-08-02,Apartment Maintenance,21020.0,DEBIT,Rent
2026-08-02,Luxury Decathlon,26644.0,DEBIT,Shopping
2026-08-02,Zepto (High Value),20643.0,DEBIT,Groceries
2026-08-02,Local Grocery,394.0,DEBIT,Groceries
2026-08-02,Auto Rickshaw,309.0,DEBIT,Transport
2026-08-02,BEST Bus Ticket,55.0,DEBIT,Transport
2026-08-03,Zara,1414.0,DEBIT,Shopping
2026-08-03,Zomato,1266.0,DEBIT,Restaurants
2026-08-03,Indian Oil,582.0,DEBIT,Transport
2026-08-03,DMart,568.0,DEBIT,Groceries
2026-08-03,Amazon Fresh,266.0,DEBIT,Groceries
2026-08-03,Reliance Fresh,1143.0,DEBIT,Groceries
2026-08-03,Burger King,211.0,DEBIT,Restaurants
2026-08-04,Dominos,851.0,DEBIT,Restaurants
2026-08-04,Decathlon,2001.0,DEBIT,Shopping
2026-08-04,Swiggy,904.0,DEBIT,Restaurants
2026-08-04,BEST Bus Ticket,216.0,DEBIT,Transport
2026-08-04,BEST Bus Ticket,129.0,DEBIT,Transport
2026-08-05,DMart,227.0,DEBIT,Groceries
2026-08-05,Groww SIP,9880.0,DEBIT,Investment
2026-08-05,Uber Ride,171.0,DEBIT,Transport
2026-08-05,BigBasket,225.0,DEBIT,Groceries
2026-08-05,BigBasket,346.0,DEBIT,Groceries
2026-08-06,McDonalds,1258.0,DEBIT,Restaurants
2026-08-06,Cafe Coffee Day,279.0,DEBIT,Coffee Shops
2026-08-06,Reliance Digital,3849.0,DEBIT,Shopping
2026-08-06,Starbucks,486.0,DEBIT,Coffee Shops
2026-08-06,Subway,1767.0,DEBIT,Restaurants
2026-08-07,Bajaj Finserv EMI,10605.0,DEBIT,EMI
